customer_id,survey_datetime,produto_codigo,qtd_acessos_app_30d,qtd_reclamacoes_90d,tempo_resolucao_horas,suitability_pendente,id_cliente_num,produto_limpo_x,id_pesquisa,id_cliente,data_resposta,trimestre_ref,segmento_declarado,produto,canal,tempo_relacionamento,nota_satisfacao,comentario,codigo_cliente,data,produto_investimento,nota,motivo_contato,canal_atendimento,status_resolucao,observacao,produto_limpo_y
1.0,2025-07-27 00:00:00,PRD_CDB,6.0,0.0,26.1,0.0,1,CDB,FD00078,C00001,2025-07-30,2025T3,Alta Renda,Tesouro Direto,Assessoria,5+ anos,10,Informacoes estavam faceis de encontrar,1.0,01/08/2025,TESOURO DIRETO,10,resgate,Chat,Resolvido,Boa experiencia no aplicativo,Tesouro Direto
1.0,2025-07-27 00:00:00,PRD_CDB,6.0,0.0,26.1,0.0,1,CDB,FD00133,C00001,2025-07-23,2025T3,Alta Renda,CDB,App,0-6 meses,10,Assessoria ajudou na decisao,1.0,01/08/2025,TESOURO DIRETO,10,resgate,Chat,Resolvido,Boa experiencia no aplicativo,Tesouro Direto
1.0,2025-08-08 00:00:00,PRD_TES,4.0,0.0,20.3,0.0,1,Tesouro Direto,FD00078,C00001,2025-07-30,2025T3,Alta Renda,Tesouro Direto,Assessoria,5+ anos,10,Informacoes estavam faceis de encontrar,1.0,01/08/2025,TESOURO DIRETO,10,resgate,Chat,Resolvido,Boa experiencia no aplicativo,Tesouro Direto
1.0,2025-08-08 00:00:00,PRD_TES,4.0,0.0,20.3,0.0,1,Tesouro Direto,FD00133,C00001,2025-07-23,2025T3,Alta Renda,CDB,App,0-6 meses,10,Assessoria ajudou na decisao,1.0,01/08/2025,TESOURO DIRETO,10,resgate,Chat,Resolvido,Boa experiencia no aplicativo,Tesouro Direto
1.0,2025-07-27 00:00:00,PRD_CDB,6.0,0.0,26.1,0.0,1,CDB,FD00078,C00001,2025-07-30,2025T3,Alta Renda,Tesouro Direto,Assessoria,5+ anos,10,Informacoes estavam faceis de encontrar,1.0,01/08/2025,TESOURO DIRETO,10,resgate,Chat,Resolvido,Boa experiencia no aplicativo,Tesouro Direto
1.0,2025-07-27 00:00:00,PRD_CDB,6.0,0.0,26.1,0.0,1,CDB,FD00133,C00001,2025-07-23,2025T3,Alta Renda,CDB,App,0-6 meses,10,Assessoria ajudou na decisao,1.0,01/08/2025,TESOURO DIRETO,10,resgate,Chat,Resolvido,Boa experiencia no aplicativo,Tesouro Direto
2.0,2026-01-04 00:00:00,PRD_TES,1.0,0.0,15.6,0.0,2,Tesouro Direto,FD00429,C00002,2025-12-30,2025T4,Novo Investidor,Tesouro Direto,Assessoria,6-24 meses,8,"Atendimento resolveu, mas demorou",,,,,,,,,
4.0,2025-10-25 00:00:00,PRD_COE,11.0,0.0,22.5,0.0,4,COE,FD00298,C00004,2025-10-30,2025T4,Varejo,COE,App,0-6 meses,1,Informacoes divergentes sobre o produto,,,,,,,,,
4.0,2025-10-25 00:00:00,PRD_COE,11.0,0.0,22.5,0.0,4,COE,FD00727,C00004,2026-04-14,2026T2,Varejo,Carteira Administrada,App,6-24 meses,8,"Atendimento resolveu, mas demorou",,,,,,,,,
4.0,2026-04-12 00:00:00,PRD_CAR,9.0,1.0,72.6,0.0,4,Carteira Administrada,FD00298,C00004,2025-10-30,2025T4,Varejo,COE,App,0-6 meses,1,Informacoes divergentes sobre o produto,,,,,,,,,
4.0,2026-04-12 00:00:00,PRD_CAR,9.0,1.0,72.6,0.0,4,Carteira Administrada,FD00727,C00004,2026-04-14,2026T2,Varejo,Carteira Administrada,App,6-24 meses,8,"Atendimento resolveu, mas demorou",,,,,,,,,
5.0,2026-02-05 00:00:00,PRD_CAR,4.0,0.0,34.9,0.0,5,Carteira Administrada,FD00071,C00005,2025-07-09,2025T3,Private,Fundos,Central de Atendimento,6-24 meses,10,,5.0,07/07/2025,Fundos,10,duvida rentabilidade,Chat,Reaberto,Aplicativo travou durante consulta,Fundos
5.0,2026-02-05 00:00:00,PRD_CAR,4.0,0.0,34.9,0.0,5,Carteira Administrada,FD00185,C00005,2025-08-27,2025T3,Private,Fundos,App,6-24 meses,10,Consegui acompanhar minha carteira,5.0,07/07/2025,Fundos,10,duvida rentabilidade,Chat,Reaberto,Aplicativo travou durante consulta,Fundos
5.0,2026-02-05 00:00:00,PRD_CAR,4.0,0.0,34.9,0.0,5,Carteira Administrada,FD00230,C00005,2025-09-01,2025T3,Private,CDB,Central de Atendimento,2-5 anos,10,Informacoes estavam faceis de encontrar,5.0,07/07/2025,Fundos,10,duvida rentabilidade,Chat,Reaberto,Aplicativo travou durante consulta,Fundos
5.0,2026-02-05 00:00:00,PRD_CAR,4.0,0.0,34.9,0.0,5,Carteira Administrada,FD00244,C00005,2025-11-16,2025T4,Private,Fundos,App,0-6 meses,9,Consegui acompanhar minha carteira,5.0,07/07/2025,Fundos,10,duvida rentabilidade,Chat,Reaberto,Aplicativo travou durante consulta,Fundos
5.0,2026-02-05 00:00:00,PRD_CAR,4.0,0.0,34.9,0.0,5,Carteira Administrada,FD00472,C00005,2026-01-11,2026T1,Private,CDB,Assessoria,6-24 meses,10,Informacoes estavam faceis de encontrar,5.0,07/07/2025,Fundos,10,duvida rentabilidade,Chat,Reaberto,Aplicativo travou durante consulta,Fundos
5.0,2026-02-05 00:00:00,PRD_CAR,4.0,0.0,34.9,0.0,5,Carteira Administrada,FD00500,C00005,2026-02-12,2026T1,Private,Carteira Administrada,Internet Banking,6-24 meses,10,Consegui acompanhar minha carteira,5.0,07/07/2025,Fundos,10,duvida rentabilidade,Chat,Reaberto,Aplicativo travou durante consulta,Fundos
5.0,2025-09-03 00:00:00,PRD_CDB,4.0,0.0,1.6,0.0,5,CDB,FD00071,C00005,2025-07-09,2025T3,Private,Fundos,Central de Atendimento,6-24 meses,10,,5.0,07/07/2025,Fundos,10,duvida rentabilidade,Chat,Reaberto,Aplicativo travou durante consulta,Fundos
5.0,2025-09-03 00:00:00,PRD_CDB,4.0,0.0,1.6,0.0,5,CDB,FD00185,C00005,2025-08-27,2025T3,Private,Fundos,App,6-24 meses,10,Consegui acompanhar minha carteira,5.0,07/07/2025,Fundos,10,duvida rentabilidade,Chat,Reaberto,Aplicativo travou durante consulta,Fundos
5.0,2025-09-03 00:00:00,PRD_CDB,4.0,0.0,1.6,0.0,5,CDB,FD00230,C00005,2025-09-01,2025T3,Private,CDB,Central de Atendimento,2-5 anos,10,Informacoes estavam faceis de encontrar,5.0,07/07/2025,Fundos,10,duvida rentabilidade,Chat,Reaberto,Aplicativo travou durante consulta,Fundos
5.0,2025-09-03 00:00:00,PRD_CDB,4.0,0.0,1.6,0.0,5,CDB,FD00244,C00005,2025-11-16,2025T4,Private,Fundos,App,0-6 meses,9,Consegui acompanhar minha carteira,5.0,07/07/2025,Fundos,10,duvida rentabilidade,Chat,Reaberto,Aplicativo travou durante consulta,Fundos
5.0,2025-09-03 00:00:00,PRD_CDB,4.0,0.0,1.6,0.0,5,CDB,FD00472,C00005,2026-01-11,2026T1,Private,CDB,Assessoria,6-24 meses,10,Informacoes estavam faceis de encontrar,5.0,07/07/2025,Fundos,10,duvida rentabilidade,Chat,Reaberto,Aplicativo travou durante consulta,Fundos
5.0,2025-09-03 00:00:00,PRD_CDB,4.0,0.0,1.6,0.0,5,CDB,FD00500,C00005,2026-02-12,2026T1,Private,Carteira Administrada,Internet Banking,6-24 meses,10,Consegui acompanhar minha carteira,5.0,07/07/2025,Fundos,10,duvida rentabilidade,Chat,Reaberto,Aplicativo travou durante consulta,Fundos
5.0,2025-07-18 00:00:00,PRD_FND,5.0,0.0,29.7,1.0,5,Fundos,FD00071,C00005,2025-07-09,2025T3,Private,Fundos,Central de Atendimento,6-24 meses,10,,5.0,07/07/2025,Fundos,10,duvida rentabilidade,Chat,Reaberto,Aplicativo travou durante consulta,Fundos
5.0,2025-07-18 00:00:00,PRD_FND,5.0,0.0,29.7,1.0,5,Fundos,FD00185,C00005,2025-08-27,2025T3,Private,Fundos,App,6-24 meses,10,Consegui acompanhar minha carteira,5.0,07/07/2025,Fundos,10,duvida rentabilidade,Chat,Reaberto,Aplicativo travou durante consulta,Fundos
5.0,2025-07-18 00:00:00,PRD_FND,5.0,0.0,29.7,1.0,5,Fundos,FD00230,C00005,2025-09-01,2025T3,Private,CDB,Central de Atendimento,2-5 anos,10,Informacoes estavam faceis de encontrar,5.0,07/07/2025,Fundos,10,duvida rentabilidade,Chat,Reaberto,Aplicativo travou durante consulta,Fundos
5.0,2025-07-18 00:00:00,PRD_FND,5.0,0.0,29.7,1.0,5,Fundos,FD00244,C00005,2025-11-16,2025T4,Private,Fundos,App,0-6 meses,9,Consegui acompanhar minha carteira,5.0,07/07/2025,Fundos,10,duvida rentabilidade,Chat,Reaberto,Aplicativo travou durante consulta,Fundos
5.0,2025-07-18 00:00:00,PRD_FND,5.0,0.0,29.7,1.0,5,Fundos,FD00472,C00005,2026-01-11,2026T1,Private,CDB,Assessoria,6-24 meses,10,Informacoes estavam faceis de encontrar,5.0,07/07/2025,Fundos,10,duvida rentabilidade,Chat,Reaberto,Aplicativo travou durante consulta,Fundos
5.0,2025-07-18 00:00:00,PRD_FND,5.0,0.0,29.7,1.0,5,Fundos,FD00500,C00005,2026-02-12,2026T1,Private,Carteira Administrada,Internet Banking,6-24 meses,10,Consegui acompanhar minha carteira,5.0,07/07/2025,Fundos,10,duvida rentabilidade,Chat,Reaberto,Aplicativo travou durante consulta,Fundos
5.0,2025-08-27 00:00:00,PRD_FND,9.0,0.0,23.0,0.0,5,Fundos,FD00071,C00005,2025-07-09,2025T3,Private,Fundos,Central de Atendimento,6-24 meses,10,,5.0,07/07/2025,Fundos,10,duvida rentabilidade,Chat,Reaberto,Aplicativo travou durante consulta,Fundos
5.0,2025-08-27 00:00:00,PRD_FND,9.0,0.0,23.0,0.0,5,Fundos,FD00185,C00005,2025-08-27,2025T3,Private,Fundos,App,6-24 meses,10,Consegui acompanhar minha carteira,5.0,07/07/2025,Fundos,10,duvida rentabilidade,Chat,Reaberto,Aplicativo travou durante consulta,Fundos
5.0,2025-08-27 00:00:00,PRD_FND,9.0,0.0,23.0,0.0,5,Fundos,FD00230,C00005,2025-09-01,2025T3,Private,CDB,Central de Atendimento,2-5 anos,10,Informacoes estavam faceis de encontrar,5.0,07/07/2025,Fundos,10,duvida rentabilidade,Chat,Reaberto,Aplicativo travou durante consulta,Fundos
5.0,2025-08-27 00:00:00,PRD_FND,9.0,0.0,23.0,0.0,5,Fundos,FD00244,C00005,2025-11-16,2025T4,Private,Fundos,App,0-6 meses,9,Consegui acompanhar minha carteira,5.0,07/07/2025,Fundos,10,duvida rentabilidade,Chat,Reaberto,Aplicativo travou durante consulta,Fundos
5.0,2025-08-27 00:00:00,PRD_FND,9.0,0.0,23.0,0.0,5,Fundos,FD00472,C00005,2026-01-11,2026T1,Private,CDB,Assessoria,6-24 meses,10,Informacoes estavam faceis de encontrar,5.0,07/07/2025,Fundos,10,duvida rentabilidade,Chat,Reaberto,Aplicativo travou durante consulta,Fundos
5.0,2025-08-27 00:00:00,PRD_FND,9.0,0.0,23.0,0.0,5,Fundos,FD00500,C00005,2026-02-12,2026T1,Private,Carteira Administrada,Internet Banking,6-24 meses,10,Consegui acompanhar minha carteira,5.0,07/07/2025,Fundos,10,duvida rentabilidade,Chat,Reaberto,Aplicativo travou durante consulta,Fundos
5.0,2025-11-08 00:00:00,PRD_FND,11.0,0.0,37.2,0.0,5,Fundos,FD00071,C00005,2025-07-09,2025T3,Private,Fundos,Central de Atendimento,6-24 meses,10,,5.0,07/07/2025,Fundos,10,duvida rentabilidade,Chat,Reaberto,Aplicativo travou durante consulta,Fundos
5.0,2025-11-08 00:00:00,PRD_FND,11.0,0.0,37.2,0.0,5,Fundos,FD00185,C00005,2025-08-27,2025T3,Private,Fundos,App,6-24 meses,10,Consegui acompanhar minha carteira,5.0,07/07/2025,Fundos,10,duvida rentabilidade,Chat,Reaberto,Aplicativo travou durante consulta,Fundos
5.0,2025-11-08 00:00:00,PRD_FND,11.0,0.0,37.2,0.0,5,Fundos,FD00230,C00005,2025-09-01,2025T3,Private,CDB,Central de Atendimento,2-5 anos,10,Informacoes estavam faceis de encontrar,5.0,07/07/2025,Fundos,10,duvida rentabilidade,Chat,Reaberto,Aplicativo travou durante consulta,Fundos
5.0,2025-11-08 00:00:00,PRD_FND,11.0,0.0,37.2,0.0,5,Fundos,FD00244,C00005,2025-11-16,2025T4,Private,Fundos,App,0-6 meses,9,Consegui acompanhar minha carteira,5.0,07/07/2025,Fundos,10,duvida rentabilidade,Chat,Reaberto,Aplicativo travou durante consulta,Fundos
5.0,2025-11-08 00:00:00,PRD_FND,11.0,0.0,37.2,0.0,5,Fundos,FD00472,C00005,2026-01-11,2026T1,Private,CDB,Assessoria,6-24 meses,10,Informacoes estavam faceis de encontrar,5.0,07/07/2025,Fundos,10,duvida rentabilidade,Chat,Reaberto,Aplicativo travou durante consulta,Fundos
5.0,2025-11-08 00:00:00,PRD_FND,11.0,0.0,37.2,0.0,5,Fundos,FD00500,C00005,2026-02-12,2026T1,Private,Carteira Administrada,Internet Banking,6-24 meses,10,Consegui acompanhar minha carteira,5.0,07/07/2025,Fundos,10,duvida rentabilidade,Chat,Reaberto,Aplicativo travou durante consulta,Fundos
6.0,2025-08-29 00:00:00,PRD_FND,3.0,1.0,28.3,0.0,6,Fundos,FD00101,C00006,2025-08-25,2025T3,Private,Fundos,Internet Banking,6-24 meses,10,Atendimento claro e rapido,,,,,,,,,
6.0,2025-08-29 00:00:00,PRD_FND,3.0,1.0,28.3,0.0,6,Fundos,FD00264,C00006,2025-11-23,2025T4,Private,Tesouro Direto,App,5+ anos,9,Atendimento claro e rapido,,,,,,,,,
6.0,2025-08-29 00:00:00,PRD_FND,3.0,1.0,28.3,0.0,6,Fundos,FD00697,C00006,2026-02-05,2026T1,Private,CDB,Central de Atendimento,5+ anos,7,Tive duvida sobre rentabilidade,,,,,,,,,
6.0,2026-02-01 00:00:00,PRD_CDB,5.0,0.0,6.9,0.0,6,CDB,FD00101,C00006,2025-08-25,2025T3,Private,Fundos,Internet Banking,6-24 meses,10,Atendimento claro e rapido,,,,,,,,,
6.0,2026-02-01 00:00:00,PRD_CDB,5.0,0.0,6.9,0.0,6,CDB,FD00264,C00006,2025-11-23,2025T4,Private,Tesouro Direto,App,5+ anos,9,Atendimento claro e rapido,,,,,,,,,
6.0,2026-02-01 00:00:00,PRD_CDB,5.0,0.0,6.9,0.0,6,CDB,FD00697,C00006,2026-02-05,2026T1,Private,CDB,Central de Atendimento,5+ anos,7,Tive duvida sobre rentabilidade,,,,,,,,,
6.0,2025-11-14 00:00:00,PRD_TES,11.0,0.0,9.8,1.0,6,Tesouro Direto,FD00101,C00006,2025-08-25,2025T3,Private,Fundos,Internet Banking,6-24 meses,10,Atendimento claro e rapido,,,,,,,,,
6.0,2025-11-14 00:00:00,PRD_TES,11.0,0.0,9.8,1.0,6,Tesouro Direto,FD00264,C00006,2025-11-23,2025T4,Private,Tesouro Direto,App,5+ anos,9,Atendimento claro e rapido,,,,,,,,,
6.0,2025-11-14 00:00:00,PRD_TES,11.0,0.0,9.8,1.0,6,Tesouro Direto,FD00697,C00006,2026-02-05,2026T1,Private,CDB,Central de Atendimento,5+ anos,7,Tive duvida sobre rentabilidade,,,,,,,,,
7.0,2026-04-06 00:00:00,PRD_TES,7.0,0.0,2.8,0.0,7,Tesouro Direto,FD00066,C00007,2025-08-08,2025T3,Private,Fundos,App,0-6 meses,9,Atendimento claro e rapido,7.0,2025-08-10,fundos de investimento,10,acesso app,E-mail,Resolvido,Boa experiencia no aplicativo,Fundos
7.0,2026-04-06 00:00:00,PRD_TES,7.0,0.0,2.8,0.0,7,Tesouro Direto,FD00066,C00007,2025-08-08,2025T3,Private,Fundos,App,0-6 meses,9,Atendimento claro e rapido,7.0,31/03/2026,TESOURO DIRETO,9,duvida rentabilidade,Chat,Resolvido,Informacoes estavam faceis de encontrar,Tesouro Direto
7.0,2026-04-06 00:00:00,PRD_TES,7.0,0.0,2.8,0.0,7,Tesouro Direto,FD00563,C00007,2026-03-31,2026T1,Private,Tesouro Direto,Internet Banking,2-5 anos,10,,7.0,2025-08-10,fundos de investimento,10,acesso app,E-mail,Resolvido,Boa experiencia no aplicativo,Fundos
7.0,2026-04-06 00:00:00,PRD_TES,7.0,0.0,2.8,0.0,7,Tesouro Direto,FD00563,C00007,2026-03-31,2026T1,Private,Tesouro Direto,Internet Banking,2-5 anos,10,,7.0,31/03/2026,TESOURO DIRETO,9,duvida rentabilidade,Chat,Resolvido,Informacoes estavam faceis de encontrar,Tesouro Direto
7.0,2026-04-06 00:00:00,PRD_TES,7.0,0.0,2.8,0.0,7,Tesouro Direto,FDX00010,C00007,2026-04-01,2026T1,Private,Tesouro Direto,Internet Banking,2-5 anos,10,Informacoes estavam faceis de encontrar,7.0,2025-08-10,fundos de investimento,10,acesso app,E-mail,Resolvido,Boa experiencia no aplicativo,Fundos
7.0,2026-04-06 00:00:00,PRD_TES,7.0,0.0,2.8,0.0,7,Tesouro Direto,FDX00010,C00007,2026-04-01,2026T1,Private,Tesouro Direto,Internet Banking,2-5 anos,10,Informacoes estavam faceis de encontrar,7.0,31/03/2026,TESOURO DIRETO,9,duvida rentabilidade,Chat,Resolvido,Informacoes estavam faceis de encontrar,Tesouro Direto
7.0,2025-08-17 00:00:00,PRD_FND,4.0,,3.4,0.0,7,Fundos,FD00066,C00007,2025-08-08,2025T3,Private,Fundos,App,0-6 meses,9,Atendimento claro e rapido,7.0,2025-08-10,fundos de investimento,10,acesso app,E-mail,Resolvido,Boa experiencia no aplicativo,Fundos
7.0,2025-08-17 00:00:00,PRD_FND,4.0,,3.4,0.0,7,Fundos,FD00066,C00007,2025-08-08,2025T3,Private,Fundos,App,0-6 meses,9,Atendimento claro e rapido,7.0,31/03/2026,TESOURO DIRETO,9,duvida rentabilidade,Chat,Resolvido,Informacoes estavam faceis de encontrar,Tesouro Direto
7.0,2025-08-17 00:00:00,PRD_FND,4.0,,3.4,0.0,7,Fundos,FD00563,C00007,2026-03-31,2026T1,Private,Tesouro Direto,Internet Banking,2-5 anos,10,,7.0,2025-08-10,fundos de investimento,10,acesso app,E-mail,Resolvido,Boa experiencia no aplicativo,Fundos
7.0,2025-08-17 00:00:00,PRD_FND,4.0,,3.4,0.0,7,Fundos,FD00563,C00007,2026-03-31,2026T1,Private,Tesouro Direto,Internet Banking,2-5 anos,10,,7.0,31/03/2026,TESOURO DIRETO,9,duvida rentabilidade,Chat,Resolvido,Informacoes estavam faceis de encontrar,Tesouro Direto
7.0,2025-08-17 00:00:00,PRD_FND,4.0,,3.4,0.0,7,Fundos,FDX00010,C00007,2026-04-01,2026T1,Private,Tesouro Direto,Internet Banking,2-5 anos,10,Informacoes estavam faceis de encontrar,7.0,2025-08-10,fundos de investimento,10,acesso app,E-mail,Resolvido,Boa experiencia no aplicativo,Fundos
7.0,2025-08-17 00:00:00,PRD_FND,4.0,,3.4,0.0,7,Fundos,FDX00010,C00007,2026-04-01,2026T1,Private,Tesouro Direto,Internet Banking,2-5 anos,10,Informacoes estavam faceis de encontrar,7.0,31/03/2026,TESOURO DIRETO,9,duvida rentabilidade,Chat,Resolvido,Informacoes estavam faceis de encontrar,Tesouro Direto
8.0,2025-07-21 00:00:00,PRD_COE,5.0,0.0,13.8,0.0,8,COE,FD00161,C00008,2025-07-30,2025T3,Varejo,COE,Internet Banking,6-24 meses,10,Assessoria ajudou na decisao,8.0,14-Jul-25,Carteira Adm,dez,duvida rentabilidade,Chat,Pendente,Nao consegui falar com assessor,Carteira Administrada
8.0,2025-07-21 00:00:00,PRD_COE,5.0,0.0,13.8,0.0,8,COE,FD00172,C00008,2025-07-13,2025T3,Varejo,Carteira Administrada,App,6-24 meses,6,Nao ficou claro o risco do produto,8.0,14-Jul-25,Carteira Adm,dez,duvida rentabilidade,Chat,Pendente,Nao consegui falar com assessor,Carteira Administrada
8.0,2025-07-21 00:00:00,PRD_COE,5.0,0.0,13.8,0.0,8,COE,FD00368,C00008,2025-11-26,2025T4,Varejo,CDB,App,2-5 anos,10,Informacoes estavam faceis de encontrar,8.0,14-Jul-25,Carteira Adm,dez,duvida rentabilidade,Chat,Pendente,Nao consegui falar com assessor,Carteira Administrada
8.0,2025-11-23 00:00:00,PRD_CDB,10.0,1.0,52.2,1.0,8,CDB,FD00161,C00008,2025-07-30,2025T3,Varejo,COE,Internet Banking,6-24 meses,10,Assessoria ajudou na decisao,8.0,14-Jul-25,Carteira Adm,dez,duvida rentabilidade,Chat,Pendente,Nao consegui falar com assessor,Carteira Administrada
8.0,2025-11-23 00:00:00,PRD_CDB,10.0,1.0,52.2,1.0,8,CDB,FD00172,C00008,2025-07-13,2025T3,Varejo,Carteira Administrada,App,6-24 meses,6,Nao ficou claro o risco do produto,8.0,14-Jul-25,Carteira Adm,dez,duvida rentabilidade,Chat,Pendente,Nao consegui falar com assessor,Carteira Administrada
8.0,2025-11-23 00:00:00,PRD_CDB,10.0,1.0,52.2,1.0,8,CDB,FD00368,C00008,2025-11-26,2025T4,Varejo,CDB,App,2-5 anos,10,Informacoes estavam faceis de encontrar,8.0,14-Jul-25,Carteira Adm,dez,duvida rentabilidade,Chat,Pendente,Nao consegui falar com assessor,Carteira Administrada
8.0,2025-07-08 00:00:00,PRD_CAR,13.0,0.0,43.2,0.0,8,Carteira Administrada,FD00161,C00008,2025-07-30,2025T3,Varejo,COE,Internet Banking,6-24 meses,10,Assessoria ajudou na decisao,8.0,14-Jul-25,Carteira Adm,dez,duvida rentabilidade,Chat,Pendente,Nao consegui falar com assessor,Carteira Administrada
8.0,2025-07-08 00:00:00,PRD_CAR,13.0,0.0,43.2,0.0,8,Carteira Administrada,FD00172,C00008,2025-07-13,2025T3,Varejo,Carteira Administrada,App,6-24 meses,6,Nao ficou claro o risco do produto,8.0,14-Jul-25,Carteira Adm,dez,duvida rentabilidade,Chat,Pendente,Nao consegui falar com assessor,Carteira Administrada
8.0,2025-07-08 00:00:00,PRD_CAR,13.0,0.0,43.2,0.0,8,Carteira Administrada,FD00368,C00008,2025-11-26,2025T4,Varejo,CDB,App,2-5 anos,10,Informacoes estavam faceis de encontrar,8.0,14-Jul-25,Carteira Adm,dez,duvida rentabilidade,Chat,Pendente,Nao consegui falar com assessor,Carteira Administrada
9.0,2026-02-07 00:00:00,PRD_FND,12.0,0.0,16.3,0.0,9,Fundos,FD00484,C00009,2026-02-16,2026T1,Varejo,Fundos,App,0-6 meses,9,Informacoes estavam faceis de encontrar,,,,,,,,,
10.0,2026-02-20 00:00:00,PRD_COE,10.0,0.0,10.3,0.0,10,COE,FD00080,C00010,2025-09-08,2025T3,Varejo,CDB,Central de Atendimento,5+ anos,7,"Experiencia ok, mas poderia ser mais simples",10.0,07/09/2025,CDB,6,resgate,Telefone,Resolvido,Tive duvida sobre rentabilidade,CDB
10.0,2026-02-20 00:00:00,PRD_COE,10.0,0.0,10.3,0.0,10,COE,FD00080,C00010,2025-09-08,2025T3,Varejo,CDB,Central de Atendimento,5+ anos,7,"Experiencia ok, mas poderia ser mais simples",10.0,01/06/2026,C.D.B.,10,acesso app,Telefone,Resolvido,Atendimento claro e rapido,CDB
10.0,2026-02-20 00:00:00,PRD_COE,10.0,0.0,10.3,0.0,10,COE,FD00636,C00010,2026-02-25,2026T1,Varejo,COE,App,0-6 meses,10,Boa experiencia no aplicativo,10.0,07/09/2025,CDB,6,resgate,Telefone,Resolvido,Tive duvida sobre rentabilidade,CDB
10.0,2026-02-20 00:00:00,PRD_COE,10.0,0.0,10.3,0.0,10,COE,FD00636,C00010,2026-02-25,2026T1,Varejo,COE,App,0-6 meses,10,Boa experiencia no aplicativo,10.0,01/06/2026,C.D.B.,10,acesso app,Telefone,Resolvido,Atendimento claro e rapido,CDB
10.0,2026-02-20 00:00:00,PRD_COE,10.0,0.0,10.3,0.0,10,COE,FD00735,C00010,2026-05-29,2026T2,Varejo,CDB,App,6-24 meses,10,Assessoria ajudou na decisao,10.0,07/09/2025,CDB,6,resgate,Telefone,Resolvido,Tive duvida sobre rentabilidade,CDB
10.0,2026-02-20 00:00:00,PRD_COE,10.0,0.0,10.3,0.0,10,COE,FD00735,C00010,2026-05-29,2026T2,Varejo,CDB,App,6-24 meses,10,Assessoria ajudou na decisao,10.0,01/06/2026,C.D.B.,10,acesso app,Telefone,Resolvido,Atendimento claro e rapido,CDB
10.0,2026-02-20 00:00:00,PRD_COE,10.0,0.0,10.3,0.0,10,COE,FD00863,C00010,2026-06-16,2026T2,Varejo,Carteira Administrada,App,2-5 anos,9,Consegui acompanhar minha carteira,10.0,07/09/2025,CDB,6,resgate,Telefone,Resolvido,Tive duvida sobre rentabilidade,CDB
10.0,2026-02-20 00:00:00,PRD_COE,10.0,0.0,10.3,0.0,10,COE,FD00863,C00010,2026-06-16,2026T2,Varejo,Carteira Administrada,App,2-5 anos,9,Consegui acompanhar minha carteira,10.0,01/06/2026,C.D.B.,10,acesso app,Telefone,Resolvido,Atendimento claro e rapido,CDB
10.0,2025-08-29 00:00:00,PRD_CDB,7.0,0.0,20.5,0.0,10,CDB,FD00080,C00010,2025-09-08,2025T3,Varejo,CDB,Central de Atendimento,5+ anos,7,"Experiencia ok, mas poderia ser mais simples",10.0,07/09/2025,CDB,6,resgate,Telefone,Resolvido,Tive duvida sobre rentabilidade,CDB
10.0,2025-08-29 00:00:00,PRD_CDB,7.0,0.0,20.5,0.0,10,CDB,FD00080,C00010,2025-09-08,2025T3,Varejo,CDB,Central de Atendimento,5+ anos,7,"Experiencia ok, mas poderia ser mais simples",10.0,01/06/2026,C.D.B.,10,acesso app,Telefone,Resolvido,Atendimento claro e rapido,CDB
10.0,2025-08-29 00:00:00,PRD_CDB,7.0,0.0,20.5,0.0,10,CDB,FD00636,C00010,2026-02-25,2026T1,Varejo,COE,App,0-6 meses,10,Boa experiencia no aplicativo,10.0,07/09/2025,CDB,6,resgate,Telefone,Resolvido,Tive duvida sobre rentabilidade,CDB
10.0,2025-08-29 00:00:00,PRD_CDB,7.0,0.0,20.5,0.0,10,CDB,FD00636,C00010,2026-02-25,2026T1,Varejo,COE,App,0-6 meses,10,Boa experiencia no aplicativo,10.0,01/06/2026,C.D.B.,10,acesso app,Telefone,Resolvido,Atendimento claro e rapido,CDB
10.0,2025-08-29 00:00:00,PRD_CDB,7.0,0.0,20.5,0.0,10,CDB,FD00735,C00010,2026-05-29,2026T2,Varejo,CDB,App,6-24 meses,10,Assessoria ajudou na decisao,10.0,07/09/2025,CDB,6,resgate,Telefone,Resolvido,Tive duvida sobre rentabilidade,CDB
10.0,2025-08-29 00:00:00,PRD_CDB,7.0,0.0,20.5,0.0,10,CDB,FD00735,C00010,2026-05-29,2026T2,Varejo,CDB,App,6-24 meses,10,Assessoria ajudou na decisao,10.0,01/06/2026,C.D.B.,10,acesso app,Telefone,Resolvido,Atendimento claro e rapido,CDB
10.0,2025-08-29 00:00:00,PRD_CDB,7.0,0.0,20.5,0.0,10,CDB,FD00863,C00010,2026-06-16,2026T2,Varejo,Carteira Administrada,App,2-5 anos,9,Consegui acompanhar minha carteira,10.0,07/09/2025,CDB,6,resgate,Telefone,Resolvido,Tive duvida sobre rentabilidade,CDB
10.0,2025-08-29 00:00:00,PRD_CDB,7.0,0.0,20.5,0.0,10,CDB,FD00863,C00010,2026-06-16,2026T2,Varejo,Carteira Administrada,App,2-5 anos,9,Consegui acompanhar minha carteira,10.0,01/06/2026,C.D.B.,10,acesso app,Telefone,Resolvido,Atendimento claro e rapido,CDB
10.0,2026-06-04 00:00:00,PRD_CDB,7.0,0.0,11.8,0.0,10,CDB,FD00080,C00010,2025-09-08,2025T3,Varejo,CDB,Central de Atendimento,5+ anos,7,"Experiencia ok, mas poderia ser mais simples",10.0,07/09/2025,CDB,6,resgate,Telefone,Resolvido,Tive duvida sobre rentabilidade,CDB
10.0,2026-06-04 00:00:00,PRD_CDB,7.0,0.0,11.8,0.0,10,CDB,FD00080,C00010,2025-09-08,2025T3,Varejo,CDB,Central de Atendimento,5+ anos,7,"Experiencia ok, mas poderia ser mais simples",10.0,01/06/2026,C.D.B.,10,acesso app,Telefone,Resolvido,Atendimento claro e rapido,CDB
10.0,2026-06-04 00:00:00,PRD_CDB,7.0,0.0,11.8,0.0,10,CDB,FD00636,C00010,2026-02-25,2026T1,Varejo,COE,App,0-6 meses,10,Boa experiencia no aplicativo,10.0,07/09/2025,CDB,6,resgate,Telefone,Resolvido,Tive duvida sobre rentabilidade,CDB
10.0,2026-06-04 00:00:00,PRD_CDB,7.0,0.0,11.8,0.0,10,CDB,FD00636,C00010,2026-02-25,2026T1,Varejo,COE,App,0-6 meses,10,Boa experiencia no aplicativo,10.0,01/06/2026,C.D.B.,10,acesso app,Telefone,Resolvido,Atendimento claro e rapido,CDB
10.0,2026-06-04 00:00:00,PRD_CDB,7.0,0.0,11.8,0.0,10,CDB,FD00735,C00010,2026-05-29,2026T2,Varejo,CDB,App,6-24 meses,10,Assessoria ajudou na decisao,10.0,07/09/2025,CDB,6,resgate,Telefone,Resolvido,Tive duvida sobre rentabilidade,CDB
10.0,2026-06-04 00:00:00,PRD_CDB,7.0,0.0,11.8,0.0,10,CDB,FD00735,C00010,2026-05-29,2026T2,Varejo,CDB,App,6-24 meses,10,Assessoria ajudou na decisao,10.0,01/06/2026,C.D.B.,10,acesso app,Telefone,Resolvido,Atendimento claro e rapido,CDB
10.0,2026-06-04 00:00:00,PRD_CDB,7.0,0.0,11.8,0.0,10,CDB,FD00863,C00010,2026-06-16,2026T2,Varejo,Carteira Administrada,App,2-5 anos,9,Consegui acompanhar minha carteira,10.0,07/09/2025,CDB,6,resgate,Telefone,Resolvido,Tive duvida sobre rentabilidade,CDB
10.0,2026-06-04 00:00:00,PRD_CDB,7.0,0.0,11.8,0.0,10,CDB,FD00863,C00010,2026-06-16,2026T2,Varejo,Carteira Administrada,App,2-5 anos,9,Consegui acompanhar minha carteira,10.0,01/06/2026,C.D.B.,10,acesso app,Telefone,Resolvido,Atendimento claro e rapido,CDB
10.0,2026-06-21 00:00:00,PRD_CAR,10.0,0.0,59.3,1.0,10,Carteira Administrada,FD00080,C00010,2025-09-08,2025T3,Varejo,CDB,Central de Atendimento,5+ anos,7,"Experiencia ok, mas poderia ser mais simples",10.0,07/09/2025,CDB,6,resgate,Telefone,Resolvido,Tive duvida sobre rentabilidade,CDB
10.0,2026-06-21 00:00:00,PRD_CAR,10.0,0.0,59.3,1.0,10,Carteira Administrada,FD00080,C00010,2025-09-08,2025T3,Varejo,CDB,Central de Atendimento,5+ anos,7,"Experiencia ok, mas poderia ser mais simples",10.0,01/06/2026,C.D.B.,10,acesso app,Telefone,Resolvido,Atendimento claro e rapido,CDB
10.0,2026-06-21 00:00:00,PRD_CAR,10.0,0.0,59.3,1.0,10,Carteira Administrada,FD00636,C00010,2026-02-25,2026T1,Varejo,COE,App,0-6 meses,10,Boa experiencia no aplicativo,10.0,07/09/2025,CDB,6,resgate,Telefone,Resolvido,Tive duvida sobre rentabilidade,CDB
10.0,2026-06-21 00:00:00,PRD_CAR,10.0,0.0,59.3,1.0,10,Carteira Administrada,FD00636,C00010,2026-02-25,2026T1,Varejo,COE,App,0-6 meses,10,Boa experiencia no aplicativo,10.0,01/06/2026,C.D.B.,10,acesso app,Telefone,Resolvido,Atendimento claro e rapido,CDB
10.0,2026-06-21 00:00:00,PRD_CAR,10.0,0.0,59.3,1.0,10,Carteira Administrada,FD00735,C00010,2026-05-29,2026T2,Varejo,CDB,App,6-24 meses,10,Assessoria ajudou na decisao,10.0,07/09/2025,CDB,6,resgate,Telefone,Resolvido,Tive duvida sobre rentabilidade,CDB
10.0,2026-06-21 00:00:00,PRD_CAR,10.0,0.0,59.3,1.0,10,Carteira Administrada,FD00735,C00010,2026-05-29,2026T2,Varejo,CDB,App,6-24 meses,10,Assessoria ajudou na decisao,10.0,01/06/2026,C.D.B.,10,acesso app,Telefone,Resolvido,Atendimento claro e rapido,CDB
10.0,2026-06-21 00:00:00,PRD_CAR,10.0,0.0,59.3,1.0,10,Carteira Administrada,FD00863,C00010,2026-06-16,2026T2,Varejo,Carteira Administrada,App,2-5 anos,9,Consegui acompanhar minha carteira,10.0,07/09/2025,CDB,6,resgate,Telefone,Resolvido,Tive duvida sobre rentabilidade,CDB
10.0,2026-06-21 00:00:00,PRD_CAR,10.0,0.0,59.3,1.0,10,Carteira Administrada,FD00863,C00010,2026-06-16,2026T2,Varejo,Carteira Administrada,App,2-5 anos,9,Consegui acompanhar minha carteira,10.0,01/06/2026,C.D.B.,10,acesso app,Telefone,Resolvido,Atendimento claro e rapido,CDB
11.0,2026-01-16 00:00:00,PRD_TES,0.0,0.0,23.6,0.0,11,Tesouro Direto,FD00127,C00011,2025-09-14,2025T3,Private,Carteira Administrada,App,5+ anos,9,Atendimento claro e rapido,11.0,15/09/2025,Carteira Administrada,8,reclamacao atendimento,E-mail,Pendente,"Experiencia ok, mas poderia ser mais simples",Carteira Administrada
11.0,2026-01-16 00:00:00,PRD_TES,0.0,0.0,23.6,0.0,11,Tesouro Direto,FD00127,C00011,2025-09-14,2025T3,Private,Carteira Administrada,App,5+ anos,9,Atendimento claro e rapido,11.0,15/09/2025,Carteira Administrada,8,reclamacao atendimento,E-mail,Pendente,"Experiencia ok, mas poderia ser mais simples",Carteira Administrada
11.0,2026-01-16 00:00:00,PRD_TES,0.0,0.0,23.6,0.0,11,Tesouro Direto,FD00402,C00011,2025-12-17,2025T4,Private,Fundos,App,0-6 meses,10,Informacoes estavam faceis de encontrar,11.0,15/09/2025,Carteira Administrada,8,reclamacao atendimento,E-mail,Pendente,"Experiencia ok, mas poderia ser mais simples",Carteira Administrada
11.0,2026-01-16 00:00:00,PRD_TES,0.0,0.0,23.6,0.0,11,Tesouro Direto,FD00402,C00011,2025-12-17,2025T4,Private,Fundos,App,0-6 meses,10,Informacoes estavam faceis de encontrar,11.0,15/09/2025,Carteira Administrada,8,reclamacao atendimento,E-mail,Pendente,"Experiencia ok, mas poderia ser mais simples",Carteira Administrada
11.0,2026-01-16 00:00:00,PRD_TES,0.0,0.0,23.6,0.0,11,Tesouro Direto,FD00520,C00011,2026-01-22,2026T1,Private,Tesouro Direto,Internet Banking,6-24 meses,10,Boa experiencia no aplicativo,11.0,15/09/2025,Carteira Administrada,8,reclamacao atendimento,E-mail,Pendente,"Experiencia ok, mas poderia ser mais simples",Carteira Administrada
11.0,2026-01-16 00:00:00,PRD_TES,0.0,0.0,23.6,0.0,11,Tesouro Direto,FD00520,C00011,2026-01-22,2026T1,Private,Tesouro Direto,Internet Banking,6-24 meses,10,Boa experiencia no aplicativo,11.0,15/09/2025,Carteira Administrada,8,reclamacao atendimento,E-mail,Pendente,"Experiencia ok, mas poderia ser mais simples",Carteira Administrada
11.0,2025-09-23 00:00:00,PRD_CAR,9.0,1.0,44.3,0.0,11,Carteira Administrada,FD00127,C00011,2025-09-14,2025T3,Private,Carteira Administrada,App,5+ anos,9,Atendimento claro e rapido,11.0,15/09/2025,Carteira Administrada,8,reclamacao atendimento,E-mail,Pendente,"Experiencia ok, mas poderia ser mais simples",Carteira Administrada
11.0,2025-09-23 00:00:00,PRD_CAR,9.0,1.0,44.3,0.0,11,Carteira Administrada,FD00127,C00011,2025-09-14,2025T3,Private,Carteira Administrada,App,5+ anos,9,Atendimento claro e rapido,11.0,15/09/2025,Carteira Administrada,8,reclamacao atendimento,E-mail,Pendente,"Experiencia ok, mas poderia ser mais simples",Carteira Administrada
11.0,2025-09-23 00:00:00,PRD_CAR,9.0,1.0,44.3,0.0,11,Carteira Administrada,FD00402,C00011,2025-12-17,2025T4,Private,Fundos,App,0-6 meses,10,Informacoes estavam faceis de encontrar,11.0,15/09/2025,Carteira Administrada,8,reclamacao atendimento,E-mail,Pendente,"Experiencia ok, mas poderia ser mais simples",Carteira Administrada
11.0,2025-09-23 00:00:00,PRD_CAR,9.0,1.0,44.3,0.0,11,Carteira Administrada,FD00402,C00011,2025-12-17,2025T4,Private,Fundos,App,0-6 meses,10,Informacoes estavam faceis de encontrar,11.0,15/09/2025,Carteira Administrada,8,reclamacao atendimento,E-mail,Pendente,"Experiencia ok, mas poderia ser mais simples",Carteira Administrada
11.0,2025-09-23 00:00:00,PRD_CAR,9.0,1.0,44.3,0.0,11,Carteira Administrada,FD00520,C00011,2026-01-22,2026T1,Private,Tesouro Direto,Internet Banking,6-24 meses,10,Boa experiencia no aplicativo,11.0,15/09/2025,Carteira Administrada,8,reclamacao atendimento,E-mail,Pendente,"Experiencia ok, mas poderia ser mais simples",Carteira Administrada
11.0,2025-09-23 00:00:00,PRD_CAR,9.0,1.0,44.3,0.0,11,Carteira Administrada,FD00520,C00011,2026-01-22,2026T1,Private,Tesouro Direto,Internet Banking,6-24 meses,10,Boa experiencia no aplicativo,11.0,15/09/2025,Carteira Administrada,8,reclamacao atendimento,E-mail,Pendente,"Experiencia ok, mas poderia ser mais simples",Carteira Administrada
11.0,2025-12-27 00:00:00,PRD_FND,8.0,0.0,18.5,1.0,11,Fundos,FD00127,C00011,2025-09-14,2025T3,Private,Carteira Administrada,App,5+ anos,9,Atendimento claro e rapido,11.0,15/09/2025,Carteira Administrada,8,reclamacao atendimento,E-mail,Pendente,"Experiencia ok, mas poderia ser mais simples",Carteira Administrada
11.0,2025-12-27 00:00:00,PRD_FND,8.0,0.0,18.5,1.0,11,Fundos,FD00127,C00011,2025-09-14,2025T3,Private,Carteira Administrada,App,5+ anos,9,Atendimento claro e rapido,11.0,15/09/2025,Carteira Administrada,8,reclamacao atendimento,E-mail,Pendente,"Experiencia ok, mas poderia ser mais simples",Carteira Administrada
11.0,2025-12-27 00:00:00,PRD_FND,8.0,0.0,18.5,1.0,11,Fundos,FD00402,C00011,2025-12-17,2025T4,Private,Fundos,App,0-6 meses,10,Informacoes estavam faceis de encontrar,11.0,15/09/2025,Carteira Administrada,8,reclamacao atendimento,E-mail,Pendente,"Experiencia ok, mas poderia ser mais simples",Carteira Administrada
11.0,2025-12-27 00:00:00,PRD_FND,8.0,0.0,18.5,1.0,11,Fundos,FD00402,C00011,2025-12-17,2025T4,Private,Fundos,App,0-6 meses,10,Informacoes estavam faceis de encontrar,11.0,15/09/2025,Carteira Administrada,8,reclamacao atendimento,E-mail,Pendente,"Experiencia ok, mas poderia ser mais simples",Carteira Administrada
11.0,2025-12-27 00:00:00,PRD_FND,8.0,0.0,18.5,1.0,11,Fundos,FD00520,C00011,2026-01-22,2026T1,Private,Tesouro Direto,Internet Banking,6-24 meses,10,Boa experiencia no aplicativo,11.0,15/09/2025,Carteira Administrada,8,reclamacao atendimento,E-mail,Pendente,"Experiencia ok, mas poderia ser mais simples",Carteira Administrada
11.0,2025-12-27 00:00:00,PRD_FND,8.0,0.0,18.5,1.0,11,Fundos,FD00520,C00011,2026-01-22,2026T1,Private,Tesouro Direto,Internet Banking,6-24 meses,10,Boa experiencia no aplicativo,11.0,15/09/2025,Carteira Administrada,8,reclamacao atendimento,E-mail,Pendente,"Experiencia ok, mas poderia ser mais simples",Carteira Administrada
12.0,2025-12-11 00:00:00,PRD_CDB,10.0,0.0,17.5,0.0,12,CDB,FD00347,C00012,2025-12-04,2025T4,Novo Investidor,CDB,App,0-6 meses,9,Assessoria ajudou na decisao,12.0,01/12/2025,cdb,10,reclamacao atendimento,Agencia,Pendente,Assessoria ajudou na decisao,CDB
13.0,2026-05-22 00:00:00,PRD_CDB,7.0,0.0,26.1,0.0,13,CDB,FD00454,C00013,2025-10-09,2025T4,Varejo,Tesouro Direto,App,5+ anos,8,Demorou um pouco para encontrar informacoes,,,,,,,,,
13.0,2026-05-22 00:00:00,PRD_CDB,7.0,0.0,26.1,0.0,13,CDB,FD00886,C00013,2026-05-17,2026T2,Varejo,CDB,App,5+ anos,7,"Atendimento resolveu, mas demorou",,,,,,,,,
13.0,2025-10-12 00:00:00,PRD_TES,6.0,1.0,16.5,0.0,13,Tesouro Direto,FD00454,C00013,2025-10-09,2025T4,Varejo,Tesouro Direto,App,5+ anos,8,Demorou um pouco para encontrar informacoes,,,,,,,,,
13.0,2025-10-12 00:00:00,PRD_TES,6.0,1.0,16.5,0.0,13,Tesouro Direto,FD00886,C00013,2026-05-17,2026T2,Varejo,CDB,App,5+ anos,7,"Atendimento resolveu, mas demorou",,,,,,,,,
15.0,2025-12-07 00:00:00,PRD_FND,5.0,0.0,22.2,0.0,15,Fundos,FD00296,C00015,2025-12-06,2025T4,Private,Fundos,Assessoria,2-5 anos,7,Aplicativo poderia explicar melhor,,,,,,,,,
16.0,2026-02-28 00:00:00,PRD_COE,8.0,0.0,17.3,0.0,16,COE,FD00010,C00016,2025-09-01,2025T3,Private,CDB,App,6-24 meses,10,Informacoes estavam faceis de encontrar,16.0,27/02/2026,coe,8,acesso app,Telefone,Pendente,Demorou um pouco para encontrar informacoes,COE
16.0,2026-02-28 00:00:00,PRD_COE,8.0,0.0,17.3,0.0,16,COE,FD00692,C00016,2026-03-02,2026T1,Private,COE,App,5+ anos,9,Informacoes estavam faceis de encontrar,16.0,27/02/2026,coe,8,acesso app,Telefone,Pendente,Demorou um pouco para encontrar informacoes,COE
16.0,2026-02-28 00:00:00,PRD_COE,8.0,0.0,17.3,0.0,16,COE,FD00850,C00016,2026-04-25,2026T2,Private,Fundos,App,2-5 anos,6,Nao consegui falar com assessor,16.0,27/02/2026,coe,8,acesso app,Telefone,Pendente,Demorou um pouco para encontrar informacoes,COE
16.0,2025-09-02 00:00:00,PRD_CDB,13.0,0.0,15.8,0.0,16,CDB,FD00010,C00016,2025-09-01,2025T3,Private,CDB,App,6-24 meses,10,Informacoes estavam faceis de encontrar,16.0,27/02/2026,coe,8,acesso app,Telefone,Pendente,Demorou um pouco para encontrar informacoes,COE
16.0,2025-09-02 00:00:00,PRD_CDB,13.0,0.0,15.8,0.0,16,CDB,FD00692,C00016,2026-03-02,2026T1,Private,COE,App,5+ anos,9,Informacoes estavam faceis de encontrar,16.0,27/02/2026,coe,8,acesso app,Telefone,Pendente,Demorou um pouco para encontrar informacoes,COE
16.0,2025-09-02 00:00:00,PRD_CDB,13.0,0.0,15.8,0.0,16,CDB,FD00850,C00016,2026-04-25,2026T2,Private,Fundos,App,2-5 anos,6,Nao consegui falar com assessor,16.0,27/02/2026,coe,8,acesso app,Telefone,Pendente,Demorou um pouco para encontrar informacoes,COE
16.0,2026-04-20 00:00:00,PRD_FND,6.0,0.0,10.1,0.0,16,Fundos,FD00010,C00016,2025-09-01,2025T3,Private,CDB,App,6-24 meses,10,Informacoes estavam faceis de encontrar,16.0,27/02/2026,coe,8,acesso app,Telefone,Pendente,Demorou um pouco para encontrar informacoes,COE
16.0,2026-04-20 00:00:00,PRD_FND,6.0,0.0,10.1,0.0,16,Fundos,FD00692,C00016,2026-03-02,2026T1,Private,COE,App,5+ anos,9,Informacoes estavam faceis de encontrar,16.0,27/02/2026,coe,8,acesso app,Telefone,Pendente,Demorou um pouco para encontrar informacoes,COE
16.0,2026-04-20 00:00:00,PRD_FND,6.0,0.0,10.1,0.0,16,Fundos,FD00850,C00016,2026-04-25,2026T2,Private,Fundos,App,2-5 anos,6,Nao consegui falar com assessor,16.0,27/02/2026,coe,8,acesso app,Telefone,Pendente,Demorou um pouco para encontrar informacoes,COE
17.0,2026-04-18 00:00:00,PRD_TES,7.0,0.0,22.1,0.0,17,Tesouro Direto,FD00862,C00017,2026-04-17,2026T2,Alta Renda,Tesouro Direto,App,5+ anos,10,Atendimento claro e rapido,17.0,17/04/2026,TESOURO DIRETO,10,acesso app,Telefone,Resolvido,Informacoes estavam faceis de encontrar,Tesouro Direto
22.0,2025-08-31 00:00:00,PRD_FND,7.0,,22.3,0.0,22,Fundos,FD00007,C00022,2025-09-05,2025T3,Private,Fundos,App,2-5 anos,10,Atendimento claro e rapido,22.0,08/09/2025,fundos de investimento,9,reclamacao atendimento,Chat,Resolvido,Tive duvida sobre rentabilidade,Fundos
22.0,2025-08-31 00:00:00,PRD_FND,7.0,,22.3,0.0,22,Fundos,FD00007,C00022,2025-09-05,2025T3,Private,Fundos,App,2-5 anos,10,Atendimento claro e rapido,22.0,08/09/2025,fundos de investimento,9,reclamacao atendimento,Chat,Resolvido,Tive duvida sobre rentabilidade,Fundos
23.0,2026-02-02 00:00:00,PRD_TES,14.0,0.0,7.2,0.0,23,Tesouro Direto,FD00621,C00023,2026-01-31,2026T1,Alta Renda,Tesouro Direto,App,0-6 meses,9,Atendimento claro e rapido,23.0,28/01/2026,tesouro direto,10,explicacao risco,E-mail,Resolvido,,Tesouro Direto
24.0,2025-11-23 00:00:00,PRD_TES,7.0,0.0,28.1,0.0,24,Tesouro Direto,FD00335,C00024,2025-11-13,2025T4,Alta Renda,Tesouro Direto,App,5+ anos,9,Consegui acompanhar minha carteira,,,,,,,,,
24.0,2025-11-23 00:00:00,PRD_TES,7.0,0.0,28.1,0.0,24,Tesouro Direto,FD00967,C00024,2026-06-24,2026T2,Alta Renda,CDB,App,0-6 meses,10,Consegui acompanhar minha carteira,,,,,,,,,
24.0,2026-06-21 00:00:00,PRD_CDB,12.0,0.0,10.8,1.0,24,CDB,FD00335,C00024,2025-11-13,2025T4,Alta Renda,Tesouro Direto,App,5+ anos,9,Consegui acompanhar minha carteira,,,,,,,,,
24.0,2026-06-21 00:00:00,PRD_CDB,12.0,0.0,10.8,1.0,24,CDB,FD00967,C00024,2026-06-24,2026T2,Alta Renda,CDB,App,0-6 meses,10,Consegui acompanhar minha carteira,,,,,,,,,
25.0,2025-12-05 00:00:00,PRD_TES,8.0,0.0,6.7,0.0,25,Tesouro Direto,FD00305,C00025,2025-10-25,2025T4,Alta Renda,CDB,App,0-6 meses,9,Assessoria ajudou na decisao,25.0,28/11/2025,tesouro direto,10,explicacao risco,Chat,Resolvido,Nao consegui falar com assessor,Tesouro Direto
25.0,2025-12-05 00:00:00,PRD_TES,8.0,0.0,6.7,0.0,25,Tesouro Direto,FD00325,C00025,2025-11-26,2025T4,Alta Renda,Tesouro Direto,App,6-24 meses,9,Boa experiencia no aplicativo,25.0,28/11/2025,tesouro direto,10,explicacao risco,Chat,Resolvido,Nao consegui falar com assessor,Tesouro Direto
25.0,2025-12-05 00:00:00,PRD_TES,8.0,0.0,6.7,0.0,25,Tesouro Direto,FD00933,C00025,2026-04-10,2026T2,Alta Renda,Fundos,App,2-5 anos,10,Boa experiencia no aplicativo,25.0,28/11/2025,tesouro direto,10,explicacao risco,Chat,Resolvido,Nao consegui falar com assessor,Tesouro Direto
25.0,2026-04-06 00:00:00-03:00,PRD_FND,5.0,0.0,1.0,1.0,25,Fundos,FD00305,C00025,2025-10-25,2025T4,Alta Renda,CDB,App,0-6 meses,9,Assessoria ajudou na decisao,25.0,28/11/2025,tesouro direto,10,explicacao risco,Chat,Resolvido,Nao consegui falar com assessor,Tesouro Direto
25.0,2026-04-06 00:00:00-03:00,PRD_FND,5.0,0.0,1.0,1.0,25,Fundos,FD00325,C00025,2025-11-26,2025T4,Alta Renda,Tesouro Direto,App,6-24 meses,9,Boa experiencia no aplicativo,25.0,28/11/2025,tesouro direto,10,explicacao risco,Chat,Resolvido,Nao consegui falar com assessor,Tesouro Direto
25.0,2026-04-06 00:00:00-03:00,PRD_FND,5.0,0.0,1.0,1.0,25,Fundos,FD00933,C00025,2026-04-10,2026T2,Alta Renda,Fundos,App,2-5 anos,10,Boa experiencia no aplicativo,25.0,28/11/2025,tesouro direto,10,explicacao risco,Chat,Resolvido,Nao consegui falar com assessor,Tesouro Direto
25.0,2025-11-02 00:00:00,PRD_CDB,10.0,0.0,17.1,0.0,25,CDB,FD00305,C00025,2025-10-25,2025T4,Alta Renda,CDB,App,0-6 meses,9,Assessoria ajudou na decisao,25.0,28/11/2025,tesouro direto,10,explicacao risco,Chat,Resolvido,Nao consegui falar com assessor,Tesouro Direto
25.0,2025-11-02 00:00:00,PRD_CDB,10.0,0.0,17.1,0.0,25,CDB,FD00325,C00025,2025-11-26,2025T4,Alta Renda,Tesouro Direto,App,6-24 meses,9,Boa experiencia no aplicativo,25.0,28/11/2025,tesouro direto,10,explicacao risco,Chat,Resolvido,Nao consegui falar com assessor,Tesouro Direto
25.0,2025-11-02 00:00:00,PRD_CDB,10.0,0.0,17.1,0.0,25,CDB,FD00933,C00025,2026-04-10,2026T2,Alta Renda,Fundos,App,2-5 anos,10,Boa experiencia no aplicativo,25.0,28/11/2025,tesouro direto,10,explicacao risco,Chat,Resolvido,Nao consegui falar com assessor,Tesouro Direto
27.0,2025-12-20 00:00:00,PRD_CAR,2.0,1.0,40.7,0.0,27,Carteira Administrada,FD00432,C00027,2025-12-24,2025T4,Private,Carteira Administrada,Internet Banking,6-24 meses,10,Boa experiencia no aplicativo,,,,,,,,,
28.0,2026-04-20 00:00:00,PRD_FND,15.0,,30.2,1.0,28,Fundos,FD00572,C00028,2026-02-28,2026T1,Alta Renda,CDB,App,6-24 meses,10,Informacoes estavam faceis de encontrar,,,,,,,,,
28.0,2026-04-20 00:00:00,PRD_FND,15.0,,30.2,1.0,28,Fundos,FD00610,C00028,2026-01-27,2026T1,Alta Renda,Carteira Administrada,Assessoria,2-5 anos,10,Consegui acompanhar minha carteira,,,,,,,,,
28.0,2026-04-20 00:00:00,PRD_FND,15.0,,30.2,1.0,28,Fundos,FD00935,C00028,2026-04-17,2026T2,Alta Renda,Fundos,App,2-5 anos,4,Demora para resolver meu problema,,,,,,,,,
28.0,2026-02-19 00:00:00,PRD_CDB,8.0,0.0,29.8,0.0,28,CDB,FD00572,C00028,2026-02-28,2026T1,Alta Renda,CDB,App,6-24 meses,10,Informacoes estavam faceis de encontrar,,,,,,,,,
28.0,2026-02-19 00:00:00,PRD_CDB,8.0,0.0,29.8,0.0,28,CDB,FD00610,C00028,2026-01-27,2026T1,Alta Renda,Carteira Administrada,Assessoria,2-5 anos,10,Consegui acompanhar minha carteira,,,,,,,,,
28.0,2026-02-19 00:00:00,PRD_CDB,8.0,0.0,29.8,0.0,28,CDB,FD00935,C00028,2026-04-17,2026T2,Alta Renda,Fundos,App,2-5 anos,4,Demora para resolver meu problema,,,,,,,,,
28.0,2026-01-24 00:00:00,PRD_CAR,7.0,0.0,32.2,0.0,28,Carteira Administrada,FD00572,C00028,2026-02-28,2026T1,Alta Renda,CDB,App,6-24 meses,10,Informacoes estavam faceis de encontrar,,,,,,,,,
28.0,2026-01-24 00:00:00,PRD_CAR,7.0,0.0,32.2,0.0,28,Carteira Administrada,FD00610,C00028,2026-01-27,2026T1,Alta Renda,Carteira Administrada,Assessoria,2-5 anos,10,Consegui acompanhar minha carteira,,,,,,,,,
28.0,2026-01-24 00:00:00,PRD_CAR,7.0,0.0,32.2,0.0,28,Carteira Administrada,FD00935,C00028,2026-04-17,2026T2,Alta Renda,Fundos,App,2-5 anos,4,Demora para resolver meu problema,,,,,,,,,
29.0,2026-03-31 00:00:00,PRD_FND,8.0,0.0,31.2,0.0,29,Fundos,FD00939,C00029,2026-04-02,2026T2,Varejo,Fundos,Central de Atendimento,0-6 meses,3,Aplicativo travou durante consulta,,,,,,,,,
30.0,2025-08-01 00:00:00,PRD_CDB,5.0,0.0,19.3,1.0,30,CDB,FD00208,C00030,2025-07-30,2025T3,Private,CDB,Internet Banking,5+ anos,10,Assessoria ajudou na decisao,,,,,,,,,
31.0,2026-06-24 00:00:00,PRD_TES,3.0,0.0,26.1,0.0,31,Tesouro Direto,FD00192,C00031,2025-07-21,2025T3,Varejo,Fundos,App,0-6 meses,10,Consegui acompanhar minha carteira,31.0,17/01/2026,Fundo,9,acesso app,Telefone,Resolvido,Demora para resolver meu problema,Fundos
31.0,2026-06-24 00:00:00,PRD_TES,3.0,0.0,26.1,0.0,31,Tesouro Direto,FD00599,C00031,2026-01-15,2026T1,Varejo,Fundos,Internet Banking,6-24 meses,9,Consegui acompanhar minha carteira,31.0,17/01/2026,Fundo,9,acesso app,Telefone,Resolvido,Demora para resolver meu problema,Fundos
31.0,2026-06-24 00:00:00,PRD_TES,3.0,0.0,26.1,0.0,31,Tesouro Direto,FD00821,C00031,2026-06-25,2026T2,Varejo,Tesouro Direto,Assessoria,6-24 meses,10,Consegui acompanhar minha carteira,31.0,17/01/2026,Fundo,9,acesso app,Telefone,Resolvido,Demora para resolver meu problema,Fundos
31.0,2026-01-07 00:00:00,PRD_FND,9.0,0.0,23.5,0.0,31,Fundos,FD00192,C00031,2025-07-21,2025T3,Varejo,Fundos,App,0-6 meses,10,Consegui acompanhar minha carteira,31.0,17/01/2026,Fundo,9,acesso app,Telefone,Resolvido,Demora para resolver meu problema,Fundos
31.0,2026-01-07 00:00:00,PRD_FND,9.0,0.0,23.5,0.0,31,Fundos,FD00599,C00031,2026-01-15,2026T1,Varejo,Fundos,Internet Banking,6-24 meses,9,Consegui acompanhar minha carteira,31.0,17/01/2026,Fundo,9,acesso app,Telefone,Resolvido,Demora para resolver meu problema,Fundos
31.0,2026-01-07 00:00:00,PRD_FND,9.0,0.0,23.5,0.0,31,Fundos,FD00821,C00031,2026-06-25,2026T2,Varejo,Tesouro Direto,Assessoria,6-24 meses,10,Consegui acompanhar minha carteira,31.0,17/01/2026,Fundo,9,acesso app,Telefone,Resolvido,Demora para resolver meu problema,Fundos
31.0,2025-07-24 00:00:00,PRD_FND,9.0,0.0,1.0,0.0,31,Fundos,FD00192,C00031,2025-07-21,2025T3,Varejo,Fundos,App,0-6 meses,10,Consegui acompanhar minha carteira,31.0,17/01/2026,Fundo,9,acesso app,Telefone,Resolvido,Demora para resolver meu problema,Fundos
31.0,2025-07-24 00:00:00,PRD_FND,9.0,0.0,1.0,0.0,31,Fundos,FD00599,C00031,2026-01-15,2026T1,Varejo,Fundos,Internet Banking,6-24 meses,9,Consegui acompanhar minha carteira,31.0,17/01/2026,Fundo,9,acesso app,Telefone,Resolvido,Demora para resolver meu problema,Fundos
31.0,2025-07-24 00:00:00,PRD_FND,9.0,0.0,1.0,0.0,31,Fundos,FD00821,C00031,2026-06-25,2026T2,Varejo,Tesouro Direto,Assessoria,6-24 meses,10,Consegui acompanhar minha carteira,31.0,17/01/2026,Fundo,9,acesso app,Telefone,Resolvido,Demora para resolver meu problema,Fundos
32.0,2025-09-23 00:00:00,PRD_TES,3.0,1.0,23.9,0.0,32,Tesouro Direto,FD00152,C00032,2025-09-29,2025T3,Private,Tesouro Direto,Central de Atendimento,2-5 anos,10,Informacoes estavam faceis de encontrar,,,,,,,,,
32.0,2025-09-23 00:00:00,PRD_TES,3.0,1.0,23.9,0.0,32,Tesouro Direto,FD00449,C00032,2025-11-05,2025T4,Private,CDB,App,6-24 meses,10,Assessoria ajudou na decisao,,,,,,,,,
32.0,2025-11-07 00:00:00,PRD_CDB,12.0,0.0,35.9,0.0,32,CDB,FD00152,C00032,2025-09-29,2025T3,Private,Tesouro Direto,Central de Atendimento,2-5 anos,10,Informacoes estavam faceis de encontrar,,,,,,,,,
32.0,2025-11-07 00:00:00,PRD_CDB,12.0,0.0,35.9,0.0,32,CDB,FD00449,C00032,2025-11-05,2025T4,Private,CDB,App,6-24 meses,10,Assessoria ajudou na decisao,,,,,,,,,
,,,,,,,34,,FD00098,C00034,2025-07-07,2025T3,Novo Investidor,COE,Assessoria,0-6 meses,10,Informacoes estavam faceis de encontrar,,,,,,,,,
35.0,2025-11-18 00:00:00,PRD_FND,8.0,0.0,26.8,0.0,35,Fundos,FD00362,C00035,2025-11-10,2025T4,Novo Investidor,Fundos,Internet Banking,6-24 meses,3,Nao consegui falar com assessor,,,,,,,,,
35.0,2025-11-18 00:00:00,PRD_FND,8.0,0.0,26.8,0.0,35,Fundos,FD00694,C00035,2026-03-18,2026T1,Novo Investidor,Tesouro Direto,Assessoria,6-24 meses,10,Boa experiencia no aplicativo,,,,,,,,,
35.0,2025-11-18 00:00:00,PRD_FND,8.0,0.0,26.8,0.0,35,Fundos,FD00701,C00035,2026-03-03,2026T1,Novo Investidor,Carteira Administrada,Internet Banking,2-5 anos,7,"Experiencia ok, mas poderia ser mais simples",,,,,,,,,
35.0,2026-03-13 00:00:00,PRD_CAR,10.0,0.0,52.3,0.0,35,Carteira Administrada,FD00362,C00035,2025-11-10,2025T4,Novo Investidor,Fundos,Internet Banking,6-24 meses,3,Nao consegui falar com assessor,,,,,,,,,
35.0,2026-03-13 00:00:00,PRD_CAR,10.0,0.0,52.3,0.0,35,Carteira Administrada,FD00694,C00035,2026-03-18,2026T1,Novo Investidor,Tesouro Direto,Assessoria,6-24 meses,10,Boa experiencia no aplicativo,,,,,,,,,
35.0,2026-03-13 00:00:00,PRD_CAR,10.0,0.0,52.3,0.0,35,Carteira Administrada,FD00701,C00035,2026-03-03,2026T1,Novo Investidor,Carteira Administrada,Internet Banking,2-5 anos,7,"Experiencia ok, mas poderia ser mais simples",,,,,,,,,
35.0,2026-03-21 00:00:00,PRD_TES,3.0,0.0,21.3,1.0,35,Tesouro Direto,FD00362,C00035,2025-11-10,2025T4,Novo Investidor,Fundos,Internet Banking,6-24 meses,3,Nao consegui falar com assessor,,,,,,,,,
35.0,2026-03-21 00:00:00,PRD_TES,3.0,0.0,21.3,1.0,35,Tesouro Direto,FD00694,C00035,2026-03-18,2026T1,Novo Investidor,Tesouro Direto,Assessoria,6-24 meses,10,Boa experiencia no aplicativo,,,,,,,,,
35.0,2026-03-21 00:00:00,PRD_TES,3.0,0.0,21.3,1.0,35,Tesouro Direto,FD00701,C00035,2026-03-03,2026T1,Novo Investidor,Carteira Administrada,Internet Banking,2-5 anos,7,"Experiencia ok, mas poderia ser mais simples",,,,,,,,,
36.0,2026-06-26 00:00:00,PRD_TES,8.0,0.0,14.8,0.0,36,Tesouro Direto,FD00781,C00036,2026-06-17,2026T2,Varejo,Tesouro Direto,App,6-24 meses,10,Assessoria ajudou na decisao,,,,,,,,,
36.0,2026-06-26 00:00:00,PRD_TES,8.0,0.0,14.8,0.0,36,Tesouro Direto,FD00789,C00036,2026-05-13,2026T2,Varejo,Carteira Administrada,App,6-24 meses,8,Tive duvida sobre rentabilidade,,,,,,,,,
36.0,2026-05-19 00:00:00,PRD_CAR,13.0,2.0,98.5,1.0,36,Carteira Administrada,FD00781,C00036,2026-06-17,2026T2,Varejo,Tesouro Direto,App,6-24 meses,10,Assessoria ajudou na decisao,,,,,,,,,
36.0,2026-05-19 00:00:00,PRD_CAR,13.0,2.0,98.5,1.0,36,Carteira Administrada,FD00789,C00036,2026-05-13,2026T2,Varejo,Carteira Administrada,App,6-24 meses,8,Tive duvida sobre rentabilidade,,,,,,,,,
37.0,2026-04-26 00:00:00,PRD_CDB,3.0,0.0,2.4,0.0,37,CDB,FD00515,C00037,2026-03-22,2026T1,Alta Renda,CDB,App,6-24 meses,8,Tive duvida sobre rentabilidade,,,,,,,,,
37.0,2026-04-26 00:00:00,PRD_CDB,3.0,0.0,2.4,0.0,37,CDB,FD00900,C00037,2026-04-21,2026T2,Alta Renda,CDB,Internet Banking,2-5 anos,9,Consegui acompanhar minha carteira,,,,,,,,,
37.0,2026-03-20 00:00:00,PRD_CDB,11.0,0.0,29.3,1.0,37,CDB,FD00515,C00037,2026-03-22,2026T1,Alta Renda,CDB,App,6-24 meses,8,Tive duvida sobre rentabilidade,,,,,,,,,
37.0,2026-03-20 00:00:00,PRD_CDB,11.0,0.0,29.3,1.0,37,CDB,FD00900,C00037,2026-04-21,2026T2,Alta Renda,CDB,Internet Banking,2-5 anos,9,Consegui acompanhar minha carteira,,,,,,,,,
38.0,2025-08-21 00:00:00,PRD_FND,4.0,0.0,21.6,0.0,38,Fundos,FD00126,C00038,2025-08-14,2025T3,Private,Fundos,App,6-24 meses,9,Informacoes estavam faceis de encontrar,38.0,16/03/2026,tesouro direto,dez,reclamacao atendimento,Chat,Resolvido,Demorou um pouco para encontrar informacoes,Tesouro Direto
38.0,2025-08-21 00:00:00,PRD_FND,4.0,0.0,21.6,0.0,38,Fundos,FD00710,C00038,2026-03-19,2026T1,Private,Tesouro Direto,Internet Banking,6-24 meses,9,Atendimento claro e rapido,38.0,16/03/2026,tesouro direto,dez,reclamacao atendimento,Chat,Resolvido,Demorou um pouco para encontrar informacoes,Tesouro Direto
38.0,2026-03-23 00:00:00,PRD_TES,3.0,0.0,24.3,0.0,38,Tesouro Direto,FD00126,C00038,2025-08-14,2025T3,Private,Fundos,App,6-24 meses,9,Informacoes estavam faceis de encontrar,38.0,16/03/2026,tesouro direto,dez,reclamacao atendimento,Chat,Resolvido,Demorou um pouco para encontrar informacoes,Tesouro Direto
38.0,2026-03-23 00:00:00,PRD_TES,3.0,0.0,24.3,0.0,38,Tesouro Direto,FD00710,C00038,2026-03-19,2026T1,Private,Tesouro Direto,Internet Banking,6-24 meses,9,Atendimento claro e rapido,38.0,16/03/2026,tesouro direto,dez,reclamacao atendimento,Chat,Resolvido,Demorou um pouco para encontrar informacoes,Tesouro Direto
39.0,2025-09-24 00:00:00,PRD_FND,6.0,0.0,19.2,0.0,39,Fundos,FD00029,C00039,2025-07-23,2025T3,Varejo,Tesouro Direto,App,6-24 meses,9,Boa experiencia no aplicativo,,,,,,,,,
39.0,2025-09-24 00:00:00,PRD_FND,6.0,0.0,19.2,0.0,39,Fundos,FD00229,C00039,2025-09-23,2025T3,Varejo,Fundos,Assessoria,2-5 anos,7,"Atendimento resolveu, mas demorou",,,,,,,,,
39.0,2025-09-24 00:00:00,PRD_FND,6.0,0.0,19.2,0.0,39,Fundos,FD00257,C00039,2025-11-09,2025T4,Varejo,CDB,Central de Atendimento,6-24 meses,10,Boa experiencia no aplicativo,,,,,,,,,
39.0,2025-09-24 00:00:00,PRD_FND,6.0,0.0,19.2,0.0,39,Fundos,FD00535,C00039,2026-01-18,2026T1,Varejo,CDB,App,0-6 meses,10,Consegui acompanhar minha carteira,,,,,,,,,
39.0,2025-09-24 00:00:00,PRD_FND,6.0,0.0,19.2,0.0,39,Fundos,FD00826,C00039,2026-04-25,2026T2,Varejo,Carteira Administrada,Central de Atendimento,0-6 meses,7,"Atendimento resolveu, mas demorou",,,,,,,,,
39.0,2025-09-24 00:00:00,PRD_FND,6.0,0.0,19.2,0.0,39,Fundos,FD00894,C00039,2026-04-19,2026T2,Varejo,CDB,App,0-6 meses,0,Informacoes divergentes sobre o produto,,,,,,,,,
39.0,2026-01-22 00:00:00,PRD_CDB,11.0,0.0,20.8,0.0,39,CDB,FD00029,C00039,2025-07-23,2025T3,Varejo,Tesouro Direto,App,6-24 meses,9,Boa experiencia no aplicativo,,,,,,,,,
39.0,2026-01-22 00:00:00,PRD_CDB,11.0,0.0,20.8,0.0,39,CDB,FD00229,C00039,2025-09-23,2025T3,Varejo,Fundos,Assessoria,2-5 anos,7,"Atendimento resolveu, mas demorou",,,,,,,,,
39.0,2026-01-22 00:00:00,PRD_CDB,11.0,0.0,20.8,0.0,39,CDB,FD00257,C00039,2025-11-09,2025T4,Varejo,CDB,Central de Atendimento,6-24 meses,10,Boa experiencia no aplicativo,,,,,,,,,
39.0,2026-01-22 00:00:00,PRD_CDB,11.0,0.0,20.8,0.0,39,CDB,FD00535,C00039,2026-01-18,2026T1,Varejo,CDB,App,0-6 meses,10,Consegui acompanhar minha carteira,,,,,,,,,
39.0,2026-01-22 00:00:00,PRD_CDB,11.0,0.0,20.8,0.0,39,CDB,FD00826,C00039,2026-04-25,2026T2,Varejo,Carteira Administrada,Central de Atendimento,0-6 meses,7,"Atendimento resolveu, mas demorou",,,,,,,,,
39.0,2026-01-22 00:00:00,PRD_CDB,11.0,0.0,20.8,0.0,39,CDB,FD00894,C00039,2026-04-19,2026T2,Varejo,CDB,App,0-6 meses,0,Informacoes divergentes sobre o produto,,,,,,,,,
39.0,2025-11-08 00:00:00,PRD_CDB,6.0,0.0,12.3,1.0,39,CDB,FD00029,C00039,2025-07-23,2025T3,Varejo,Tesouro Direto,App,6-24 meses,9,Boa experiencia no aplicativo,,,,,,,,,
39.0,2025-11-08 00:00:00,PRD_CDB,6.0,0.0,12.3,1.0,39,CDB,FD00229,C00039,2025-09-23,2025T3,Varejo,Fundos,Assessoria,2-5 anos,7,"Atendimento resolveu, mas demorou",,,,,,,,,
39.0,2025-11-08 00:00:00,PRD_CDB,6.0,0.0,12.3,1.0,39,CDB,FD00257,C00039,2025-11-09,2025T4,Varejo,CDB,Central de Atendimento,6-24 meses,10,Boa experiencia no aplicativo,,,,,,,,,
39.0,2025-11-08 00:00:00,PRD_CDB,6.0,0.0,12.3,1.0,39,CDB,FD00535,C00039,2026-01-18,2026T1,Varejo,CDB,App,0-6 meses,10,Consegui acompanhar minha carteira,,,,,,,,,
39.0,2025-11-08 00:00:00,PRD_CDB,6.0,0.0,12.3,1.0,39,CDB,FD00826,C00039,2026-04-25,2026T2,Varejo,Carteira Administrada,Central de Atendimento,0-6 meses,7,"Atendimento resolveu, mas demorou",,,,,,,,,
39.0,2025-11-08 00:00:00,PRD_CDB,6.0,0.0,12.3,1.0,39,CDB,FD00894,C00039,2026-04-19,2026T2,Varejo,CDB,App,0-6 meses,0,Informacoes divergentes sobre o produto,,,,,,,,,
39.0,2026-04-26 00:00:00,PRD_CDB,9.0,0.0,16.3,0.0,39,CDB,FD00029,C00039,2025-07-23,2025T3,Varejo,Tesouro Direto,App,6-24 meses,9,Boa experiencia no aplicativo,,,,,,,,,
39.0,2026-04-26 00:00:00,PRD_CDB,9.0,0.0,16.3,0.0,39,CDB,FD00229,C00039,2025-09-23,2025T3,Varejo,Fundos,Assessoria,2-5 anos,7,"Atendimento resolveu, mas demorou",,,,,,,,,
39.0,2026-04-26 00:00:00,PRD_CDB,9.0,0.0,16.3,0.0,39,CDB,FD00257,C00039,2025-11-09,2025T4,Varejo,CDB,Central de Atendimento,6-24 meses,10,Boa experiencia no aplicativo,,,,,,,,,
39.0,2026-04-26 00:00:00,PRD_CDB,9.0,0.0,16.3,0.0,39,CDB,FD00535,C00039,2026-01-18,2026T1,Varejo,CDB,App,0-6 meses,10,Consegui acompanhar minha carteira,,,,,,,,,
39.0,2026-04-26 00:00:00,PRD_CDB,9.0,0.0,16.3,0.0,39,CDB,FD00826,C00039,2026-04-25,2026T2,Varejo,Carteira Administrada,Central de Atendimento,0-6 meses,7,"Atendimento resolveu, mas demorou",,,,,,,,,
39.0,2026-04-26 00:00:00,PRD_CDB,9.0,0.0,16.3,0.0,39,CDB,FD00894,C00039,2026-04-19,2026T2,Varejo,CDB,App,0-6 meses,0,Informacoes divergentes sobre o produto,,,,,,,,,
39.0,2026-04-15 00:00:00,PRD_CAR,6.0,0.0,88.0,0.0,39,Carteira Administrada,FD00029,C00039,2025-07-23,2025T3,Varejo,Tesouro Direto,App,6-24 meses,9,Boa experiencia no aplicativo,,,,,,,,,
39.0,2026-04-15 00:00:00,PRD_CAR,6.0,0.0,88.0,0.0,39,Carteira Administrada,FD00229,C00039,2025-09-23,2025T3,Varejo,Fundos,Assessoria,2-5 anos,7,"Atendimento resolveu, mas demorou",,,,,,,,,
39.0,2026-04-15 00:00:00,PRD_CAR,6.0,0.0,88.0,0.0,39,Carteira Administrada,FD00257,C00039,2025-11-09,2025T4,Varejo,CDB,Central de Atendimento,6-24 meses,10,Boa experiencia no aplicativo,,,,,,,,,
39.0,2026-04-15 00:00:00,PRD_CAR,6.0,0.0,88.0,0.0,39,Carteira Administrada,FD00535,C00039,2026-01-18,2026T1,Varejo,CDB,App,0-6 meses,10,Consegui acompanhar minha carteira,,,,,,,,,
39.0,2026-04-15 00:00:00,PRD_CAR,6.0,0.0,88.0,0.0,39,Carteira Administrada,FD00826,C00039,2026-04-25,2026T2,Varejo,Carteira Administrada,Central de Atendimento,0-6 meses,7,"Atendimento resolveu, mas demorou",,,,,,,,,
39.0,2026-04-15 00:00:00,PRD_CAR,6.0,0.0,88.0,0.0,39,Carteira Administrada,FD00894,C00039,2026-04-19,2026T2,Varejo,CDB,App,0-6 meses,0,Informacoes divergentes sobre o produto,,,,,,,,,
40.0,2025-08-16 00:00:00,PRD_CDB,12.0,0.0,15.2,0.0,40,CDB,FD00195,C00040,2025-08-20,2025T3,Alta Renda,CDB,App,5+ anos,5,Informacoes divergentes sobre o produto,,,,,,,,,
40.0,2025-08-16 00:00:00,PRD_CDB,12.0,0.0,15.2,0.0,40,CDB,FD00734,C00040,2026-06-22,2026T2,Alta Renda,Carteira Administrada,App,6-24 meses,7,"Atendimento resolveu, mas demorou",,,,,,,,,
42.0,2026-02-17 00:00:00,PRD_TES,9.0,1.0,26.4,0.0,42,Tesouro Direto,FD00645,C00042,2026-02-10,2026T1,Alta Renda,Tesouro Direto,Assessoria,2-5 anos,10,Informacoes estavam faceis de encontrar,,,,,,,,,
43.0,2026-05-02 00:00:00,PRD_FND,17.0,0.0,18.1,0.0,43,Fundos,FD00722,C00043,2026-04-23,2026T2,Private,Fundos,App,6-24 meses,10,Atendimento claro e rapido,,,,,,,,,
44.0,2025-09-28 00:00:00,PRD_TES,6.0,1.0,44.5,0.0,44,Tesouro Direto,FD00044,C00044,2025-09-23,2025T3,Novo Investidor,Tesouro Direto,Internet Banking,2-5 anos,7,Demorou um pouco para encontrar informacoes,,,,,,,,,
45.0,2026-02-01 00:00:00,PRD_CDB,8.0,0.0,16.4,0.0,45,CDB,FD00422,C00045,2025-12-01,2025T4,Private,Tesouro Direto,App,2-5 anos,4,Aplicativo travou durante consulta,,,,,,,,,
45.0,2026-02-01 00:00:00,PRD_CDB,8.0,0.0,16.4,0.0,45,CDB,FD00648,C00045,2026-02-10,2026T1,Private,CDB,App,2-5 anos,10,Assessoria ajudou na decisao,,,,,,,,,
45.0,2026-02-01 00:00:00,PRD_CDB,8.0,0.0,16.4,0.0,45,CDB,FD00675,C00045,2026-03-26,2026T1,Private,Carteira Administrada,App,5+ anos,10,Informacoes estavam faceis de encontrar,,,,,,,,,
45.0,2026-04-03 00:00:00,PRD_CAR,7.0,0.0,38.0,0.0,45,Carteira Administrada,FD00422,C00045,2025-12-01,2025T4,Private,Tesouro Direto,App,2-5 anos,4,Aplicativo travou durante consulta,,,,,,,,,
45.0,2026-04-03 00:00:00,PRD_CAR,7.0,0.0,38.0,0.0,45,Carteira Administrada,FD00648,C00045,2026-02-10,2026T1,Private,CDB,App,2-5 anos,10,Assessoria ajudou na decisao,,,,,,,,,
45.0,2026-04-03 00:00:00,PRD_CAR,7.0,0.0,38.0,0.0,45,Carteira Administrada,FD00675,C00045,2026-03-26,2026T1,Private,Carteira Administrada,App,5+ anos,10,Informacoes estavam faceis de encontrar,,,,,,,,,
45.0,2025-12-08 00:00:00,PRD_TES,6.0,0.0,19.4,0.0,45,Tesouro Direto,FD00422,C00045,2025-12-01,2025T4,Private,Tesouro Direto,App,2-5 anos,4,Aplicativo travou durante consulta,,,,,,,,,
45.0,2025-12-08 00:00:00,PRD_TES,6.0,0.0,19.4,0.0,45,Tesouro Direto,FD00648,C00045,2026-02-10,2026T1,Private,CDB,App,2-5 anos,10,Assessoria ajudou na decisao,,,,,,,,,
45.0,2025-12-08 00:00:00,PRD_TES,6.0,0.0,19.4,0.0,45,Tesouro Direto,FD00675,C00045,2026-03-26,2026T1,Private,Carteira Administrada,App,5+ anos,10,Informacoes estavam faceis de encontrar,,,,,,,,,
46.0,2026-05-07 00:00:00,PRD_CAR,5.0,1.0,84.3,0.0,46,Carteira Administrada,FD00909,C00046,2026-05-08,2026T2,Varejo,Carteira Administrada,Assessoria,2-5 anos,3,Nao ficou claro o risco do produto,46.0,08/05/2026,carteira administrada,3,extrato,Telefone,Resolvido,Demora para resolver meu problema,Carteira Administrada
47.0,2026-02-07 00:00:00,PRD_CDB,7.0,0.0,9.8,0.0,47,CDB,FD00142,C00047,2025-09-10,2025T3,Alta Renda,CDB,App,2-5 anos,9,Informacoes estavam faceis de encontrar,47.0,03/02/2026,C.D.B.,9,explicacao risco,Telefone,Resolvido,Atendimento claro e rapido,CDB
47.0,2026-02-07 00:00:00,PRD_CDB,7.0,0.0,9.8,0.0,47,CDB,FD00564,C00047,2026-02-05,2026T1,Alta Renda,CDB,App,2-5 anos,10,Informacoes estavam faceis de encontrar,47.0,03/02/2026,C.D.B.,9,explicacao risco,Telefone,Resolvido,Atendimento claro e rapido,CDB
47.0,2025-09-10 00:00:00,PRD_CDB,13.0,0.0,7.8,0.0,47,CDB,FD00142,C00047,2025-09-10,2025T3,Alta Renda,CDB,App,2-5 anos,9,Informacoes estavam faceis de encontrar,47.0,03/02/2026,C.D.B.,9,explicacao risco,Telefone,Resolvido,Atendimento claro e rapido,CDB
47.0,2025-09-10 00:00:00,PRD_CDB,13.0,0.0,7.8,0.0,47,CDB,FD00564,C00047,2026-02-05,2026T1,Alta Renda,CDB,App,2-5 anos,10,Informacoes estavam faceis de encontrar,47.0,03/02/2026,C.D.B.,9,explicacao risco,Telefone,Resolvido,Atendimento claro e rapido,CDB
48.0,2025-11-26 00:00:00,PRD_FND,12.0,0.0,5.5,0.0,48,Fundos,FD00399,C00048,2025-12-26,2025T4,Alta Renda,CDB,Assessoria,2-5 anos,10,Informacoes estavam faceis de encontrar,48.0,25/12/2025,C.D.B.,9,explicacao risco,E-mail,Resolvido,Boa experiencia no aplicativo,CDB
48.0,2025-11-26 00:00:00,PRD_FND,12.0,0.0,5.5,0.0,48,Fundos,FD00399,C00048,2025-12-26,2025T4,Alta Renda,CDB,Assessoria,2-5 anos,10,Informacoes estavam faceis de encontrar,48.0,05/12/2025,Fundos,5,acesso app,Telefone,Resolvido,Aplicativo poderia explicar melhor,Fundos
48.0,2025-11-26 00:00:00,PRD_FND,12.0,0.0,5.5,0.0,48,Fundos,FD00399,C00048,2025-12-26,2025T4,Alta Renda,CDB,Assessoria,2-5 anos,10,Informacoes estavam faceis de encontrar,48.0,30-Jan-26,coe,10,reclamacao atendimento,Chat,Pendente,Demora para resolver meu problema,COE
48.0,2025-11-26 00:00:00,PRD_FND,12.0,0.0,5.5,0.0,48,Fundos,FD00406,C00048,2025-12-03,2025T4,Alta Renda,Fundos,App,5+ anos,5,Informacoes divergentes sobre o produto,48.0,25/12/2025,C.D.B.,9,explicacao risco,E-mail,Resolvido,Boa experiencia no aplicativo,CDB
48.0,2025-11-26 00:00:00,PRD_FND,12.0,0.0,5.5,0.0,48,Fundos,FD00406,C00048,2025-12-03,2025T4,Alta Renda,Fundos,App,5+ anos,5,Informacoes divergentes sobre o produto,48.0,05/12/2025,Fundos,5,acesso app,Telefone,Resolvido,Aplicativo poderia explicar melhor,Fundos
48.0,2025-11-26 00:00:00,PRD_FND,12.0,0.0,5.5,0.0,48,Fundos,FD00406,C00048,2025-12-03,2025T4,Alta Renda,Fundos,App,5+ anos,5,Informacoes divergentes sobre o produto,48.0,30-Jan-26,coe,10,reclamacao atendimento,Chat,Pendente,Demora para resolver meu problema,COE
48.0,2025-11-26 00:00:00,PRD_FND,12.0,0.0,5.5,0.0,48,Fundos,FD00474,C00048,2026-03-31,2026T1,Alta Renda,Carteira Administrada,Central de Atendimento,5+ anos,8,Tive duvida sobre rentabilidade,48.0,25/12/2025,C.D.B.,9,explicacao risco,E-mail,Resolvido,Boa experiencia no aplicativo,CDB
48.0,2025-11-26 00:00:00,PRD_FND,12.0,0.0,5.5,0.0,48,Fundos,FD00474,C00048,2026-03-31,2026T1,Alta Renda,Carteira Administrada,Central de Atendimento,5+ anos,8,Tive duvida sobre rentabilidade,48.0,05/12/2025,Fundos,5,acesso app,Telefone,Resolvido,Aplicativo poderia explicar melhor,Fundos
48.0,2025-11-26 00:00:00,PRD_FND,12.0,0.0,5.5,0.0,48,Fundos,FD00474,C00048,2026-03-31,2026T1,Alta Renda,Carteira Administrada,Central de Atendimento,5+ anos,8,Tive duvida sobre rentabilidade,48.0,30-Jan-26,coe,10,reclamacao atendimento,Chat,Pendente,Demora para resolver meu problema,COE
48.0,2025-11-26 00:00:00,PRD_FND,12.0,0.0,5.5,0.0,48,Fundos,FD00477,C00048,2026-01-27,2026T1,Alta Renda,COE,Central de Atendimento,0-6 meses,9,Boa experiencia no aplicativo,48.0,25/12/2025,C.D.B.,9,explicacao risco,E-mail,Resolvido,Boa experiencia no aplicativo,CDB
48.0,2025-11-26 00:00:00,PRD_FND,12.0,0.0,5.5,0.0,48,Fundos,FD00477,C00048,2026-01-27,2026T1,Alta Renda,COE,Central de Atendimento,0-6 meses,9,Boa experiencia no aplicativo,48.0,05/12/2025,Fundos,5,acesso app,Telefone,Resolvido,Aplicativo poderia explicar melhor,Fundos
48.0,2025-11-26 00:00:00,PRD_FND,12.0,0.0,5.5,0.0,48,Fundos,FD00477,C00048,2026-01-27,2026T1,Alta Renda,COE,Central de Atendimento,0-6 meses,9,Boa experiencia no aplicativo,48.0,30-Jan-26,coe,10,reclamacao atendimento,Chat,Pendente,Demora para resolver meu problema,COE
48.0,2025-11-26 00:00:00,PRD_FND,12.0,0.0,5.5,0.0,48,Fundos,FD00399,C00048,2025-12-26,2025T4,Alta Renda,CDB,Assessoria,2-5 anos,10,Informacoes estavam faceis de encontrar,48.0,25/12/2025,C.D.B.,9,explicacao risco,E-mail,Resolvido,Boa experiencia no aplicativo,CDB
48.0,2025-11-26 00:00:00,PRD_FND,12.0,0.0,5.5,0.0,48,Fundos,FD00399,C00048,2025-12-26,2025T4,Alta Renda,CDB,Assessoria,2-5 anos,10,Informacoes estavam faceis de encontrar,48.0,05/12/2025,Fundos,5,acesso app,Telefone,Resolvido,Aplicativo poderia explicar melhor,Fundos
48.0,2025-11-26 00:00:00,PRD_FND,12.0,0.0,5.5,0.0,48,Fundos,FD00399,C00048,2025-12-26,2025T4,Alta Renda,CDB,Assessoria,2-5 anos,10,Informacoes estavam faceis de encontrar,48.0,30-Jan-26,coe,10,reclamacao atendimento,Chat,Pendente,Demora para resolver meu problema,COE
48.0,2026-01-05 00:00:00,PRD_CDB,9.0,0.0,24.7,0.0,48,CDB,FD00399,C00048,2025-12-26,2025T4,Alta Renda,CDB,Assessoria,2-5 anos,10,Informacoes estavam faceis de encontrar,48.0,25/12/2025,C.D.B.,9,explicacao risco,E-mail,Resolvido,Boa experiencia no aplicativo,CDB
48.0,2026-01-05 00:00:00,PRD_CDB,9.0,0.0,24.7,0.0,48,CDB,FD00399,C00048,2025-12-26,2025T4,Alta Renda,CDB,Assessoria,2-5 anos,10,Informacoes estavam faceis de encontrar,48.0,05/12/2025,Fundos,5,acesso app,Telefone,Resolvido,Aplicativo poderia explicar melhor,Fundos
48.0,2026-01-05 00:00:00,PRD_CDB,9.0,0.0,24.7,0.0,48,CDB,FD00399,C00048,2025-12-26,2025T4,Alta Renda,CDB,Assessoria,2-5 anos,10,Informacoes estavam faceis de encontrar,48.0,30-Jan-26,coe,10,reclamacao atendimento,Chat,Pendente,Demora para resolver meu problema,COE
48.0,2026-01-05 00:00:00,PRD_CDB,9.0,0.0,24.7,0.0,48,CDB,FD00406,C00048,2025-12-03,2025T4,Alta Renda,Fundos,App,5+ anos,5,Informacoes divergentes sobre o produto,48.0,25/12/2025,C.D.B.,9,explicacao risco,E-mail,Resolvido,Boa experiencia no aplicativo,CDB
48.0,2026-01-05 00:00:00,PRD_CDB,9.0,0.0,24.7,0.0,48,CDB,FD00406,C00048,2025-12-03,2025T4,Alta Renda,Fundos,App,5+ anos,5,Informacoes divergentes sobre o produto,48.0,05/12/2025,Fundos,5,acesso app,Telefone,Resolvido,Aplicativo poderia explicar melhor,Fundos
48.0,2026-01-05 00:00:00,PRD_CDB,9.0,0.0,24.7,0.0,48,CDB,FD00406,C00048,2025-12-03,2025T4,Alta Renda,Fundos,App,5+ anos,5,Informacoes divergentes sobre o produto,48.0,30-Jan-26,coe,10,reclamacao atendimento,Chat,Pendente,Demora para resolver meu problema,COE
48.0,2026-01-05 00:00:00,PRD_CDB,9.0,0.0,24.7,0.0,48,CDB,FD00474,C00048,2026-03-31,2026T1,Alta Renda,Carteira Administrada,Central de Atendimento,5+ anos,8,Tive duvida sobre rentabilidade,48.0,25/12/2025,C.D.B.,9,explicacao risco,E-mail,Resolvido,Boa experiencia no aplicativo,CDB
48.0,2026-01-05 00:00:00,PRD_CDB,9.0,0.0,24.7,0.0,48,CDB,FD00474,C00048,2026-03-31,2026T1,Alta Renda,Carteira Administrada,Central de Atendimento,5+ anos,8,Tive duvida sobre rentabilidade,48.0,05/12/2025,Fundos,5,acesso app,Telefone,Resolvido,Aplicativo poderia explicar melhor,Fundos
48.0,2026-01-05 00:00:00,PRD_CDB,9.0,0.0,24.7,0.0,48,CDB,FD00474,C00048,2026-03-31,2026T1,Alta Renda,Carteira Administrada,Central de Atendimento,5+ anos,8,Tive duvida sobre rentabilidade,48.0,30-Jan-26,coe,10,reclamacao atendimento,Chat,Pendente,Demora para resolver meu problema,COE
48.0,2026-01-05 00:00:00,PRD_CDB,9.0,0.0,24.7,0.0,48,CDB,FD00477,C00048,2026-01-27,2026T1,Alta Renda,COE,Central de Atendimento,0-6 meses,9,Boa experiencia no aplicativo,48.0,25/12/2025,C.D.B.,9,explicacao risco,E-mail,Resolvido,Boa experiencia no aplicativo,CDB
48.0,2026-01-05 00:00:00,PRD_CDB,9.0,0.0,24.7,0.0,48,CDB,FD00477,C00048,2026-01-27,2026T1,Alta Renda,COE,Central de Atendimento,0-6 meses,9,Boa experiencia no aplicativo,48.0,05/12/2025,Fundos,5,acesso app,Telefone,Resolvido,Aplicativo poderia explicar melhor,Fundos
48.0,2026-01-05 00:00:00,PRD_CDB,9.0,0.0,24.7,0.0,48,CDB,FD00477,C00048,2026-01-27,2026T1,Alta Renda,COE,Central de Atendimento,0-6 meses,9,Boa experiencia no aplicativo,48.0,30-Jan-26,coe,10,reclamacao atendimento,Chat,Pendente,Demora para resolver meu problema,COE
48.0,2026-01-05 00:00:00,PRD_CDB,9.0,0.0,24.7,0.0,48,CDB,FD00399,C00048,2025-12-26,2025T4,Alta Renda,CDB,Assessoria,2-5 anos,10,Informacoes estavam faceis de encontrar,48.0,25/12/2025,C.D.B.,9,explicacao risco,E-mail,Resolvido,Boa experiencia no aplicativo,CDB
48.0,2026-01-05 00:00:00,PRD_CDB,9.0,0.0,24.7,0.0,48,CDB,FD00399,C00048,2025-12-26,2025T4,Alta Renda,CDB,Assessoria,2-5 anos,10,Informacoes estavam faceis de encontrar,48.0,05/12/2025,Fundos,5,acesso app,Telefone,Resolvido,Aplicativo poderia explicar melhor,Fundos
48.0,2026-01-05 00:00:00,PRD_CDB,9.0,0.0,24.7,0.0,48,CDB,FD00399,C00048,2025-12-26,2025T4,Alta Renda,CDB,Assessoria,2-5 anos,10,Informacoes estavam faceis de encontrar,48.0,30-Jan-26,coe,10,reclamacao atendimento,Chat,Pendente,Demora para resolver meu problema,COE
48.0,2026-01-19 00:00:00,PRD_COE,3.0,0.0,23.6,0.0,48,COE,FD00399,C00048,2025-12-26,2025T4,Alta Renda,CDB,Assessoria,2-5 anos,10,Informacoes estavam faceis de encontrar,48.0,25/12/2025,C.D.B.,9,explicacao risco,E-mail,Resolvido,Boa experiencia no aplicativo,CDB
48.0,2026-01-19 00:00:00,PRD_COE,3.0,0.0,23.6,0.0,48,COE,FD00399,C00048,2025-12-26,2025T4,Alta Renda,CDB,Assessoria,2-5 anos,10,Informacoes estavam faceis de encontrar,48.0,05/12/2025,Fundos,5,acesso app,Telefone,Resolvido,Aplicativo poderia explicar melhor,Fundos
48.0,2026-01-19 00:00:00,PRD_COE,3.0,0.0,23.6,0.0,48,COE,FD00399,C00048,2025-12-26,2025T4,Alta Renda,CDB,Assessoria,2-5 anos,10,Informacoes estavam faceis de encontrar,48.0,30-Jan-26,coe,10,reclamacao atendimento,Chat,Pendente,Demora para resolver meu problema,COE
48.0,2026-01-19 00:00:00,PRD_COE,3.0,0.0,23.6,0.0,48,COE,FD00406,C00048,2025-12-03,2025T4,Alta Renda,Fundos,App,5+ anos,5,Informacoes divergentes sobre o produto,48.0,25/12/2025,C.D.B.,9,explicacao risco,E-mail,Resolvido,Boa experiencia no aplicativo,CDB
48.0,2026-01-19 00:00:00,PRD_COE,3.0,0.0,23.6,0.0,48,COE,FD00406,C00048,2025-12-03,2025T4,Alta Renda,Fundos,App,5+ anos,5,Informacoes divergentes sobre o produto,48.0,05/12/2025,Fundos,5,acesso app,Telefone,Resolvido,Aplicativo poderia explicar melhor,Fundos
48.0,2026-01-19 00:00:00,PRD_COE,3.0,0.0,23.6,0.0,48,COE,FD00406,C00048,2025-12-03,2025T4,Alta Renda,Fundos,App,5+ anos,5,Informacoes divergentes sobre o produto,48.0,30-Jan-26,coe,10,reclamacao atendimento,Chat,Pendente,Demora para resolver meu problema,COE
48.0,2026-01-19 00:00:00,PRD_COE,3.0,0.0,23.6,0.0,48,COE,FD00474,C00048,2026-03-31,2026T1,Alta Renda,Carteira Administrada,Central de Atendimento,5+ anos,8,Tive duvida sobre rentabilidade,48.0,25/12/2025,C.D.B.,9,explicacao risco,E-mail,Resolvido,Boa experiencia no aplicativo,CDB
48.0,2026-01-19 00:00:00,PRD_COE,3.0,0.0,23.6,0.0,48,COE,FD00474,C00048,2026-03-31,2026T1,Alta Renda,Carteira Administrada,Central de Atendimento,5+ anos,8,Tive duvida sobre rentabilidade,48.0,05/12/2025,Fundos,5,acesso app,Telefone,Resolvido,Aplicativo poderia explicar melhor,Fundos
48.0,2026-01-19 00:00:00,PRD_COE,3.0,0.0,23.6,0.0,48,COE,FD00474,C00048,2026-03-31,2026T1,Alta Renda,Carteira Administrada,Central de Atendimento,5+ anos,8,Tive duvida sobre rentabilidade,48.0,30-Jan-26,coe,10,reclamacao atendimento,Chat,Pendente,Demora para resolver meu problema,COE
48.0,2026-01-19 00:00:00,PRD_COE,3.0,0.0,23.6,0.0,48,COE,FD00477,C00048,2026-01-27,2026T1,Alta Renda,COE,Central de Atendimento,0-6 meses,9,Boa experiencia no aplicativo,48.0,25/12/2025,C.D.B.,9,explicacao risco,E-mail,Resolvido,Boa experiencia no aplicativo,CDB
48.0,2026-01-19 00:00:00,PRD_COE,3.0,0.0,23.6,0.0,48,COE,FD00477,C00048,2026-01-27,2026T1,Alta Renda,COE,Central de Atendimento,0-6 meses,9,Boa experiencia no aplicativo,48.0,05/12/2025,Fundos,5,acesso app,Telefone,Resolvido,Aplicativo poderia explicar melhor,Fundos
48.0,2026-01-19 00:00:00,PRD_COE,3.0,0.0,23.6,0.0,48,COE,FD00477,C00048,2026-01-27,2026T1,Alta Renda,COE,Central de Atendimento,0-6 meses,9,Boa experiencia no aplicativo,48.0,30-Jan-26,coe,10,reclamacao atendimento,Chat,Pendente,Demora para resolver meu problema,COE
48.0,2026-01-19 00:00:00,PRD_COE,3.0,0.0,23.6,0.0,48,COE,FD00399,C00048,2025-12-26,2025T4,Alta Renda,CDB,Assessoria,2-5 anos,10,Informacoes estavam faceis de encontrar,48.0,25/12/2025,C.D.B.,9,explicacao risco,E-mail,Resolvido,Boa experiencia no aplicativo,CDB
48.0,2026-01-19 00:00:00,PRD_COE,3.0,0.0,23.6,0.0,48,COE,FD00399,C00048,2025-12-26,2025T4,Alta Renda,CDB,Assessoria,2-5 anos,10,Informacoes estavam faceis de encontrar,48.0,05/12/2025,Fundos,5,acesso app,Telefone,Resolvido,Aplicativo poderia explicar melhor,Fundos
48.0,2026-01-19 00:00:00,PRD_COE,3.0,0.0,23.6,0.0,48,COE,FD00399,C00048,2025-12-26,2025T4,Alta Renda,CDB,Assessoria,2-5 anos,10,Informacoes estavam faceis de encontrar,48.0,30-Jan-26,coe,10,reclamacao atendimento,Chat,Pendente,Demora para resolver meu problema,COE
49.0,2026-04-08 00:00:00,PRD_TES,7.0,0.0,16.1,0.0,49,Tesouro Direto,FD00043,C00049,2025-08-21,2025T3,Alta Renda,CDB,Central de Atendimento,6-24 meses,10,Boa experiencia no aplicativo,49.0,23-Aug-25,CDB,9,reclamacao atendimento,Telefone,Resolvido,Aplicativo poderia explicar melhor,CDB
49.0,2026-04-08 00:00:00,PRD_TES,7.0,0.0,16.1,0.0,49,Tesouro Direto,FD00145,C00049,2025-09-18,2025T3,Alta Renda,Fundos,Internet Banking,2-5 anos,10,Informacoes estavam faceis de encontrar,49.0,23-Aug-25,CDB,9,reclamacao atendimento,Telefone,Resolvido,Aplicativo poderia explicar melhor,CDB
49.0,2026-04-08 00:00:00,PRD_TES,7.0,0.0,16.1,0.0,49,Tesouro Direto,FD00771,C00049,2026-04-03,2026T2,Alta Renda,Tesouro Direto,App,6-24 meses,9,Consegui acompanhar minha carteira,49.0,23-Aug-25,CDB,9,reclamacao atendimento,Telefone,Resolvido,Aplicativo poderia explicar melhor,CDB
49.0,2026-04-08 00:00:00,PRD_TES,7.0,0.0,16.1,0.0,49,Tesouro Direto,FD00930,C00049,2026-05-28,2026T2,Alta Renda,CDB,App,5+ anos,10,Atendimento claro e rapido,49.0,23-Aug-25,CDB,9,reclamacao atendimento,Telefone,Resolvido,Aplicativo poderia explicar melhor,CDB
49.0,2026-06-04 00:00:00,PRD_CDB,6.0,0.0,12.5,0.0,49,CDB,FD00043,C00049,2025-08-21,2025T3,Alta Renda,CDB,Central de Atendimento,6-24 meses,10,Boa experiencia no aplicativo,49.0,23-Aug-25,CDB,9,reclamacao atendimento,Telefone,Resolvido,Aplicativo poderia explicar melhor,CDB
49.0,2026-06-04 00:00:00,PRD_CDB,6.0,0.0,12.5,0.0,49,CDB,FD00145,C00049,2025-09-18,2025T3,Alta Renda,Fundos,Internet Banking,2-5 anos,10,Informacoes estavam faceis de encontrar,49.0,23-Aug-25,CDB,9,reclamacao atendimento,Telefone,Resolvido,Aplicativo poderia explicar melhor,CDB
49.0,2026-06-04 00:00:00,PRD_CDB,6.0,0.0,12.5,0.0,49,CDB,FD00771,C00049,2026-04-03,2026T2,Alta Renda,Tesouro Direto,App,6-24 meses,9,Consegui acompanhar minha carteira,49.0,23-Aug-25,CDB,9,reclamacao atendimento,Telefone,Resolvido,Aplicativo poderia explicar melhor,CDB
49.0,2026-06-04 00:00:00,PRD_CDB,6.0,0.0,12.5,0.0,49,CDB,FD00930,C00049,2026-05-28,2026T2,Alta Renda,CDB,App,5+ anos,10,Atendimento claro e rapido,49.0,23-Aug-25,CDB,9,reclamacao atendimento,Telefone,Resolvido,Aplicativo poderia explicar melhor,CDB
49.0,2025-09-17 00:00:00,PRD_FND,5.0,0.0,27.2,0.0,49,Fundos,FD00043,C00049,2025-08-21,2025T3,Alta Renda,CDB,Central de Atendimento,6-24 meses,10,Boa experiencia no aplicativo,49.0,23-Aug-25,CDB,9,reclamacao atendimento,Telefone,Resolvido,Aplicativo poderia explicar melhor,CDB
49.0,2025-09-17 00:00:00,PRD_FND,5.0,0.0,27.2,0.0,49,Fundos,FD00145,C00049,2025-09-18,2025T3,Alta Renda,Fundos,Internet Banking,2-5 anos,10,Informacoes estavam faceis de encontrar,49.0,23-Aug-25,CDB,9,reclamacao atendimento,Telefone,Resolvido,Aplicativo poderia explicar melhor,CDB
49.0,2025-09-17 00:00:00,PRD_FND,5.0,0.0,27.2,0.0,49,Fundos,FD00771,C00049,2026-04-03,2026T2,Alta Renda,Tesouro Direto,App,6-24 meses,9,Consegui acompanhar minha carteira,49.0,23-Aug-25,CDB,9,reclamacao atendimento,Telefone,Resolvido,Aplicativo poderia explicar melhor,CDB
49.0,2025-09-17 00:00:00,PRD_FND,5.0,0.0,27.2,0.0,49,Fundos,FD00930,C00049,2026-05-28,2026T2,Alta Renda,CDB,App,5+ anos,10,Atendimento claro e rapido,49.0,23-Aug-25,CDB,9,reclamacao atendimento,Telefone,Resolvido,Aplicativo poderia explicar melhor,CDB
49.0,2025-08-20 00:00:00,PRD_CDB,2.0,0.0,10.9,0.0,49,CDB,FD00043,C00049,2025-08-21,2025T3,Alta Renda,CDB,Central de Atendimento,6-24 meses,10,Boa experiencia no aplicativo,49.0,23-Aug-25,CDB,9,reclamacao atendimento,Telefone,Resolvido,Aplicativo poderia explicar melhor,CDB
49.0,2025-08-20 00:00:00,PRD_CDB,2.0,0.0,10.9,0.0,49,CDB,FD00145,C00049,2025-09-18,2025T3,Alta Renda,Fundos,Internet Banking,2-5 anos,10,Informacoes estavam faceis de encontrar,49.0,23-Aug-25,CDB,9,reclamacao atendimento,Telefone,Resolvido,Aplicativo poderia explicar melhor,CDB
49.0,2025-08-20 00:00:00,PRD_CDB,2.0,0.0,10.9,0.0,49,CDB,FD00771,C00049,2026-04-03,2026T2,Alta Renda,Tesouro Direto,App,6-24 meses,9,Consegui acompanhar minha carteira,49.0,23-Aug-25,CDB,9,reclamacao atendimento,Telefone,Resolvido,Aplicativo poderia explicar melhor,CDB
49.0,2025-08-20 00:00:00,PRD_CDB,2.0,0.0,10.9,0.0,49,CDB,FD00930,C00049,2026-05-28,2026T2,Alta Renda,CDB,App,5+ anos,10,Atendimento claro e rapido,49.0,23-Aug-25,CDB,9,reclamacao atendimento,Telefone,Resolvido,Aplicativo poderia explicar melhor,CDB
50.0,2026-03-16 00:00:00,PRD_TES,9.0,0.0,22.1,0.0,50,Tesouro Direto,FD00046,C00050,2025-07-30,2025T3,Private,Tesouro Direto,App,6-24 meses,9,Boa experiencia no aplicativo,50.0,05/06/2026,Carteira Administrada,9,reclamacao atendimento,Telefone,Resolvido,Aplicativo poderia explicar melhor,Carteira Administrada
50.0,2026-03-16 00:00:00,PRD_TES,9.0,0.0,22.1,0.0,50,Tesouro Direto,FD00046,C00050,2025-07-30,2025T3,Private,Tesouro Direto,App,6-24 meses,9,Boa experiencia no aplicativo,50.0,28-Jul-25,tesouro direto,8,duvida rentabilidade,Telefone,Pendente,Informacoes estavam faceis de encontrar,Tesouro Direto
50.0,2026-03-16 00:00:00,PRD_TES,9.0,0.0,22.1,0.0,50,Tesouro Direto,FD00640,C00050,2026-03-19,2026T1,Private,Tesouro Direto,App,6-24 meses,9,,50.0,05/06/2026,Carteira Administrada,9,reclamacao atendimento,Telefone,Resolvido,Aplicativo poderia explicar melhor,Carteira Administrada
50.0,2026-03-16 00:00:00,PRD_TES,9.0,0.0,22.1,0.0,50,Tesouro Direto,FD00640,C00050,2026-03-19,2026T1,Private,Tesouro Direto,App,6-24 meses,9,,50.0,28-Jul-25,tesouro direto,8,duvida rentabilidade,Telefone,Pendente,Informacoes estavam faceis de encontrar,Tesouro Direto
50.0,2026-03-16 00:00:00,PRD_TES,9.0,0.0,22.1,0.0,50,Tesouro Direto,FD00899,C00050,2026-04-26,2026T2,Private,Tesouro Direto,Internet Banking,6-24 meses,9,Assessoria ajudou na decisao,50.0,05/06/2026,Carteira Administrada,9,reclamacao atendimento,Telefone,Resolvido,Aplicativo poderia explicar melhor,Carteira Administrada
50.0,2026-03-16 00:00:00,PRD_TES,9.0,0.0,22.1,0.0,50,Tesouro Direto,FD00899,C00050,2026-04-26,2026T2,Private,Tesouro Direto,Internet Banking,6-24 meses,9,Assessoria ajudou na decisao,50.0,28-Jul-25,tesouro direto,8,duvida rentabilidade,Telefone,Pendente,Informacoes estavam faceis de encontrar,Tesouro Direto
50.0,2026-03-16 00:00:00,PRD_TES,9.0,0.0,22.1,0.0,50,Tesouro Direto,FD00959,C00050,2026-06-02,2026T2,Private,Carteira Administrada,App,6-24 meses,10,Informacoes estavam faceis de encontrar,50.0,05/06/2026,Carteira Administrada,9,reclamacao atendimento,Telefone,Resolvido,Aplicativo poderia explicar melhor,Carteira Administrada
50.0,2026-03-16 00:00:00,PRD_TES,9.0,0.0,22.1,0.0,50,Tesouro Direto,FD00959,C00050,2026-06-02,2026T2,Private,Carteira Administrada,App,6-24 meses,10,Informacoes estavam faceis de encontrar,50.0,28-Jul-25,tesouro direto,8,duvida rentabilidade,Telefone,Pendente,Informacoes estavam faceis de encontrar,Tesouro Direto
50.0,2025-07-28 00:00:00,PRD_TES,8.0,0.0,3.6,0.0,50,Tesouro Direto,FD00046,C00050,2025-07-30,2025T3,Private,Tesouro Direto,App,6-24 meses,9,Boa experiencia no aplicativo,50.0,05/06/2026,Carteira Administrada,9,reclamacao atendimento,Telefone,Resolvido,Aplicativo poderia explicar melhor,Carteira Administrada
50.0,2025-07-28 00:00:00,PRD_TES,8.0,0.0,3.6,0.0,50,Tesouro Direto,FD00046,C00050,2025-07-30,2025T3,Private,Tesouro Direto,App,6-24 meses,9,Boa experiencia no aplicativo,50.0,28-Jul-25,tesouro direto,8,duvida rentabilidade,Telefone,Pendente,Informacoes estavam faceis de encontrar,Tesouro Direto
50.0,2025-07-28 00:00:00,PRD_TES,8.0,0.0,3.6,0.0,50,Tesouro Direto,FD00640,C00050,2026-03-19,2026T1,Private,Tesouro Direto,App,6-24 meses,9,,50.0,05/06/2026,Carteira Administrada,9,reclamacao atendimento,Telefone,Resolvido,Aplicativo poderia explicar melhor,Carteira Administrada
50.0,2025-07-28 00:00:00,PRD_TES,8.0,0.0,3.6,0.0,50,Tesouro Direto,FD00640,C00050,2026-03-19,2026T1,Private,Tesouro Direto,App,6-24 meses,9,,50.0,28-Jul-25,tesouro direto,8,duvida rentabilidade,Telefone,Pendente,Informacoes estavam faceis de encontrar,Tesouro Direto
50.0,2025-07-28 00:00:00,PRD_TES,8.0,0.0,3.6,0.0,50,Tesouro Direto,FD00899,C00050,2026-04-26,2026T2,Private,Tesouro Direto,Internet Banking,6-24 meses,9,Assessoria ajudou na decisao,50.0,05/06/2026,Carteira Administrada,9,reclamacao atendimento,Telefone,Resolvido,Aplicativo poderia explicar melhor,Carteira Administrada
50.0,2025-07-28 00:00:00,PRD_TES,8.0,0.0,3.6,0.0,50,Tesouro Direto,FD00899,C00050,2026-04-26,2026T2,Private,Tesouro Direto,Internet Banking,6-24 meses,9,Assessoria ajudou na decisao,50.0,28-Jul-25,tesouro direto,8,duvida rentabilidade,Telefone,Pendente,Informacoes estavam faceis de encontrar,Tesouro Direto
50.0,2025-07-28 00:00:00,PRD_TES,8.0,0.0,3.6,0.0,50,Tesouro Direto,FD00959,C00050,2026-06-02,2026T2,Private,Carteira Administrada,App,6-24 meses,10,Informacoes estavam faceis de encontrar,50.0,05/06/2026,Carteira Administrada,9,reclamacao atendimento,Telefone,Resolvido,Aplicativo poderia explicar melhor,Carteira Administrada
50.0,2025-07-28 00:00:00,PRD_TES,8.0,0.0,3.6,0.0,50,Tesouro Direto,FD00959,C00050,2026-06-02,2026T2,Private,Carteira Administrada,App,6-24 meses,10,Informacoes estavam faceis de encontrar,50.0,28-Jul-25,tesouro direto,8,duvida rentabilidade,Telefone,Pendente,Informacoes estavam faceis de encontrar,Tesouro Direto
50.0,2026-05-23 00:00:00,PRD_CAR,6.0,0.0,57.6,0.0,50,Carteira Administrada,FD00046,C00050,2025-07-30,2025T3,Private,Tesouro Direto,App,6-24 meses,9,Boa experiencia no aplicativo,50.0,05/06/2026,Carteira Administrada,9,reclamacao atendimento,Telefone,Resolvido,Aplicativo poderia explicar melhor,Carteira Administrada
50.0,2026-05-23 00:00:00,PRD_CAR,6.0,0.0,57.6,0.0,50,Carteira Administrada,FD00046,C00050,2025-07-30,2025T3,Private,Tesouro Direto,App,6-24 meses,9,Boa experiencia no aplicativo,50.0,28-Jul-25,tesouro direto,8,duvida rentabilidade,Telefone,Pendente,Informacoes estavam faceis de encontrar,Tesouro Direto
50.0,2026-05-23 00:00:00,PRD_CAR,6.0,0.0,57.6,0.0,50,Carteira Administrada,FD00640,C00050,2026-03-19,2026T1,Private,Tesouro Direto,App,6-24 meses,9,,50.0,05/06/2026,Carteira Administrada,9,reclamacao atendimento,Telefone,Resolvido,Aplicativo poderia explicar melhor,Carteira Administrada
50.0,2026-05-23 00:00:00,PRD_CAR,6.0,0.0,57.6,0.0,50,Carteira Administrada,FD00640,C00050,2026-03-19,2026T1,Private,Tesouro Direto,App,6-24 meses,9,,50.0,28-Jul-25,tesouro direto,8,duvida rentabilidade,Telefone,Pendente,Informacoes estavam faceis de encontrar,Tesouro Direto
50.0,2026-05-23 00:00:00,PRD_CAR,6.0,0.0,57.6,0.0,50,Carteira Administrada,FD00899,C00050,2026-04-26,2026T2,Private,Tesouro Direto,Internet Banking,6-24 meses,9,Assessoria ajudou na decisao,50.0,05/06/2026,Carteira Administrada,9,reclamacao atendimento,Telefone,Resolvido,Aplicativo poderia explicar melhor,Carteira Administrada
50.0,2026-05-23 00:00:00,PRD_CAR,6.0,0.0,57.6,0.0,50,Carteira Administrada,FD00899,C00050,2026-04-26,2026T2,Private,Tesouro Direto,Internet Banking,6-24 meses,9,Assessoria ajudou na decisao,50.0,28-Jul-25,tesouro direto,8,duvida rentabilidade,Telefone,Pendente,Informacoes estavam faceis de encontrar,Tesouro Direto
50.0,2026-05-23 00:00:00,PRD_CAR,6.0,0.0,57.6,0.0,50,Carteira Administrada,FD00959,C00050,2026-06-02,2026T2,Private,Carteira Administrada,App,6-24 meses,10,Informacoes estavam faceis de encontrar,50.0,05/06/2026,Carteira Administrada,9,reclamacao atendimento,Telefone,Resolvido,Aplicativo poderia explicar melhor,Carteira Administrada
50.0,2026-05-23 00:00:00,PRD_CAR,6.0,0.0,57.6,0.0,50,Carteira Administrada,FD00959,C00050,2026-06-02,2026T2,Private,Carteira Administrada,App,6-24 meses,10,Informacoes estavam faceis de encontrar,50.0,28-Jul-25,tesouro direto,8,duvida rentabilidade,Telefone,Pendente,Informacoes estavam faceis de encontrar,Tesouro Direto
50.0,2026-05-01 00:00:00,PRD_TES,6.0,1.0,49.6,0.0,50,Tesouro Direto,FD00046,C00050,2025-07-30,2025T3,Private,Tesouro Direto,App,6-24 meses,9,Boa experiencia no aplicativo,50.0,05/06/2026,Carteira Administrada,9,reclamacao atendimento,Telefone,Resolvido,Aplicativo poderia explicar melhor,Carteira Administrada
50.0,2026-05-01 00:00:00,PRD_TES,6.0,1.0,49.6,0.0,50,Tesouro Direto,FD00046,C00050,2025-07-30,2025T3,Private,Tesouro Direto,App,6-24 meses,9,Boa experiencia no aplicativo,50.0,28-Jul-25,tesouro direto,8,duvida rentabilidade,Telefone,Pendente,Informacoes estavam faceis de encontrar,Tesouro Direto
50.0,2026-05-01 00:00:00,PRD_TES,6.0,1.0,49.6,0.0,50,Tesouro Direto,FD00640,C00050,2026-03-19,2026T1,Private,Tesouro Direto,App,6-24 meses,9,,50.0,05/06/2026,Carteira Administrada,9,reclamacao atendimento,Telefone,Resolvido,Aplicativo poderia explicar melhor,Carteira Administrada
50.0,2026-05-01 00:00:00,PRD_TES,6.0,1.0,49.6,0.0,50,Tesouro Direto,FD00640,C00050,2026-03-19,2026T1,Private,Tesouro Direto,App,6-24 meses,9,,50.0,28-Jul-25,tesouro direto,8,duvida rentabilidade,Telefone,Pendente,Informacoes estavam faceis de encontrar,Tesouro Direto
50.0,2026-05-01 00:00:00,PRD_TES,6.0,1.0,49.6,0.0,50,Tesouro Direto,FD00899,C00050,2026-04-26,2026T2,Private,Tesouro Direto,Internet Banking,6-24 meses,9,Assessoria ajudou na decisao,50.0,05/06/2026,Carteira Administrada,9,reclamacao atendimento,Telefone,Resolvido,Aplicativo poderia explicar melhor,Carteira Administrada
50.0,2026-05-01 00:00:00,PRD_TES,6.0,1.0,49.6,0.0,50,Tesouro Direto,FD00899,C00050,2026-04-26,2026T2,Private,Tesouro Direto,Internet Banking,6-24 meses,9,Assessoria ajudou na decisao,50.0,28-Jul-25,tesouro direto,8,duvida rentabilidade,Telefone,Pendente,Informacoes estavam faceis de encontrar,Tesouro Direto
50.0,2026-05-01 00:00:00,PRD_TES,6.0,1.0,49.6,0.0,50,Tesouro Direto,FD00959,C00050,2026-06-02,2026T2,Private,Carteira Administrada,App,6-24 meses,10,Informacoes estavam faceis de encontrar,50.0,05/06/2026,Carteira Administrada,9,reclamacao atendimento,Telefone,Resolvido,Aplicativo poderia explicar melhor,Carteira Administrada
50.0,2026-05-01 00:00:00,PRD_TES,6.0,1.0,49.6,0.0,50,Tesouro Direto,FD00959,C00050,2026-06-02,2026T2,Private,Carteira Administrada,App,6-24 meses,10,Informacoes estavam faceis de encontrar,50.0,28-Jul-25,tesouro direto,8,duvida rentabilidade,Telefone,Pendente,Informacoes estavam faceis de encontrar,Tesouro Direto
51.0,2026-06-18 00:00:00,PRD_CDB,2.0,0.0,30.5,0.0,51,CDB,FD00997,C00051,2026-06-08,2026T2,Novo Investidor,CDB,Assessoria,2-5 anos,7,"Experiencia ok, mas poderia ser mais simples",,,,,,,,,
53.0,2026-04-26 00:00:00,PRD_FND,9.0,1.0,51.5,1.0,53,Fundos,FD00796,C00053,2026-06-11,2026T2,Novo Investidor,Tesouro Direto,Central de Atendimento,6-24 meses,9,Consegui acompanhar minha carteira,53.0,12/06/2026,Tesouro,9,acesso app,Telefone,Resolvido,Assessoria ajudou na decisao,Tesouro Direto
53.0,2026-04-26 00:00:00,PRD_FND,9.0,1.0,51.5,1.0,53,Fundos,FD00796,C00053,2026-06-11,2026T2,Novo Investidor,Tesouro Direto,Central de Atendimento,6-24 meses,9,Consegui acompanhar minha carteira,53.0,22-Apr-26,fundos de investimento,0,duvida rentabilidade,Telefone,Pendente,Informacoes divergentes sobre o produto,Fundos
53.0,2026-04-26 00:00:00,PRD_FND,9.0,1.0,51.5,1.0,53,Fundos,FD00840,C00053,2026-04-23,2026T2,Novo Investidor,Fundos,App,6-24 meses,0,Nao ficou claro o risco do produto,53.0,12/06/2026,Tesouro,9,acesso app,Telefone,Resolvido,Assessoria ajudou na decisao,Tesouro Direto
53.0,2026-04-26 00:00:00,PRD_FND,9.0,1.0,51.5,1.0,53,Fundos,FD00840,C00053,2026-04-23,2026T2,Novo Investidor,Fundos,App,6-24 meses,0,Nao ficou claro o risco do produto,53.0,22-Apr-26,fundos de investimento,0,duvida rentabilidade,Telefone,Pendente,Informacoes divergentes sobre o produto,Fundos
53.0,2026-04-26 00:00:00,PRD_FND,9.0,1.0,51.5,1.0,53,Fundos,FD00851,C00053,2026-04-11,2026T2,Novo Investidor,Fundos,App,6-24 meses,10,Assessoria ajudou na decisao,53.0,12/06/2026,Tesouro,9,acesso app,Telefone,Resolvido,Assessoria ajudou na decisao,Tesouro Direto
53.0,2026-04-26 00:00:00,PRD_FND,9.0,1.0,51.5,1.0,53,Fundos,FD00851,C00053,2026-04-11,2026T2,Novo Investidor,Fundos,App,6-24 meses,10,Assessoria ajudou na decisao,53.0,22-Apr-26,fundos de investimento,0,duvida rentabilidade,Telefone,Pendente,Informacoes divergentes sobre o produto,Fundos
53.0,2026-04-02 00:00:00,PRD_FND,13.0,0.0,14.4,0.0,53,Fundos,FD00796,C00053,2026-06-11,2026T2,Novo Investidor,Tesouro Direto,Central de Atendimento,6-24 meses,9,Consegui acompanhar minha carteira,53.0,12/06/2026,Tesouro,9,acesso app,Telefone,Resolvido,Assessoria ajudou na decisao,Tesouro Direto
53.0,2026-04-02 00:00:00,PRD_FND,13.0,0.0,14.4,0.0,53,Fundos,FD00796,C00053,2026-06-11,2026T2,Novo Investidor,Tesouro Direto,Central de Atendimento,6-24 meses,9,Consegui acompanhar minha carteira,53.0,22-Apr-26,fundos de investimento,0,duvida rentabilidade,Telefone,Pendente,Informacoes divergentes sobre o produto,Fundos
53.0,2026-04-02 00:00:00,PRD_FND,13.0,0.0,14.4,0.0,53,Fundos,FD00840,C00053,2026-04-23,2026T2,Novo Investidor,Fundos,App,6-24 meses,0,Nao ficou claro o risco do produto,53.0,12/06/2026,Tesouro,9,acesso app,Telefone,Resolvido,Assessoria ajudou na decisao,Tesouro Direto
53.0,2026-04-02 00:00:00,PRD_FND,13.0,0.0,14.4,0.0,53,Fundos,FD00840,C00053,2026-04-23,2026T2,Novo Investidor,Fundos,App,6-24 meses,0,Nao ficou claro o risco do produto,53.0,22-Apr-26,fundos de investimento,0,duvida rentabilidade,Telefone,Pendente,Informacoes divergentes sobre o produto,Fundos
53.0,2026-04-02 00:00:00,PRD_FND,13.0,0.0,14.4,0.0,53,Fundos,FD00851,C00053,2026-04-11,2026T2,Novo Investidor,Fundos,App,6-24 meses,10,Assessoria ajudou na decisao,53.0,12/06/2026,Tesouro,9,acesso app,Telefone,Resolvido,Assessoria ajudou na decisao,Tesouro Direto
53.0,2026-04-02 00:00:00,PRD_FND,13.0,0.0,14.4,0.0,53,Fundos,FD00851,C00053,2026-04-11,2026T2,Novo Investidor,Fundos,App,6-24 meses,10,Assessoria ajudou na decisao,53.0,22-Apr-26,fundos de investimento,0,duvida rentabilidade,Telefone,Pendente,Informacoes divergentes sobre o produto,Fundos
53.0,2026-06-19 00:00:00,PRD_TES,6.0,1.0,33.9,0.0,53,Tesouro Direto,FD00796,C00053,2026-06-11,2026T2,Novo Investidor,Tesouro Direto,Central de Atendimento,6-24 meses,9,Consegui acompanhar minha carteira,53.0,12/06/2026,Tesouro,9,acesso app,Telefone,Resolvido,Assessoria ajudou na decisao,Tesouro Direto
53.0,2026-06-19 00:00:00,PRD_TES,6.0,1.0,33.9,0.0,53,Tesouro Direto,FD00796,C00053,2026-06-11,2026T2,Novo Investidor,Tesouro Direto,Central de Atendimento,6-24 meses,9,Consegui acompanhar minha carteira,53.0,22-Apr-26,fundos de investimento,0,duvida rentabilidade,Telefone,Pendente,Informacoes divergentes sobre o produto,Fundos
53.0,2026-06-19 00:00:00,PRD_TES,6.0,1.0,33.9,0.0,53,Tesouro Direto,FD00840,C00053,2026-04-23,2026T2,Novo Investidor,Fundos,App,6-24 meses,0,Nao ficou claro o risco do produto,53.0,12/06/2026,Tesouro,9,acesso app,Telefone,Resolvido,Assessoria ajudou na decisao,Tesouro Direto
53.0,2026-06-19 00:00:00,PRD_TES,6.0,1.0,33.9,0.0,53,Tesouro Direto,FD00840,C00053,2026-04-23,2026T2,Novo Investidor,Fundos,App,6-24 meses,0,Nao ficou claro o risco do produto,53.0,22-Apr-26,fundos de investimento,0,duvida rentabilidade,Telefone,Pendente,Informacoes divergentes sobre o produto,Fundos
53.0,2026-06-19 00:00:00,PRD_TES,6.0,1.0,33.9,0.0,53,Tesouro Direto,FD00851,C00053,2026-04-11,2026T2,Novo Investidor,Fundos,App,6-24 meses,10,Assessoria ajudou na decisao,53.0,12/06/2026,Tesouro,9,acesso app,Telefone,Resolvido,Assessoria ajudou na decisao,Tesouro Direto
53.0,2026-06-19 00:00:00,PRD_TES,6.0,1.0,33.9,0.0,53,Tesouro Direto,FD00851,C00053,2026-04-11,2026T2,Novo Investidor,Fundos,App,6-24 meses,10,Assessoria ajudou na decisao,53.0,22-Apr-26,fundos de investimento,0,duvida rentabilidade,Telefone,Pendente,Informacoes divergentes sobre o produto,Fundos
54.0,2025-07-02 00:00:00,PRD_TES,3.0,0.0,28.0,0.0,54,Tesouro Direto,FD00102,C00054,2025-07-03,2025T3,Novo Investidor,Tesouro Direto,Internet Banking,6-24 meses,9,Boa experiencia no aplicativo,,,,,,,,,
54.0,2025-07-02 00:00:00,PRD_TES,3.0,0.0,28.0,0.0,54,Tesouro Direto,FD00293,C00054,2025-12-31,2025T4,Novo Investidor,Tesouro Direto,Internet Banking,5+ anos,4,Demora para resolver meu problema,,,,,,,,,
54.0,2025-12-28 00:00:00,PRD_TES,7.0,0.0,41.2,0.0,54,Tesouro Direto,FD00102,C00054,2025-07-03,2025T3,Novo Investidor,Tesouro Direto,Internet Banking,6-24 meses,9,Boa experiencia no aplicativo,,,,,,,,,
54.0,2025-12-28 00:00:00,PRD_TES,7.0,0.0,41.2,0.0,54,Tesouro Direto,FD00293,C00054,2025-12-31,2025T4,Novo Investidor,Tesouro Direto,Internet Banking,5+ anos,4,Demora para resolver meu problema,,,,,,,,,
55.0,2026-01-18 00:00:00,PRD_CAR,5.0,0.0,28.2,0.0,55,Carteira Administrada,FD00139,C00055,2025-07-04,2025T3,Varejo,Fundos,Assessoria,2-5 anos,4,Aplicativo travou durante consulta,55.0,06-21-2026,Carteira Adm,8,acesso app,Telefone,Resolvido,Demorou um pouco para encontrar informacoes,Carteira Administrada
55.0,2026-01-18 00:00:00,PRD_CAR,5.0,0.0,28.2,0.0,55,Carteira Administrada,FD00536,C00055,2026-01-22,2026T1,Varejo,Carteira Administrada,App,2-5 anos,8,Demorou um pouco para encontrar informacoes,55.0,06-21-2026,Carteira Adm,8,acesso app,Telefone,Resolvido,Demorou um pouco para encontrar informacoes,Carteira Administrada
55.0,2026-01-18 00:00:00,PRD_CAR,5.0,0.0,28.2,0.0,55,Carteira Administrada,FD00775,C00055,2026-06-21,2026T2,Varejo,Carteira Administrada,App,6-24 meses,9,Consegui acompanhar minha carteira,55.0,06-21-2026,Carteira Adm,8,acesso app,Telefone,Resolvido,Demorou um pouco para encontrar informacoes,Carteira Administrada
56.0,2025-11-02 00:00:00,PRD_CDB,12.0,0.0,43.6,0.0,56,CDB,FD00324,C00056,2025-11-03,2025T4,Novo Investidor,CDB,App,6-24 meses,8,"Experiencia ok, mas poderia ser mais simples",56.0,04/11/2025,C.D.B.,7,resgate,Chat,Resolvido,Boa experiencia no aplicativo,CDB
57.0,2026-01-10 00:00:00,PRD_CDB,7.0,0.0,16.3,0.0,57,CDB,FD00103,C00057,2025-07-24,2025T3,Private,Fundos,Assessoria,6-24 meses,10,Atendimento claro e rapido,57.0,26/09/2025,Fundo,10,explicacao risco,Telefone,Resolvido,,Fundos
57.0,2026-01-10 00:00:00,PRD_CDB,7.0,0.0,16.3,0.0,57,CDB,FD00103,C00057,2025-07-24,2025T3,Private,Fundos,Assessoria,6-24 meses,10,Atendimento claro e rapido,57.0,2025-07-25,fundos de investimento,10,resgate,Telefone,Resolvido,Atendimento claro e rapido,Fundos
57.0,2026-01-10 00:00:00,PRD_CDB,7.0,0.0,16.3,0.0,57,CDB,FD00103,C00057,2025-07-24,2025T3,Private,Fundos,Assessoria,6-24 meses,10,Atendimento claro e rapido,57.0,30/12/2025,cdb,7,acesso app,Telefone,Pendente,Boa experiencia no aplicativo,CDB
57.0,2026-01-10 00:00:00,PRD_CDB,7.0,0.0,16.3,0.0,57,CDB,FD00103,C00057,2025-07-24,2025T3,Private,Fundos,Assessoria,6-24 meses,10,Atendimento claro e rapido,57.0,2026-03-28,C.D.B.,8,extrato,Chat,Pendente,,CDB
57.0,2026-01-10 00:00:00,PRD_CDB,7.0,0.0,16.3,0.0,57,CDB,FD00147,C00057,2025-07-28,2025T3,Private,Fundos,App,2-5 anos,10,Informacoes estavam faceis de encontrar,57.0,26/09/2025,Fundo,10,explicacao risco,Telefone,Resolvido,,Fundos
57.0,2026-01-10 00:00:00,PRD_CDB,7.0,0.0,16.3,0.0,57,CDB,FD00147,C00057,2025-07-28,2025T3,Private,Fundos,App,2-5 anos,10,Informacoes estavam faceis de encontrar,57.0,2025-07-25,fundos de investimento,10,resgate,Telefone,Resolvido,Atendimento claro e rapido,Fundos
57.0,2026-01-10 00:00:00,PRD_CDB,7.0,0.0,16.3,0.0,57,CDB,FD00147,C00057,2025-07-28,2025T3,Private,Fundos,App,2-5 anos,10,Informacoes estavam faceis de encontrar,57.0,30/12/2025,cdb,7,acesso app,Telefone,Pendente,Boa experiencia no aplicativo,CDB
57.0,2026-01-10 00:00:00,PRD_CDB,7.0,0.0,16.3,0.0,57,CDB,FD00147,C00057,2025-07-28,2025T3,Private,Fundos,App,2-5 anos,10,Informacoes estavam faceis de encontrar,57.0,2026-03-28,C.D.B.,8,extrato,Chat,Pendente,,CDB
57.0,2026-01-10 00:00:00,PRD_CDB,7.0,0.0,16.3,0.0,57,CDB,FD00148,C00057,2025-09-27,2025T3,Private,Fundos,Internet Banking,2-5 anos,9,Boa experiencia no aplicativo,57.0,26/09/2025,Fundo,10,explicacao risco,Telefone,Resolvido,,Fundos
57.0,2026-01-10 00:00:00,PRD_CDB,7.0,0.0,16.3,0.0,57,CDB,FD00148,C00057,2025-09-27,2025T3,Private,Fundos,Internet Banking,2-5 anos,9,Boa experiencia no aplicativo,57.0,2025-07-25,fundos de investimento,10,resgate,Telefone,Resolvido,Atendimento claro e rapido,Fundos
57.0,2026-01-10 00:00:00,PRD_CDB,7.0,0.0,16.3,0.0,57,CDB,FD00148,C00057,2025-09-27,2025T3,Private,Fundos,Internet Banking,2-5 anos,9,Boa experiencia no aplicativo,57.0,30/12/2025,cdb,7,acesso app,Telefone,Pendente,Boa experiencia no aplicativo,CDB
57.0,2026-01-10 00:00:00,PRD_CDB,7.0,0.0,16.3,0.0,57,CDB,FD00148,C00057,2025-09-27,2025T3,Private,Fundos,Internet Banking,2-5 anos,9,Boa experiencia no aplicativo,57.0,2026-03-28,C.D.B.,8,extrato,Chat,Pendente,,CDB
57.0,2026-01-10 00:00:00,PRD_CDB,7.0,0.0,16.3,0.0,57,CDB,FD00529,C00057,2026-01-02,2026T1,Private,CDB,Assessoria,2-5 anos,6,Demora para resolver meu problema,57.0,26/09/2025,Fundo,10,explicacao risco,Telefone,Resolvido,,Fundos
57.0,2026-01-10 00:00:00,PRD_CDB,7.0,0.0,16.3,0.0,57,CDB,FD00529,C00057,2026-01-02,2026T1,Private,CDB,Assessoria,2-5 anos,6,Demora para resolver meu problema,57.0,2025-07-25,fundos de investimento,10,resgate,Telefone,Resolvido,Atendimento claro e rapido,Fundos
57.0,2026-01-10 00:00:00,PRD_CDB,7.0,0.0,16.3,0.0,57,CDB,FD00529,C00057,2026-01-02,2026T1,Private,CDB,Assessoria,2-5 anos,6,Demora para resolver meu problema,57.0,30/12/2025,cdb,7,acesso app,Telefone,Pendente,Boa experiencia no aplicativo,CDB
57.0,2026-01-10 00:00:00,PRD_CDB,7.0,0.0,16.3,0.0,57,CDB,FD00529,C00057,2026-01-02,2026T1,Private,CDB,Assessoria,2-5 anos,6,Demora para resolver meu problema,57.0,2026-03-28,C.D.B.,8,extrato,Chat,Pendente,,CDB
57.0,2026-01-10 00:00:00,PRD_CDB,7.0,0.0,16.3,0.0,57,CDB,FD00700,C00057,2026-03-31,2026T1,Private,CDB,,0-6 meses,9,Boa experiencia no aplicativo,57.0,26/09/2025,Fundo,10,explicacao risco,Telefone,Resolvido,,Fundos
57.0,2026-01-10 00:00:00,PRD_CDB,7.0,0.0,16.3,0.0,57,CDB,FD00700,C00057,2026-03-31,2026T1,Private,CDB,,0-6 meses,9,Boa experiencia no aplicativo,57.0,2025-07-25,fundos de investimento,10,resgate,Telefone,Resolvido,Atendimento claro e rapido,Fundos
57.0,2026-01-10 00:00:00,PRD_CDB,7.0,0.0,16.3,0.0,57,CDB,FD00700,C00057,2026-03-31,2026T1,Private,CDB,,0-6 meses,9,Boa experiencia no aplicativo,57.0,30/12/2025,cdb,7,acesso app,Telefone,Pendente,Boa experiencia no aplicativo,CDB
57.0,2026-01-10 00:00:00,PRD_CDB,7.0,0.0,16.3,0.0,57,CDB,FD00700,C00057,2026-03-31,2026T1,Private,CDB,,0-6 meses,9,Boa experiencia no aplicativo,57.0,2026-03-28,C.D.B.,8,extrato,Chat,Pendente,,CDB
57.0,2026-01-10 00:00:00,PRD_CDB,7.0,0.0,16.3,0.0,57,CDB,FD00936,C00057,2026-05-01,2026T2,Private,CDB,App,5+ anos,9,Boa experiencia no aplicativo,57.0,26/09/2025,Fundo,10,explicacao risco,Telefone,Resolvido,,Fundos
57.0,2026-01-10 00:00:00,PRD_CDB,7.0,0.0,16.3,0.0,57,CDB,FD00936,C00057,2026-05-01,2026T2,Private,CDB,App,5+ anos,9,Boa experiencia no aplicativo,57.0,2025-07-25,fundos de investimento,10,resgate,Telefone,Resolvido,Atendimento claro e rapido,Fundos
57.0,2026-01-10 00:00:00,PRD_CDB,7.0,0.0,16.3,0.0,57,CDB,FD00936,C00057,2026-05-01,2026T2,Private,CDB,App,5+ anos,9,Boa experiencia no aplicativo,57.0,30/12/2025,cdb,7,acesso app,Telefone,Pendente,Boa experiencia no aplicativo,CDB
57.0,2026-01-10 00:00:00,PRD_CDB,7.0,0.0,16.3,0.0,57,CDB,FD00936,C00057,2026-05-01,2026T2,Private,CDB,App,5+ anos,9,Boa experiencia no aplicativo,57.0,2026-03-28,C.D.B.,8,extrato,Chat,Pendente,,CDB
57.0,2026-05-07 00:00:00,PRD_CDB,10.0,0.0,29.2,0.0,57,CDB,FD00103,C00057,2025-07-24,2025T3,Private,Fundos,Assessoria,6-24 meses,10,Atendimento claro e rapido,57.0,26/09/2025,Fundo,10,explicacao risco,Telefone,Resolvido,,Fundos
57.0,2026-05-07 00:00:00,PRD_CDB,10.0,0.0,29.2,0.0,57,CDB,FD00103,C00057,2025-07-24,2025T3,Private,Fundos,Assessoria,6-24 meses,10,Atendimento claro e rapido,57.0,2025-07-25,fundos de investimento,10,resgate,Telefone,Resolvido,Atendimento claro e rapido,Fundos
57.0,2026-05-07 00:00:00,PRD_CDB,10.0,0.0,29.2,0.0,57,CDB,FD00103,C00057,2025-07-24,2025T3,Private,Fundos,Assessoria,6-24 meses,10,Atendimento claro e rapido,57.0,30/12/2025,cdb,7,acesso app,Telefone,Pendente,Boa experiencia no aplicativo,CDB
57.0,2026-05-07 00:00:00,PRD_CDB,10.0,0.0,29.2,0.0,57,CDB,FD00103,C00057,2025-07-24,2025T3,Private,Fundos,Assessoria,6-24 meses,10,Atendimento claro e rapido,57.0,2026-03-28,C.D.B.,8,extrato,Chat,Pendente,,CDB
57.0,2026-05-07 00:00:00,PRD_CDB,10.0,0.0,29.2,0.0,57,CDB,FD00147,C00057,2025-07-28,2025T3,Private,Fundos,App,2-5 anos,10,Informacoes estavam faceis de encontrar,57.0,26/09/2025,Fundo,10,explicacao risco,Telefone,Resolvido,,Fundos
57.0,2026-05-07 00:00:00,PRD_CDB,10.0,0.0,29.2,0.0,57,CDB,FD00147,C00057,2025-07-28,2025T3,Private,Fundos,App,2-5 anos,10,Informacoes estavam faceis de encontrar,57.0,2025-07-25,fundos de investimento,10,resgate,Telefone,Resolvido,Atendimento claro e rapido,Fundos
57.0,2026-05-07 00:00:00,PRD_CDB,10.0,0.0,29.2,0.0,57,CDB,FD00147,C00057,2025-07-28,2025T3,Private,Fundos,App,2-5 anos,10,Informacoes estavam faceis de encontrar,57.0,30/12/2025,cdb,7,acesso app,Telefone,Pendente,Boa experiencia no aplicativo,CDB
57.0,2026-05-07 00:00:00,PRD_CDB,10.0,0.0,29.2,0.0,57,CDB,FD00147,C00057,2025-07-28,2025T3,Private,Fundos,App,2-5 anos,10,Informacoes estavam faceis de encontrar,57.0,2026-03-28,C.D.B.,8,extrato,Chat,Pendente,,CDB
57.0,2026-05-07 00:00:00,PRD_CDB,10.0,0.0,29.2,0.0,57,CDB,FD00148,C00057,2025-09-27,2025T3,Private,Fundos,Internet Banking,2-5 anos,9,Boa experiencia no aplicativo,57.0,26/09/2025,Fundo,10,explicacao risco,Telefone,Resolvido,,Fundos
57.0,2026-05-07 00:00:00,PRD_CDB,10.0,0.0,29.2,0.0,57,CDB,FD00148,C00057,2025-09-27,2025T3,Private,Fundos,Internet Banking,2-5 anos,9,Boa experiencia no aplicativo,57.0,2025-07-25,fundos de investimento,10,resgate,Telefone,Resolvido,Atendimento claro e rapido,Fundos
57.0,2026-05-07 00:00:00,PRD_CDB,10.0,0.0,29.2,0.0,57,CDB,FD00148,C00057,2025-09-27,2025T3,Private,Fundos,Internet Banking,2-5 anos,9,Boa experiencia no aplicativo,57.0,30/12/2025,cdb,7,acesso app,Telefone,Pendente,Boa experiencia no aplicativo,CDB
57.0,2026-05-07 00:00:00,PRD_CDB,10.0,0.0,29.2,0.0,57,CDB,FD00148,C00057,2025-09-27,2025T3,Private,Fundos,Internet Banking,2-5 anos,9,Boa experiencia no aplicativo,57.0,2026-03-28,C.D.B.,8,extrato,Chat,Pendente,,CDB
57.0,2026-05-07 00:00:00,PRD_CDB,10.0,0.0,29.2,0.0,57,CDB,FD00529,C00057,2026-01-02,2026T1,Private,CDB,Assessoria,2-5 anos,6,Demora para resolver meu problema,57.0,26/09/2025,Fundo,10,explicacao risco,Telefone,Resolvido,,Fundos
57.0,2026-05-07 00:00:00,PRD_CDB,10.0,0.0,29.2,0.0,57,CDB,FD00529,C00057,2026-01-02,2026T1,Private,CDB,Assessoria,2-5 anos,6,Demora para resolver meu problema,57.0,2025-07-25,fundos de investimento,10,resgate,Telefone,Resolvido,Atendimento claro e rapido,Fundos
57.0,2026-05-07 00:00:00,PRD_CDB,10.0,0.0,29.2,0.0,57,CDB,FD00529,C00057,2026-01-02,2026T1,Private,CDB,Assessoria,2-5 anos,6,Demora para resolver meu problema,57.0,30/12/2025,cdb,7,acesso app,Telefone,Pendente,Boa experiencia no aplicativo,CDB
57.0,2026-05-07 00:00:00,PRD_CDB,10.0,0.0,29.2,0.0,57,CDB,FD00529,C00057,2026-01-02,2026T1,Private,CDB,Assessoria,2-5 anos,6,Demora para resolver meu problema,57.0,2026-03-28,C.D.B.,8,extrato,Chat,Pendente,,CDB
57.0,2026-05-07 00:00:00,PRD_CDB,10.0,0.0,29.2,0.0,57,CDB,FD00700,C00057,2026-03-31,2026T1,Private,CDB,,0-6 meses,9,Boa experiencia no aplicativo,57.0,26/09/2025,Fundo,10,explicacao risco,Telefone,Resolvido,,Fundos
57.0,2026-05-07 00:00:00,PRD_CDB,10.0,0.0,29.2,0.0,57,CDB,FD00700,C00057,2026-03-31,2026T1,Private,CDB,,0-6 meses,9,Boa experiencia no aplicativo,57.0,2025-07-25,fundos de investimento,10,resgate,Telefone,Resolvido,Atendimento claro e rapido,Fundos
57.0,2026-05-07 00:00:00,PRD_CDB,10.0,0.0,29.2,0.0,57,CDB,FD00700,C00057,2026-03-31,2026T1,Private,CDB,,0-6 meses,9,Boa experiencia no aplicativo,57.0,30/12/2025,cdb,7,acesso app,Telefone,Pendente,Boa experiencia no aplicativo,CDB
57.0,2026-05-07 00:00:00,PRD_CDB,10.0,0.0,29.2,0.0,57,CDB,FD00700,C00057,2026-03-31,2026T1,Private,CDB,,0-6 meses,9,Boa experiencia no aplicativo,57.0,2026-03-28,C.D.B.,8,extrato,Chat,Pendente,,CDB
57.0,2026-05-07 00:00:00,PRD_CDB,10.0,0.0,29.2,0.0,57,CDB,FD00936,C00057,2026-05-01,2026T2,Private,CDB,App,5+ anos,9,Boa experiencia no aplicativo,57.0,26/09/2025,Fundo,10,explicacao risco,Telefone,Resolvido,,Fundos
57.0,2026-05-07 00:00:00,PRD_CDB,10.0,0.0,29.2,0.0,57,CDB,FD00936,C00057,2026-05-01,2026T2,Private,CDB,App,5+ anos,9,Boa experiencia no aplicativo,57.0,2025-07-25,fundos de investimento,10,resgate,Telefone,Resolvido,Atendimento claro e rapido,Fundos
57.0,2026-05-07 00:00:00,PRD_CDB,10.0,0.0,29.2,0.0,57,CDB,FD00936,C00057,2026-05-01,2026T2,Private,CDB,App,5+ anos,9,Boa experiencia no aplicativo,57.0,30/12/2025,cdb,7,acesso app,Telefone,Pendente,Boa experiencia no aplicativo,CDB
57.0,2026-05-07 00:00:00,PRD_CDB,10.0,0.0,29.2,0.0,57,CDB,FD00936,C00057,2026-05-01,2026T2,Private,CDB,App,5+ anos,9,Boa experiencia no aplicativo,57.0,2026-03-28,C.D.B.,8,extrato,Chat,Pendente,,CDB
57.0,2025-07-31 00:00:00,PRD_FND,6.0,0.0,15.6,0.0,57,Fundos,FD00103,C00057,2025-07-24,2025T3,Private,Fundos,Assessoria,6-24 meses,10,Atendimento claro e rapido,57.0,26/09/2025,Fundo,10,explicacao risco,Telefone,Resolvido,,Fundos
57.0,2025-07-31 00:00:00,PRD_FND,6.0,0.0,15.6,0.0,57,Fundos,FD00103,C00057,2025-07-24,2025T3,Private,Fundos,Assessoria,6-24 meses,10,Atendimento claro e rapido,57.0,2025-07-25,fundos de investimento,10,resgate,Telefone,Resolvido,Atendimento claro e rapido,Fundos
57.0,2025-07-31 00:00:00,PRD_FND,6.0,0.0,15.6,0.0,57,Fundos,FD00103,C00057,2025-07-24,2025T3,Private,Fundos,Assessoria,6-24 meses,10,Atendimento claro e rapido,57.0,30/12/2025,cdb,7,acesso app,Telefone,Pendente,Boa experiencia no aplicativo,CDB
57.0,2025-07-31 00:00:00,PRD_FND,6.0,0.0,15.6,0.0,57,Fundos,FD00103,C00057,2025-07-24,2025T3,Private,Fundos,Assessoria,6-24 meses,10,Atendimento claro e rapido,57.0,2026-03-28,C.D.B.,8,extrato,Chat,Pendente,,CDB
57.0,2025-07-31 00:00:00,PRD_FND,6.0,0.0,15.6,0.0,57,Fundos,FD00147,C00057,2025-07-28,2025T3,Private,Fundos,App,2-5 anos,10,Informacoes estavam faceis de encontrar,57.0,26/09/2025,Fundo,10,explicacao risco,Telefone,Resolvido,,Fundos
57.0,2025-07-31 00:00:00,PRD_FND,6.0,0.0,15.6,0.0,57,Fundos,FD00147,C00057,2025-07-28,2025T3,Private,Fundos,App,2-5 anos,10,Informacoes estavam faceis de encontrar,57.0,2025-07-25,fundos de investimento,10,resgate,Telefone,Resolvido,Atendimento claro e rapido,Fundos
57.0,2025-07-31 00:00:00,PRD_FND,6.0,0.0,15.6,0.0,57,Fundos,FD00147,C00057,2025-07-28,2025T3,Private,Fundos,App,2-5 anos,10,Informacoes estavam faceis de encontrar,57.0,30/12/2025,cdb,7,acesso app,Telefone,Pendente,Boa experiencia no aplicativo,CDB
57.0,2025-07-31 00:00:00,PRD_FND,6.0,0.0,15.6,0.0,57,Fundos,FD00147,C00057,2025-07-28,2025T3,Private,Fundos,App,2-5 anos,10,Informacoes estavam faceis de encontrar,57.0,2026-03-28,C.D.B.,8,extrato,Chat,Pendente,,CDB
57.0,2025-07-31 00:00:00,PRD_FND,6.0,0.0,15.6,0.0,57,Fundos,FD00148,C00057,2025-09-27,2025T3,Private,Fundos,Internet Banking,2-5 anos,9,Boa experiencia no aplicativo,57.0,26/09/2025,Fundo,10,explicacao risco,Telefone,Resolvido,,Fundos
57.0,2025-07-31 00:00:00,PRD_FND,6.0,0.0,15.6,0.0,57,Fundos,FD00148,C00057,2025-09-27,2025T3,Private,Fundos,Internet Banking,2-5 anos,9,Boa experiencia no aplicativo,57.0,2025-07-25,fundos de investimento,10,resgate,Telefone,Resolvido,Atendimento claro e rapido,Fundos
57.0,2025-07-31 00:00:00,PRD_FND,6.0,0.0,15.6,0.0,57,Fundos,FD00148,C00057,2025-09-27,2025T3,Private,Fundos,Internet Banking,2-5 anos,9,Boa experiencia no aplicativo,57.0,30/12/2025,cdb,7,acesso app,Telefone,Pendente,Boa experiencia no aplicativo,CDB
57.0,2025-07-31 00:00:00,PRD_FND,6.0,0.0,15.6,0.0,57,Fundos,FD00148,C00057,2025-09-27,2025T3,Private,Fundos,Internet Banking,2-5 anos,9,Boa experiencia no aplicativo,57.0,2026-03-28,C.D.B.,8,extrato,Chat,Pendente,,CDB
57.0,2025-07-31 00:00:00,PRD_FND,6.0,0.0,15.6,0.0,57,Fundos,FD00529,C00057,2026-01-02,2026T1,Private,CDB,Assessoria,2-5 anos,6,Demora para resolver meu problema,57.0,26/09/2025,Fundo,10,explicacao risco,Telefone,Resolvido,,Fundos
57.0,2025-07-31 00:00:00,PRD_FND,6.0,0.0,15.6,0.0,57,Fundos,FD00529,C00057,2026-01-02,2026T1,Private,CDB,Assessoria,2-5 anos,6,Demora para resolver meu problema,57.0,2025-07-25,fundos de investimento,10,resgate,Telefone,Resolvido,Atendimento claro e rapido,Fundos
57.0,2025-07-31 00:00:00,PRD_FND,6.0,0.0,15.6,0.0,57,Fundos,FD00529,C00057,2026-01-02,2026T1,Private,CDB,Assessoria,2-5 anos,6,Demora para resolver meu problema,57.0,30/12/2025,cdb,7,acesso app,Telefone,Pendente,Boa experiencia no aplicativo,CDB
57.0,2025-07-31 00:00:00,PRD_FND,6.0,0.0,15.6,0.0,57,Fundos,FD00529,C00057,2026-01-02,2026T1,Private,CDB,Assessoria,2-5 anos,6,Demora para resolver meu problema,57.0,2026-03-28,C.D.B.,8,extrato,Chat,Pendente,,CDB
57.0,2025-07-31 00:00:00,PRD_FND,6.0,0.0,15.6,0.0,57,Fundos,FD00700,C00057,2026-03-31,2026T1,Private,CDB,,0-6 meses,9,Boa experiencia no aplicativo,57.0,26/09/2025,Fundo,10,explicacao risco,Telefone,Resolvido,,Fundos
57.0,2025-07-31 00:00:00,PRD_FND,6.0,0.0,15.6,0.0,57,Fundos,FD00700,C00057,2026-03-31,2026T1,Private,CDB,,0-6 meses,9,Boa experiencia no aplicativo,57.0,2025-07-25,fundos de investimento,10,resgate,Telefone,Resolvido,Atendimento claro e rapido,Fundos
57.0,2025-07-31 00:00:00,PRD_FND,6.0,0.0,15.6,0.0,57,Fundos,FD00700,C00057,2026-03-31,2026T1,Private,CDB,,0-6 meses,9,Boa experiencia no aplicativo,57.0,30/12/2025,cdb,7,acesso app,Telefone,Pendente,Boa experiencia no aplicativo,CDB
57.0,2025-07-31 00:00:00,PRD_FND,6.0,0.0,15.6,0.0,57,Fundos,FD00700,C00057,2026-03-31,2026T1,Private,CDB,,0-6 meses,9,Boa experiencia no aplicativo,57.0,2026-03-28,C.D.B.,8,extrato,Chat,Pendente,,CDB
57.0,2025-07-31 00:00:00,PRD_FND,6.0,0.0,15.6,0.0,57,Fundos,FD00936,C00057,2026-05-01,2026T2,Private,CDB,App,5+ anos,9,Boa experiencia no aplicativo,57.0,26/09/2025,Fundo,10,explicacao risco,Telefone,Resolvido,,Fundos
57.0,2025-07-31 00:00:00,PRD_FND,6.0,0.0,15.6,0.0,57,Fundos,FD00936,C00057,2026-05-01,2026T2,Private,CDB,App,5+ anos,9,Boa experiencia no aplicativo,57.0,2025-07-25,fundos de investimento,10,resgate,Telefone,Resolvido,Atendimento claro e rapido,Fundos
57.0,2025-07-31 00:00:00,PRD_FND,6.0,0.0,15.6,0.0,57,Fundos,FD00936,C00057,2026-05-01,2026T2,Private,CDB,App,5+ anos,9,Boa experiencia no aplicativo,57.0,30/12/2025,cdb,7,acesso app,Telefone,Pendente,Boa experiencia no aplicativo,CDB
57.0,2025-07-31 00:00:00,PRD_FND,6.0,0.0,15.6,0.0,57,Fundos,FD00936,C00057,2026-05-01,2026T2,Private,CDB,App,5+ anos,9,Boa experiencia no aplicativo,57.0,2026-03-28,C.D.B.,8,extrato,Chat,Pendente,,CDB
57.0,2026-03-22 00:00:00,PRD_CDB,10.0,0.0,32.9,0.0,57,CDB,FD00103,C00057,2025-07-24,2025T3,Private,Fundos,Assessoria,6-24 meses,10,Atendimento claro e rapido,57.0,26/09/2025,Fundo,10,explicacao risco,Telefone,Resolvido,,Fundos
57.0,2026-03-22 00:00:00,PRD_CDB,10.0,0.0,32.9,0.0,57,CDB,FD00103,C00057,2025-07-24,2025T3,Private,Fundos,Assessoria,6-24 meses,10,Atendimento claro e rapido,57.0,2025-07-25,fundos de investimento,10,resgate,Telefone,Resolvido,Atendimento claro e rapido,Fundos
57.0,2026-03-22 00:00:00,PRD_CDB,10.0,0.0,32.9,0.0,57,CDB,FD00103,C00057,2025-07-24,2025T3,Private,Fundos,Assessoria,6-24 meses,10,Atendimento claro e rapido,57.0,30/12/2025,cdb,7,acesso app,Telefone,Pendente,Boa experiencia no aplicativo,CDB
57.0,2026-03-22 00:00:00,PRD_CDB,10.0,0.0,32.9,0.0,57,CDB,FD00103,C00057,2025-07-24,2025T3,Private,Fundos,Assessoria,6-24 meses,10,Atendimento claro e rapido,57.0,2026-03-28,C.D.B.,8,extrato,Chat,Pendente,,CDB
57.0,2026-03-22 00:00:00,PRD_CDB,10.0,0.0,32.9,0.0,57,CDB,FD00147,C00057,2025-07-28,2025T3,Private,Fundos,App,2-5 anos,10,Informacoes estavam faceis de encontrar,57.0,26/09/2025,Fundo,10,explicacao risco,Telefone,Resolvido,,Fundos
57.0,2026-03-22 00:00:00,PRD_CDB,10.0,0.0,32.9,0.0,57,CDB,FD00147,C00057,2025-07-28,2025T3,Private,Fundos,App,2-5 anos,10,Informacoes estavam faceis de encontrar,57.0,2025-07-25,fundos de investimento,10,resgate,Telefone,Resolvido,Atendimento claro e rapido,Fundos
57.0,2026-03-22 00:00:00,PRD_CDB,10.0,0.0,32.9,0.0,57,CDB,FD00147,C00057,2025-07-28,2025T3,Private,Fundos,App,2-5 anos,10,Informacoes estavam faceis de encontrar,57.0,30/12/2025,cdb,7,acesso app,Telefone,Pendente,Boa experiencia no aplicativo,CDB
57.0,2026-03-22 00:00:00,PRD_CDB,10.0,0.0,32.9,0.0,57,CDB,FD00147,C00057,2025-07-28,2025T3,Private,Fundos,App,2-5 anos,10,Informacoes estavam faceis de encontrar,57.0,2026-03-28,C.D.B.,8,extrato,Chat,Pendente,,CDB
57.0,2026-03-22 00:00:00,PRD_CDB,10.0,0.0,32.9,0.0,57,CDB,FD00148,C00057,2025-09-27,2025T3,Private,Fundos,Internet Banking,2-5 anos,9,Boa experiencia no aplicativo,57.0,26/09/2025,Fundo,10,explicacao risco,Telefone,Resolvido,,Fundos
57.0,2026-03-22 00:00:00,PRD_CDB,10.0,0.0,32.9,0.0,57,CDB,FD00148,C00057,2025-09-27,2025T3,Private,Fundos,Internet Banking,2-5 anos,9,Boa experiencia no aplicativo,57.0,2025-07-25,fundos de investimento,10,resgate,Telefone,Resolvido,Atendimento claro e rapido,Fundos
57.0,2026-03-22 00:00:00,PRD_CDB,10.0,0.0,32.9,0.0,57,CDB,FD00148,C00057,2025-09-27,2025T3,Private,Fundos,Internet Banking,2-5 anos,9,Boa experiencia no aplicativo,57.0,30/12/2025,cdb,7,acesso app,Telefone,Pendente,Boa experiencia no aplicativo,CDB
57.0,2026-03-22 00:00:00,PRD_CDB,10.0,0.0,32.9,0.0,57,CDB,FD00148,C00057,2025-09-27,2025T3,Private,Fundos,Internet Banking,2-5 anos,9,Boa experiencia no aplicativo,57.0,2026-03-28,C.D.B.,8,extrato,Chat,Pendente,,CDB
57.0,2026-03-22 00:00:00,PRD_CDB,10.0,0.0,32.9,0.0,57,CDB,FD00529,C00057,2026-01-02,2026T1,Private,CDB,Assessoria,2-5 anos,6,Demora para resolver meu problema,57.0,26/09/2025,Fundo,10,explicacao risco,Telefone,Resolvido,,Fundos
57.0,2026-03-22 00:00:00,PRD_CDB,10.0,0.0,32.9,0.0,57,CDB,FD00529,C00057,2026-01-02,2026T1,Private,CDB,Assessoria,2-5 anos,6,Demora para resolver meu problema,57.0,2025-07-25,fundos de investimento,10,resgate,Telefone,Resolvido,Atendimento claro e rapido,Fundos
57.0,2026-03-22 00:00:00,PRD_CDB,10.0,0.0,32.9,0.0,57,CDB,FD00529,C00057,2026-01-02,2026T1,Private,CDB,Assessoria,2-5 anos,6,Demora para resolver meu problema,57.0,30/12/2025,cdb,7,acesso app,Telefone,Pendente,Boa experiencia no aplicativo,CDB
57.0,2026-03-22 00:00:00,PRD_CDB,10.0,0.0,32.9,0.0,57,CDB,FD00529,C00057,2026-01-02,2026T1,Private,CDB,Assessoria,2-5 anos,6,Demora para resolver meu problema,57.0,2026-03-28,C.D.B.,8,extrato,Chat,Pendente,,CDB
57.0,2026-03-22 00:00:00,PRD_CDB,10.0,0.0,32.9,0.0,57,CDB,FD00700,C00057,2026-03-31,2026T1,Private,CDB,,0-6 meses,9,Boa experiencia no aplicativo,57.0,26/09/2025,Fundo,10,explicacao risco,Telefone,Resolvido,,Fundos
57.0,2026-03-22 00:00:00,PRD_CDB,10.0,0.0,32.9,0.0,57,CDB,FD00700,C00057,2026-03-31,2026T1,Private,CDB,,0-6 meses,9,Boa experiencia no aplicativo,57.0,2025-07-25,fundos de investimento,10,resgate,Telefone,Resolvido,Atendimento claro e rapido,Fundos
57.0,2026-03-22 00:00:00,PRD_CDB,10.0,0.0,32.9,0.0,57,CDB,FD00700,C00057,2026-03-31,2026T1,Private,CDB,,0-6 meses,9,Boa experiencia no aplicativo,57.0,30/12/2025,cdb,7,acesso app,Telefone,Pendente,Boa experiencia no aplicativo,CDB
57.0,2026-03-22 00:00:00,PRD_CDB,10.0,0.0,32.9,0.0,57,CDB,FD00700,C00057,2026-03-31,2026T1,Private,CDB,,0-6 meses,9,Boa experiencia no aplicativo,57.0,2026-03-28,C.D.B.,8,extrato,Chat,Pendente,,CDB
57.0,2026-03-22 00:00:00,PRD_CDB,10.0,0.0,32.9,0.0,57,CDB,FD00936,C00057,2026-05-01,2026T2,Private,CDB,App,5+ anos,9,Boa experiencia no aplicativo,57.0,26/09/2025,Fundo,10,explicacao risco,Telefone,Resolvido,,Fundos
57.0,2026-03-22 00:00:00,PRD_CDB,10.0,0.0,32.9,0.0,57,CDB,FD00936,C00057,2026-05-01,2026T2,Private,CDB,App,5+ anos,9,Boa experiencia no aplicativo,57.0,2025-07-25,fundos de investimento,10,resgate,Telefone,Resolvido,Atendimento claro e rapido,Fundos
57.0,2026-03-22 00:00:00,PRD_CDB,10.0,0.0,32.9,0.0,57,CDB,FD00936,C00057,2026-05-01,2026T2,Private,CDB,App,5+ anos,9,Boa experiencia no aplicativo,57.0,30/12/2025,cdb,7,acesso app,Telefone,Pendente,Boa experiencia no aplicativo,CDB
57.0,2026-03-22 00:00:00,PRD_CDB,10.0,0.0,32.9,0.0,57,CDB,FD00936,C00057,2026-05-01,2026T2,Private,CDB,App,5+ anos,9,Boa experiencia no aplicativo,57.0,2026-03-28,C.D.B.,8,extrato,Chat,Pendente,,CDB
57.0,2025-09-24 00:00:00,PRD_FND,4.0,0.0,10.8,0.0,57,Fundos,FD00103,C00057,2025-07-24,2025T3,Private,Fundos,Assessoria,6-24 meses,10,Atendimento claro e rapido,57.0,26/09/2025,Fundo,10,explicacao risco,Telefone,Resolvido,,Fundos
57.0,2025-09-24 00:00:00,PRD_FND,4.0,0.0,10.8,0.0,57,Fundos,FD00103,C00057,2025-07-24,2025T3,Private,Fundos,Assessoria,6-24 meses,10,Atendimento claro e rapido,57.0,2025-07-25,fundos de investimento,10,resgate,Telefone,Resolvido,Atendimento claro e rapido,Fundos
57.0,2025-09-24 00:00:00,PRD_FND,4.0,0.0,10.8,0.0,57,Fundos,FD00103,C00057,2025-07-24,2025T3,Private,Fundos,Assessoria,6-24 meses,10,Atendimento claro e rapido,57.0,30/12/2025,cdb,7,acesso app,Telefone,Pendente,Boa experiencia no aplicativo,CDB
57.0,2025-09-24 00:00:00,PRD_FND,4.0,0.0,10.8,0.0,57,Fundos,FD00103,C00057,2025-07-24,2025T3,Private,Fundos,Assessoria,6-24 meses,10,Atendimento claro e rapido,57.0,2026-03-28,C.D.B.,8,extrato,Chat,Pendente,,CDB
57.0,2025-09-24 00:00:00,PRD_FND,4.0,0.0,10.8,0.0,57,Fundos,FD00147,C00057,2025-07-28,2025T3,Private,Fundos,App,2-5 anos,10,Informacoes estavam faceis de encontrar,57.0,26/09/2025,Fundo,10,explicacao risco,Telefone,Resolvido,,Fundos
57.0,2025-09-24 00:00:00,PRD_FND,4.0,0.0,10.8,0.0,57,Fundos,FD00147,C00057,2025-07-28,2025T3,Private,Fundos,App,2-5 anos,10,Informacoes estavam faceis de encontrar,57.0,2025-07-25,fundos de investimento,10,resgate,Telefone,Resolvido,Atendimento claro e rapido,Fundos
57.0,2025-09-24 00:00:00,PRD_FND,4.0,0.0,10.8,0.0,57,Fundos,FD00147,C00057,2025-07-28,2025T3,Private,Fundos,App,2-5 anos,10,Informacoes estavam faceis de encontrar,57.0,30/12/2025,cdb,7,acesso app,Telefone,Pendente,Boa experiencia no aplicativo,CDB
57.0,2025-09-24 00:00:00,PRD_FND,4.0,0.0,10.8,0.0,57,Fundos,FD00147,C00057,2025-07-28,2025T3,Private,Fundos,App,2-5 anos,10,Informacoes estavam faceis de encontrar,57.0,2026-03-28,C.D.B.,8,extrato,Chat,Pendente,,CDB
57.0,2025-09-24 00:00:00,PRD_FND,4.0,0.0,10.8,0.0,57,Fundos,FD00148,C00057,2025-09-27,2025T3,Private,Fundos,Internet Banking,2-5 anos,9,Boa experiencia no aplicativo,57.0,26/09/2025,Fundo,10,explicacao risco,Telefone,Resolvido,,Fundos
57.0,2025-09-24 00:00:00,PRD_FND,4.0,0.0,10.8,0.0,57,Fundos,FD00148,C00057,2025-09-27,2025T3,Private,Fundos,Internet Banking,2-5 anos,9,Boa experiencia no aplicativo,57.0,2025-07-25,fundos de investimento,10,resgate,Telefone,Resolvido,Atendimento claro e rapido,Fundos
57.0,2025-09-24 00:00:00,PRD_FND,4.0,0.0,10.8,0.0,57,Fundos,FD00148,C00057,2025-09-27,2025T3,Private,Fundos,Internet Banking,2-5 anos,9,Boa experiencia no aplicativo,57.0,30/12/2025,cdb,7,acesso app,Telefone,Pendente,Boa experiencia no aplicativo,CDB
57.0,2025-09-24 00:00:00,PRD_FND,4.0,0.0,10.8,0.0,57,Fundos,FD00148,C00057,2025-09-27,2025T3,Private,Fundos,Internet Banking,2-5 anos,9,Boa experiencia no aplicativo,57.0,2026-03-28,C.D.B.,8,extrato,Chat,Pendente,,CDB
57.0,2025-09-24 00:00:00,PRD_FND,4.0,0.0,10.8,0.0,57,Fundos,FD00529,C00057,2026-01-02,2026T1,Private,CDB,Assessoria,2-5 anos,6,Demora para resolver meu problema,57.0,26/09/2025,Fundo,10,explicacao risco,Telefone,Resolvido,,Fundos
57.0,2025-09-24 00:00:00,PRD_FND,4.0,0.0,10.8,0.0,57,Fundos,FD00529,C00057,2026-01-02,2026T1,Private,CDB,Assessoria,2-5 anos,6,Demora para resolver meu problema,57.0,2025-07-25,fundos de investimento,10,resgate,Telefone,Resolvido,Atendimento claro e rapido,Fundos
57.0,2025-09-24 00:00:00,PRD_FND,4.0,0.0,10.8,0.0,57,Fundos,FD00529,C00057,2026-01-02,2026T1,Private,CDB,Assessoria,2-5 anos,6,Demora para resolver meu problema,57.0,30/12/2025,cdb,7,acesso app,Telefone,Pendente,Boa experiencia no aplicativo,CDB
57.0,2025-09-24 00:00:00,PRD_FND,4.0,0.0,10.8,0.0,57,Fundos,FD00529,C00057,2026-01-02,2026T1,Private,CDB,Assessoria,2-5 anos,6,Demora para resolver meu problema,57.0,2026-03-28,C.D.B.,8,extrato,Chat,Pendente,,CDB
57.0,2025-09-24 00:00:00,PRD_FND,4.0,0.0,10.8,0.0,57,Fundos,FD00700,C00057,2026-03-31,2026T1,Private,CDB,,0-6 meses,9,Boa experiencia no aplicativo,57.0,26/09/2025,Fundo,10,explicacao risco,Telefone,Resolvido,,Fundos
57.0,2025-09-24 00:00:00,PRD_FND,4.0,0.0,10.8,0.0,57,Fundos,FD00700,C00057,2026-03-31,2026T1,Private,CDB,,0-6 meses,9,Boa experiencia no aplicativo,57.0,2025-07-25,fundos de investimento,10,resgate,Telefone,Resolvido,Atendimento claro e rapido,Fundos
57.0,2025-09-24 00:00:00,PRD_FND,4.0,0.0,10.8,0.0,57,Fundos,FD00700,C00057,2026-03-31,2026T1,Private,CDB,,0-6 meses,9,Boa experiencia no aplicativo,57.0,30/12/2025,cdb,7,acesso app,Telefone,Pendente,Boa experiencia no aplicativo,CDB
57.0,2025-09-24 00:00:00,PRD_FND,4.0,0.0,10.8,0.0,57,Fundos,FD00700,C00057,2026-03-31,2026T1,Private,CDB,,0-6 meses,9,Boa experiencia no aplicativo,57.0,2026-03-28,C.D.B.,8,extrato,Chat,Pendente,,CDB
57.0,2025-09-24 00:00:00,PRD_FND,4.0,0.0,10.8,0.0,57,Fundos,FD00936,C00057,2026-05-01,2026T2,Private,CDB,App,5+ anos,9,Boa experiencia no aplicativo,57.0,26/09/2025,Fundo,10,explicacao risco,Telefone,Resolvido,,Fundos
57.0,2025-09-24 00:00:00,PRD_FND,4.0,0.0,10.8,0.0,57,Fundos,FD00936,C00057,2026-05-01,2026T2,Private,CDB,App,5+ anos,9,Boa experiencia no aplicativo,57.0,2025-07-25,fundos de investimento,10,resgate,Telefone,Resolvido,Atendimento claro e rapido,Fundos
57.0,2025-09-24 00:00:00,PRD_FND,4.0,0.0,10.8,0.0,57,Fundos,FD00936,C00057,2026-05-01,2026T2,Private,CDB,App,5+ anos,9,Boa experiencia no aplicativo,57.0,30/12/2025,cdb,7,acesso app,Telefone,Pendente,Boa experiencia no aplicativo,CDB
57.0,2025-09-24 00:00:00,PRD_FND,4.0,0.0,10.8,0.0,57,Fundos,FD00936,C00057,2026-05-01,2026T2,Private,CDB,App,5+ anos,9,Boa experiencia no aplicativo,57.0,2026-03-28,C.D.B.,8,extrato,Chat,Pendente,,CDB
57.0,2025-07-20 00:00:00,PRD_FND,6.0,1.0,32.3,0.0,57,Fundos,FD00103,C00057,2025-07-24,2025T3,Private,Fundos,Assessoria,6-24 meses,10,Atendimento claro e rapido,57.0,26/09/2025,Fundo,10,explicacao risco,Telefone,Resolvido,,Fundos
57.0,2025-07-20 00:00:00,PRD_FND,6.0,1.0,32.3,0.0,57,Fundos,FD00103,C00057,2025-07-24,2025T3,Private,Fundos,Assessoria,6-24 meses,10,Atendimento claro e rapido,57.0,2025-07-25,fundos de investimento,10,resgate,Telefone,Resolvido,Atendimento claro e rapido,Fundos
57.0,2025-07-20 00:00:00,PRD_FND,6.0,1.0,32.3,0.0,57,Fundos,FD00103,C00057,2025-07-24,2025T3,Private,Fundos,Assessoria,6-24 meses,10,Atendimento claro e rapido,57.0,30/12/2025,cdb,7,acesso app,Telefone,Pendente,Boa experiencia no aplicativo,CDB
57.0,2025-07-20 00:00:00,PRD_FND,6.0,1.0,32.3,0.0,57,Fundos,FD00103,C00057,2025-07-24,2025T3,Private,Fundos,Assessoria,6-24 meses,10,Atendimento claro e rapido,57.0,2026-03-28,C.D.B.,8,extrato,Chat,Pendente,,CDB
57.0,2025-07-20 00:00:00,PRD_FND,6.0,1.0,32.3,0.0,57,Fundos,FD00147,C00057,2025-07-28,2025T3,Private,Fundos,App,2-5 anos,10,Informacoes estavam faceis de encontrar,57.0,26/09/2025,Fundo,10,explicacao risco,Telefone,Resolvido,,Fundos
57.0,2025-07-20 00:00:00,PRD_FND,6.0,1.0,32.3,0.0,57,Fundos,FD00147,C00057,2025-07-28,2025T3,Private,Fundos,App,2-5 anos,10,Informacoes estavam faceis de encontrar,57.0,2025-07-25,fundos de investimento,10,resgate,Telefone,Resolvido,Atendimento claro e rapido,Fundos
57.0,2025-07-20 00:00:00,PRD_FND,6.0,1.0,32.3,0.0,57,Fundos,FD00147,C00057,2025-07-28,2025T3,Private,Fundos,App,2-5 anos,10,Informacoes estavam faceis de encontrar,57.0,30/12/2025,cdb,7,acesso app,Telefone,Pendente,Boa experiencia no aplicativo,CDB
57.0,2025-07-20 00:00:00,PRD_FND,6.0,1.0,32.3,0.0,57,Fundos,FD00147,C00057,2025-07-28,2025T3,Private,Fundos,App,2-5 anos,10,Informacoes estavam faceis de encontrar,57.0,2026-03-28,C.D.B.,8,extrato,Chat,Pendente,,CDB
57.0,2025-07-20 00:00:00,PRD_FND,6.0,1.0,32.3,0.0,57,Fundos,FD00148,C00057,2025-09-27,2025T3,Private,Fundos,Internet Banking,2-5 anos,9,Boa experiencia no aplicativo,57.0,26/09/2025,Fundo,10,explicacao risco,Telefone,Resolvido,,Fundos
57.0,2025-07-20 00:00:00,PRD_FND,6.0,1.0,32.3,0.0,57,Fundos,FD00148,C00057,2025-09-27,2025T3,Private,Fundos,Internet Banking,2-5 anos,9,Boa experiencia no aplicativo,57.0,2025-07-25,fundos de investimento,10,resgate,Telefone,Resolvido,Atendimento claro e rapido,Fundos
57.0,2025-07-20 00:00:00,PRD_FND,6.0,1.0,32.3,0.0,57,Fundos,FD00148,C00057,2025-09-27,2025T3,Private,Fundos,Internet Banking,2-5 anos,9,Boa experiencia no aplicativo,57.0,30/12/2025,cdb,7,acesso app,Telefone,Pendente,Boa experiencia no aplicativo,CDB
57.0,2025-07-20 00:00:00,PRD_FND,6.0,1.0,32.3,0.0,57,Fundos,FD00148,C00057,2025-09-27,2025T3,Private,Fundos,Internet Banking,2-5 anos,9,Boa experiencia no aplicativo,57.0,2026-03-28,C.D.B.,8,extrato,Chat,Pendente,,CDB
57.0,2025-07-20 00:00:00,PRD_FND,6.0,1.0,32.3,0.0,57,Fundos,FD00529,C00057,2026-01-02,2026T1,Private,CDB,Assessoria,2-5 anos,6,Demora para resolver meu problema,57.0,26/09/2025,Fundo,10,explicacao risco,Telefone,Resolvido,,Fundos
57.0,2025-07-20 00:00:00,PRD_FND,6.0,1.0,32.3,0.0,57,Fundos,FD00529,C00057,2026-01-02,2026T1,Private,CDB,Assessoria,2-5 anos,6,Demora para resolver meu problema,57.0,2025-07-25,fundos de investimento,10,resgate,Telefone,Resolvido,Atendimento claro e rapido,Fundos
57.0,2025-07-20 00:00:00,PRD_FND,6.0,1.0,32.3,0.0,57,Fundos,FD00529,C00057,2026-01-02,2026T1,Private,CDB,Assessoria,2-5 anos,6,Demora para resolver meu problema,57.0,30/12/2025,cdb,7,acesso app,Telefone,Pendente,Boa experiencia no aplicativo,CDB
57.0,2025-07-20 00:00:00,PRD_FND,6.0,1.0,32.3,0.0,57,Fundos,FD00529,C00057,2026-01-02,2026T1,Private,CDB,Assessoria,2-5 anos,6,Demora para resolver meu problema,57.0,2026-03-28,C.D.B.,8,extrato,Chat,Pendente,,CDB
57.0,2025-07-20 00:00:00,PRD_FND,6.0,1.0,32.3,0.0,57,Fundos,FD00700,C00057,2026-03-31,2026T1,Private,CDB,,0-6 meses,9,Boa experiencia no aplicativo,57.0,26/09/2025,Fundo,10,explicacao risco,Telefone,Resolvido,,Fundos
57.0,2025-07-20 00:00:00,PRD_FND,6.0,1.0,32.3,0.0,57,Fundos,FD00700,C00057,2026-03-31,2026T1,Private,CDB,,0-6 meses,9,Boa experiencia no aplicativo,57.0,2025-07-25,fundos de investimento,10,resgate,Telefone,Resolvido,Atendimento claro e rapido,Fundos
57.0,2025-07-20 00:00:00,PRD_FND,6.0,1.0,32.3,0.0,57,Fundos,FD00700,C00057,2026-03-31,2026T1,Private,CDB,,0-6 meses,9,Boa experiencia no aplicativo,57.0,30/12/2025,cdb,7,acesso app,Telefone,Pendente,Boa experiencia no aplicativo,CDB
57.0,2025-07-20 00:00:00,PRD_FND,6.0,1.0,32.3,0.0,57,Fundos,FD00700,C00057,2026-03-31,2026T1,Private,CDB,,0-6 meses,9,Boa experiencia no aplicativo,57.0,2026-03-28,C.D.B.,8,extrato,Chat,Pendente,,CDB
57.0,2025-07-20 00:00:00,PRD_FND,6.0,1.0,32.3,0.0,57,Fundos,FD00936,C00057,2026-05-01,2026T2,Private,CDB,App,5+ anos,9,Boa experiencia no aplicativo,57.0,26/09/2025,Fundo,10,explicacao risco,Telefone,Resolvido,,Fundos
57.0,2025-07-20 00:00:00,PRD_FND,6.0,1.0,32.3,0.0,57,Fundos,FD00936,C00057,2026-05-01,2026T2,Private,CDB,App,5+ anos,9,Boa experiencia no aplicativo,57.0,2025-07-25,fundos de investimento,10,resgate,Telefone,Resolvido,Atendimento claro e rapido,Fundos
57.0,2025-07-20 00:00:00,PRD_FND,6.0,1.0,32.3,0.0,57,Fundos,FD00936,C00057,2026-05-01,2026T2,Private,CDB,App,5+ anos,9,Boa experiencia no aplicativo,57.0,30/12/2025,cdb,7,acesso app,Telefone,Pendente,Boa experiencia no aplicativo,CDB
57.0,2025-07-20 00:00:00,PRD_FND,6.0,1.0,32.3,0.0,57,Fundos,FD00936,C00057,2026-05-01,2026T2,Private,CDB,App,5+ anos,9,Boa experiencia no aplicativo,57.0,2026-03-28,C.D.B.,8,extrato,Chat,Pendente,,CDB
58.0,2025-08-30 00:00:00,PRD_FND,7.0,0.0,1.4,0.0,58,Fundos,FD00037,C00058,2025-08-29,2025T3,Private,Fundos,App,2-5 anos,9,Informacoes estavam faceis de encontrar,,,,,,,,,
58.0,2025-08-30 00:00:00,PRD_FND,7.0,0.0,1.4,0.0,58,Fundos,FD00163,C00058,2025-09-22,2025T3,Private,Tesouro Direto,Assessoria,2-5 anos,10,Informacoes estavam faceis de encontrar,,,,,,,,,
58.0,2025-09-17 00:00:00,PRD_TES,7.0,0.0,19.2,0.0,58,Tesouro Direto,FD00037,C00058,2025-08-29,2025T3,Private,Fundos,App,2-5 anos,9,Informacoes estavam faceis de encontrar,,,,,,,,,
58.0,2025-09-17 00:00:00,PRD_TES,7.0,0.0,19.2,0.0,58,Tesouro Direto,FD00163,C00058,2025-09-22,2025T3,Private,Tesouro Direto,Assessoria,2-5 anos,10,Informacoes estavam faceis de encontrar,,,,,,,,,
59.0,2026-05-06 00:00:00,PRD_FND,4.0,0.0,25.4,0.0,59,Fundos,FD00818,C00059,2026-05-03,2026T2,Private,Fundos,Central de Atendimento,0-6 meses,10,Consegui acompanhar minha carteira,59.0,06/05/2026,Fundos,10,reclamacao atendimento,Telefone,Resolvido,"Experiencia ok, mas poderia ser mais simples",Fundos
,,,,,,,60,,FD00616,C00060,2026-02-06,2026T1,Alta Renda,CDB,Assessoria,2-5 anos,9,Assessoria ajudou na decisao,,,,,,,,,
61.0,2025-08-01 00:00:00,PRD_CDB,12.0,0.0,27.8,0.0,61,CDB,FD00062,C00061,2025-08-05,2025T3,Alta Renda,CDB,App,2-5 anos,9,Assessoria ajudou na decisao,,,,,,,,,
61.0,2025-08-01 00:00:00,PRD_CDB,12.0,0.0,27.8,0.0,61,CDB,FD00408,C00061,2025-10-03,2025T4,Alta Renda,Tesouro Direto,App,2-5 anos,9,Assessoria ajudou na decisao,,,,,,,,,
61.0,2025-09-27 00:00:00,PRD_TES,11.0,1.0,35.8,0.0,61,Tesouro Direto,FD00062,C00061,2025-08-05,2025T3,Alta Renda,CDB,App,2-5 anos,9,Assessoria ajudou na decisao,,,,,,,,,
61.0,2025-09-27 00:00:00,PRD_TES,11.0,1.0,35.8,0.0,61,Tesouro Direto,FD00408,C00061,2025-10-03,2025T4,Alta Renda,Tesouro Direto,App,2-5 anos,9,Assessoria ajudou na decisao,,,,,,,,,
62.0,2025-07-31 00:00:00,PRD_CAR,9.0,0.0,54.4,0.0,62,Carteira Administrada,FD00153,C00062,2025-08-05,2025T3,Private,Carteira Administrada,App,0-6 meses,9,Assessoria ajudou na decisao,62.0,02-Aug-25,Carteira Administrada,8,explicacao risco,E-mail,Pendente,Nao entendi a cobranca,Carteira Administrada
64.0,2025-10-21 00:00:00,PRD_FND,5.0,1.0,29.4,0.0,64,Fundos,FD00233,C00064,2025-10-15,2025T4,Alta Renda,Fundos,App,5+ anos,10,Consegui acompanhar minha carteira,,,,,,,,,
64.0,2025-10-21 00:00:00,PRD_FND,5.0,1.0,29.4,0.0,64,Fundos,FD00497,C00064,2026-03-02,2026T1,Alta Renda,Fundos,App,6-24 meses,8,Demorou um pouco para encontrar informacoes,,,,,,,,,
64.0,2026-02-27 00:00:00,PRD_FND,9.0,0.0,25.5,0.0,64,Fundos,FD00233,C00064,2025-10-15,2025T4,Alta Renda,Fundos,App,5+ anos,10,Consegui acompanhar minha carteira,,,,,,,,,
64.0,2026-02-27 00:00:00,PRD_FND,9.0,0.0,25.5,0.0,64,Fundos,FD00497,C00064,2026-03-02,2026T1,Alta Renda,Fundos,App,6-24 meses,8,Demorou um pouco para encontrar informacoes,,,,,,,,,
65.0,2025-10-28 00:00:00,PRD_FND,10.0,0.0,23.9,0.0,65,Fundos,FD00259,C00065,2025-10-22,2025T4,Alta Renda,Fundos,App,2-5 anos,9,Assessoria ajudou na decisao,,,,,,,,,
65.0,2025-10-28 00:00:00,PRD_FND,10.0,0.0,23.9,0.0,65,Fundos,FD00733,C00065,2026-05-18,2026T2,Alta Renda,COE,Internet Banking,6-24 meses,9,Assessoria ajudou na decisao,,,,,,,,,
65.0,2026-05-09 00:00:00,PRD_COE,7.0,0.0,5.8,0.0,65,COE,FD00259,C00065,2025-10-22,2025T4,Alta Renda,Fundos,App,2-5 anos,9,Assessoria ajudou na decisao,,,,,,,,,
65.0,2026-05-09 00:00:00,PRD_COE,7.0,0.0,5.8,0.0,65,COE,FD00733,C00065,2026-05-18,2026T2,Alta Renda,COE,Internet Banking,6-24 meses,9,Assessoria ajudou na decisao,,,,,,,,,
66.0,2026-06-27 00:00:00,PRD_TES,6.0,0.0,30.5,0.0,66,Tesouro Direto,FD00124,C00066,2025-08-29,2025T3,Alta Renda,Tesouro Direto,App,6-24 meses,9,Assessoria ajudou na decisao,66.0,30-Aug-25,Tesouro,8,cadastro,E-mail,Resolvido,Informacoes divergentes sobre o produto,Tesouro Direto
66.0,2026-06-27 00:00:00,PRD_TES,6.0,0.0,30.5,0.0,66,Tesouro Direto,FD00736,C00066,2026-06-28,2026T2,Alta Renda,Tesouro Direto,Internet Banking,2-5 anos,9,Consegui acompanhar minha carteira,66.0,30-Aug-25,Tesouro,8,cadastro,E-mail,Resolvido,Informacoes divergentes sobre o produto,Tesouro Direto
66.0,2025-09-05 00:00:00,PRD_TES,9.0,1.0,32.2,0.0,66,Tesouro Direto,FD00124,C00066,2025-08-29,2025T3,Alta Renda,Tesouro Direto,App,6-24 meses,9,Assessoria ajudou na decisao,66.0,30-Aug-25,Tesouro,8,cadastro,E-mail,Resolvido,Informacoes divergentes sobre o produto,Tesouro Direto
66.0,2025-09-05 00:00:00,PRD_TES,9.0,1.0,32.2,0.0,66,Tesouro Direto,FD00736,C00066,2026-06-28,2026T2,Alta Renda,Tesouro Direto,Internet Banking,2-5 anos,9,Consegui acompanhar minha carteira,66.0,30-Aug-25,Tesouro,8,cadastro,E-mail,Resolvido,Informacoes divergentes sobre o produto,Tesouro Direto
67.0,2026-02-17 00:00:00,PRD_FND,4.0,0.0,1.0,0.0,67,Fundos,FD00708,C00067,2026-02-13,2026T1,Private,Fundos,Internet Banking,0-6 meses,3,Nao entendi a cobranca,67.0,2026-02-10,Fundos,3,reclamacao atendimento,E-mail,Resolvido,,Fundos
68.0,2026-04-24 00:00:00,PRD_CAR,6.0,0.0,66.8,0.0,68,Carteira Administrada,FD00097,C00068,2025-09-20,2025T3,Varejo,CDB,Internet Banking,5+ anos,10,Consegui acompanhar minha carteira,,,,,,,,,
68.0,2026-04-24 00:00:00,PRD_CAR,6.0,0.0,66.8,0.0,68,Carteira Administrada,FD00654,C00068,2026-01-14,2026T1,Varejo,Fundos,App,2-5 anos,9,Boa experiencia no aplicativo,,,,,,,,,
68.0,2026-04-24 00:00:00,PRD_CAR,6.0,0.0,66.8,0.0,68,Carteira Administrada,FD00797,C00068,2026-05-03,2026T2,Varejo,Carteira Administrada,App,2-5 anos,10,Consegui acompanhar minha carteira,,,,,,,,,
68.0,2025-09-27 00:00:00,PRD_CDB,6.0,0.0,8.0,0.0,68,CDB,FD00097,C00068,2025-09-20,2025T3,Varejo,CDB,Internet Banking,5+ anos,10,Consegui acompanhar minha carteira,,,,,,,,,
68.0,2025-09-27 00:00:00,PRD_CDB,6.0,0.0,8.0,0.0,68,CDB,FD00654,C00068,2026-01-14,2026T1,Varejo,Fundos,App,2-5 anos,9,Boa experiencia no aplicativo,,,,,,,,,
68.0,2025-09-27 00:00:00,PRD_CDB,6.0,0.0,8.0,0.0,68,CDB,FD00797,C00068,2026-05-03,2026T2,Varejo,Carteira Administrada,App,2-5 anos,10,Consegui acompanhar minha carteira,,,,,,,,,
68.0,2026-01-10 00:00:00,PRD_FND,19.0,0.0,3.0,0.0,68,Fundos,FD00097,C00068,2025-09-20,2025T3,Varejo,CDB,Internet Banking,5+ anos,10,Consegui acompanhar minha carteira,,,,,,,,,
68.0,2026-01-10 00:00:00,PRD_FND,19.0,0.0,3.0,0.0,68,Fundos,FD00654,C00068,2026-01-14,2026T1,Varejo,Fundos,App,2-5 anos,9,Boa experiencia no aplicativo,,,,,,,,,
68.0,2026-01-10 00:00:00,PRD_FND,19.0,0.0,3.0,0.0,68,Fundos,FD00797,C00068,2026-05-03,2026T2,Varejo,Carteira Administrada,App,2-5 anos,10,Consegui acompanhar minha carteira,,,,,,,,,
68.0,2025-09-27 00:00:00,PRD_CDB,6.0,0.0,8.0,0.0,68,CDB,FD00097,C00068,2025-09-20,2025T3,Varejo,CDB,Internet Banking,5+ anos,10,Consegui acompanhar minha carteira,,,,,,,,,
68.0,2025-09-27 00:00:00,PRD_CDB,6.0,0.0,8.0,0.0,68,CDB,FD00654,C00068,2026-01-14,2026T1,Varejo,Fundos,App,2-5 anos,9,Boa experiencia no aplicativo,,,,,,,,,
68.0,2025-09-27 00:00:00,PRD_CDB,6.0,0.0,8.0,0.0,68,CDB,FD00797,C00068,2026-05-03,2026T2,Varejo,Carteira Administrada,App,2-5 anos,10,Consegui acompanhar minha carteira,,,,,,,,,
70.0,2026-02-18 00:00:00,PRD_FND,9.0,0.0,27.7,0.0,70,Fundos,FD00551,C00070,2026-02-11,2026T1,Novo Investidor,Fundos,App,0-6 meses,10,Assessoria ajudou na decisao,,,,,,,,,
70.0,2026-02-18 00:00:00,PRD_FND,9.0,0.0,27.7,0.0,70,Fundos,FD00977,C00070,2026-06-18,2026T2,Novo Investidor,Carteira Administrada,Internet Banking,2-5 anos,9,Assessoria ajudou na decisao,,,,,,,,,
71.0,2026-05-08 00:00:00,PRD_CAR,8.0,1.0,80.7,0.0,71,Carteira Administrada,FD00883,C00071,2026-05-16,2026T2,Varejo,Carteira Administrada,Central de Atendimento,2-5 anos,9,Informacoes estavam faceis de encontrar,,,,,,,,,
72.0,2026-03-22 00:00:00,PRD_TES,4.0,0.0,22.4,0.0,72,Tesouro Direto,FD00058,C00072,2025-09-25,2025T3,Private,Carteira Administrada,Central de Atendimento,2-5 anos,9,Atendimento claro e rapido,72.0,24/03/2026,TESOURO DIRETO,9,explicacao risco,Telefone,Resolvido,Boa experiencia no aplicativo,Tesouro Direto
72.0,2026-03-22 00:00:00,PRD_TES,4.0,0.0,22.4,0.0,72,Tesouro Direto,FD00452,C00072,2025-11-26,2025T4,Private,Fundos,App,2-5 anos,9,Boa experiencia no aplicativo,72.0,24/03/2026,TESOURO DIRETO,9,explicacao risco,Telefone,Resolvido,Boa experiencia no aplicativo,Tesouro Direto
72.0,2026-03-22 00:00:00,PRD_TES,4.0,0.0,22.4,0.0,72,Tesouro Direto,FD00574,C00072,2026-03-25,2026T1,Private,Tesouro Direto,App,2-5 anos,9,,72.0,24/03/2026,TESOURO DIRETO,9,explicacao risco,Telefone,Resolvido,Boa experiencia no aplicativo,Tesouro Direto
72.0,2026-03-22 00:00:00,PRD_TES,4.0,0.0,22.4,0.0,72,Tesouro Direto,FD00777,C00072,2026-05-19,2026T2,Private,Tesouro Direto,App,0-6 meses,9,Informacoes estavam faceis de encontrar,72.0,24/03/2026,TESOURO DIRETO,9,explicacao risco,Telefone,Resolvido,Boa experiencia no aplicativo,Tesouro Direto
72.0,2025-10-02 00:00:00,PRD_CAR,4.0,2.0,81.4,0.0,72,Carteira Administrada,FD00058,C00072,2025-09-25,2025T3,Private,Carteira Administrada,Central de Atendimento,2-5 anos,9,Atendimento claro e rapido,72.0,24/03/2026,TESOURO DIRETO,9,explicacao risco,Telefone,Resolvido,Boa experiencia no aplicativo,Tesouro Direto
72.0,2025-10-02 00:00:00,PRD_CAR,4.0,2.0,81.4,0.0,72,Carteira Administrada,FD00452,C00072,2025-11-26,2025T4,Private,Fundos,App,2-5 anos,9,Boa experiencia no aplicativo,72.0,24/03/2026,TESOURO DIRETO,9,explicacao risco,Telefone,Resolvido,Boa experiencia no aplicativo,Tesouro Direto
72.0,2025-10-02 00:00:00,PRD_CAR,4.0,2.0,81.4,0.0,72,Carteira Administrada,FD00574,C00072,2026-03-25,2026T1,Private,Tesouro Direto,App,2-5 anos,9,,72.0,24/03/2026,TESOURO DIRETO,9,explicacao risco,Telefone,Resolvido,Boa experiencia no aplicativo,Tesouro Direto
72.0,2025-10-02 00:00:00,PRD_CAR,4.0,2.0,81.4,0.0,72,Carteira Administrada,FD00777,C00072,2026-05-19,2026T2,Private,Tesouro Direto,App,0-6 meses,9,Informacoes estavam faceis de encontrar,72.0,24/03/2026,TESOURO DIRETO,9,explicacao risco,Telefone,Resolvido,Boa experiencia no aplicativo,Tesouro Direto
72.0,2025-11-26 00:00:00,PRD_FND,7.0,0.0,25.4,0.0,72,Fundos,FD00058,C00072,2025-09-25,2025T3,Private,Carteira Administrada,Central de Atendimento,2-5 anos,9,Atendimento claro e rapido,72.0,24/03/2026,TESOURO DIRETO,9,explicacao risco,Telefone,Resolvido,Boa experiencia no aplicativo,Tesouro Direto
72.0,2025-11-26 00:00:00,PRD_FND,7.0,0.0,25.4,0.0,72,Fundos,FD00452,C00072,2025-11-26,2025T4,Private,Fundos,App,2-5 anos,9,Boa experiencia no aplicativo,72.0,24/03/2026,TESOURO DIRETO,9,explicacao risco,Telefone,Resolvido,Boa experiencia no aplicativo,Tesouro Direto
72.0,2025-11-26 00:00:00,PRD_FND,7.0,0.0,25.4,0.0,72,Fundos,FD00574,C00072,2026-03-25,2026T1,Private,Tesouro Direto,App,2-5 anos,9,,72.0,24/03/2026,TESOURO DIRETO,9,explicacao risco,Telefone,Resolvido,Boa experiencia no aplicativo,Tesouro Direto
72.0,2025-11-26 00:00:00,PRD_FND,7.0,0.0,25.4,0.0,72,Fundos,FD00777,C00072,2026-05-19,2026T2,Private,Tesouro Direto,App,0-6 meses,9,Informacoes estavam faceis de encontrar,72.0,24/03/2026,TESOURO DIRETO,9,explicacao risco,Telefone,Resolvido,Boa experiencia no aplicativo,Tesouro Direto
72.0,2026-05-09 00:00:00,PRD_TES,10.0,0.0,3.6,1.0,72,Tesouro Direto,FD00058,C00072,2025-09-25,2025T3,Private,Carteira Administrada,Central de Atendimento,2-5 anos,9,Atendimento claro e rapido,72.0,24/03/2026,TESOURO DIRETO,9,explicacao risco,Telefone,Resolvido,Boa experiencia no aplicativo,Tesouro Direto
72.0,2026-05-09 00:00:00,PRD_TES,10.0,0.0,3.6,1.0,72,Tesouro Direto,FD00452,C00072,2025-11-26,2025T4,Private,Fundos,App,2-5 anos,9,Boa experiencia no aplicativo,72.0,24/03/2026,TESOURO DIRETO,9,explicacao risco,Telefone,Resolvido,Boa experiencia no aplicativo,Tesouro Direto
72.0,2026-05-09 00:00:00,PRD_TES,10.0,0.0,3.6,1.0,72,Tesouro Direto,FD00574,C00072,2026-03-25,2026T1,Private,Tesouro Direto,App,2-5 anos,9,,72.0,24/03/2026,TESOURO DIRETO,9,explicacao risco,Telefone,Resolvido,Boa experiencia no aplicativo,Tesouro Direto
72.0,2026-05-09 00:00:00,PRD_TES,10.0,0.0,3.6,1.0,72,Tesouro Direto,FD00777,C00072,2026-05-19,2026T2,Private,Tesouro Direto,App,0-6 meses,9,Informacoes estavam faceis de encontrar,72.0,24/03/2026,TESOURO DIRETO,9,explicacao risco,Telefone,Resolvido,Boa experiencia no aplicativo,Tesouro Direto
73.0,2026-04-28 00:00:00,PRD_CAR,8.0,0.0,72.4,0.0,73,Carteira Administrada,FD00673,C00073,2026-01-11,2026T1,Private,CDB,Internet Banking,2-5 anos,9,Consegui acompanhar minha carteira,,,,,,,,,
73.0,2026-04-28 00:00:00,PRD_CAR,8.0,0.0,72.4,0.0,73,Carteira Administrada,FD00798,C00073,2026-05-03,2026T2,Private,Carteira Administrada,App,2-5 anos,6,Aplicativo travou durante consulta,,,,,,,,,
73.0,2026-04-28 00:00:00,PRD_CAR,8.0,0.0,72.4,0.0,73,Carteira Administrada,FDX00002,C00073,2026-05-04,2026T2,Private,Carteira Administrada,App,2-5 anos,6,Aplicativo travou durante consulta,,,,,,,,,
73.0,2026-01-18 00:00:00,PRD_CDB,6.0,0.0,1.0,0.0,73,CDB,FD00673,C00073,2026-01-11,2026T1,Private,CDB,Internet Banking,2-5 anos,9,Consegui acompanhar minha carteira,,,,,,,,,
73.0,2026-01-18 00:00:00,PRD_CDB,6.0,0.0,1.0,0.0,73,CDB,FD00798,C00073,2026-05-03,2026T2,Private,Carteira Administrada,App,2-5 anos,6,Aplicativo travou durante consulta,,,,,,,,,
73.0,2026-01-18 00:00:00,PRD_CDB,6.0,0.0,1.0,0.0,73,CDB,FDX00002,C00073,2026-05-04,2026T2,Private,Carteira Administrada,App,2-5 anos,6,Aplicativo travou durante consulta,,,,,,,,,
74.0,2025-12-08 00:00:00,PRD_COE,11.0,0.0,39.7,0.0,74,COE,FD00440,C00074,2025-12-16,2025T4,Varejo,COE,App,2-5 anos,9,Atendimento claro e rapido,,,,,,,,,
75.0,2025-11-06 00:00:00,PRD_CDB,4.0,0.0,16.9,0.0,75,CDB,FD00428,C00075,2025-11-07,2025T4,Varejo,CDB,Assessoria,0-6 meses,8,Tive duvida sobre rentabilidade,,,,,,,,,
75.0,2025-11-06 00:00:00,PRD_CDB,4.0,0.0,16.9,0.0,75,CDB,FD00522,C00075,2026-02-06,2026T1,Varejo,Carteira Administrada,App,0-6 meses,10,Assessoria ajudou na decisao,,,,,,,,,
75.0,2025-11-06 00:00:00,PRD_CDB,4.0,0.0,16.9,0.0,75,CDB,FD00522,C00075,2026-02-06,2026T1,Varejo,Carteira Administrada,App,0-6 meses,10,Assessoria ajudou na decisao,,,,,,,,,
75.0,2026-02-06 00:00:00,PRD_CAR,3.0,0.0,15.7,0.0,75,Carteira Administrada,FD00428,C00075,2025-11-07,2025T4,Varejo,CDB,Assessoria,0-6 meses,8,Tive duvida sobre rentabilidade,,,,,,,,,
75.0,2026-02-06 00:00:00,PRD_CAR,3.0,0.0,15.7,0.0,75,Carteira Administrada,FD00522,C00075,2026-02-06,2026T1,Varejo,Carteira Administrada,App,0-6 meses,10,Assessoria ajudou na decisao,,,,,,,,,
75.0,2026-02-06 00:00:00,PRD_CAR,3.0,0.0,15.7,0.0,75,Carteira Administrada,FD00522,C00075,2026-02-06,2026T1,Varejo,Carteira Administrada,App,0-6 meses,10,Assessoria ajudou na decisao,,,,,,,,,
76.0,2026-01-23 00:00:00,PRD_TES,14.0,0.0,18.5,0.0,76,Tesouro Direto,FD00146,C00076,2025-09-24,2025T3,Varejo,CDB,Central de Atendimento,6-24 meses,10,Boa experiencia no aplicativo,76.0,2026-04-06,fundos de investimento,9,explicacao risco,Telefone,Resolvido,,Fundos
76.0,2026-01-23 00:00:00,PRD_TES,14.0,0.0,18.5,0.0,76,Tesouro Direto,FD00652,C00076,2026-01-17,2026T1,Varejo,Tesouro Direto,App,0-6 meses,7,Demorou um pouco para encontrar informacoes,76.0,2026-04-06,fundos de investimento,9,explicacao risco,Telefone,Resolvido,,Fundos
76.0,2026-01-23 00:00:00,PRD_TES,14.0,0.0,18.5,0.0,76,Tesouro Direto,FD00748,C00076,2026-04-07,2026T2,Varejo,Fundos,App,0-6 meses,9,Assessoria ajudou na decisao,76.0,2026-04-06,fundos de investimento,9,explicacao risco,Telefone,Resolvido,,Fundos
76.0,2025-10-03 00:00:00,PRD_CDB,5.0,0.0,11.5,0.0,76,CDB,FD00146,C00076,2025-09-24,2025T3,Varejo,CDB,Central de Atendimento,6-24 meses,10,Boa experiencia no aplicativo,76.0,2026-04-06,fundos de investimento,9,explicacao risco,Telefone,Resolvido,,Fundos
76.0,2025-10-03 00:00:00,PRD_CDB,5.0,0.0,11.5,0.0,76,CDB,FD00652,C00076,2026-01-17,2026T1,Varejo,Tesouro Direto,App,0-6 meses,7,Demorou um pouco para encontrar informacoes,76.0,2026-04-06,fundos de investimento,9,explicacao risco,Telefone,Resolvido,,Fundos
76.0,2025-10-03 00:00:00,PRD_CDB,5.0,0.0,11.5,0.0,76,CDB,FD00748,C00076,2026-04-07,2026T2,Varejo,Fundos,App,0-6 meses,9,Assessoria ajudou na decisao,76.0,2026-04-06,fundos de investimento,9,explicacao risco,Telefone,Resolvido,,Fundos
76.0,2026-04-11 00:00:00,PRD_FND,6.0,0.0,19.3,0.0,76,Fundos,FD00146,C00076,2025-09-24,2025T3,Varejo,CDB,Central de Atendimento,6-24 meses,10,Boa experiencia no aplicativo,76.0,2026-04-06,fundos de investimento,9,explicacao risco,Telefone,Resolvido,,Fundos
76.0,2026-04-11 00:00:00,PRD_FND,6.0,0.0,19.3,0.0,76,Fundos,FD00652,C00076,2026-01-17,2026T1,Varejo,Tesouro Direto,App,0-6 meses,7,Demorou um pouco para encontrar informacoes,76.0,2026-04-06,fundos de investimento,9,explicacao risco,Telefone,Resolvido,,Fundos
76.0,2026-04-11 00:00:00,PRD_FND,6.0,0.0,19.3,0.0,76,Fundos,FD00748,C00076,2026-04-07,2026T2,Varejo,Fundos,App,0-6 meses,9,Assessoria ajudou na decisao,76.0,2026-04-06,fundos de investimento,9,explicacao risco,Telefone,Resolvido,,Fundos
,,,,,,,77,,FD00413,C00077,2025-12-18,2025T4,Varejo,Fundos,Central de Atendimento,6-24 meses,10,Boa experiencia no aplicativo,,,,,,,,,
78.0,2025-10-29 00:00:00,PRD_COE,4.0,0.0,18.4,0.0,78,COE,FD00116,C00078,2025-07-12,2025T3,Private,CDB,App,0-6 meses,10,Atendimento claro e rapido,78.0,01-Jan-26,fundos de investimento,10,duvida rentabilidade,Chat,Pendente,Tive duvida sobre rentabilidade,Fundos
78.0,2025-10-29 00:00:00,PRD_COE,4.0,0.0,18.4,0.0,78,COE,FD00116,C00078,2025-07-12,2025T3,Private,CDB,App,0-6 meses,10,Atendimento claro e rapido,78.0,01-Jan-26,fundos de investimento,10,duvida rentabilidade,Chat,Pendente,Tive duvida sobre rentabilidade,Fundos
78.0,2025-10-29 00:00:00,PRD_COE,4.0,0.0,18.4,0.0,78,COE,FD00393,C00078,2025-12-31,2025T4,Private,Fundos,App,0-6 meses,9,Boa experiencia no aplicativo,78.0,01-Jan-26,fundos de investimento,10,duvida rentabilidade,Chat,Pendente,Tive duvida sobre rentabilidade,Fundos
78.0,2025-10-29 00:00:00,PRD_COE,4.0,0.0,18.4,0.0,78,COE,FD00393,C00078,2025-12-31,2025T4,Private,Fundos,App,0-6 meses,9,Boa experiencia no aplicativo,78.0,01-Jan-26,fundos de investimento,10,duvida rentabilidade,Chat,Pendente,Tive duvida sobre rentabilidade,Fundos
78.0,2025-10-29 00:00:00,PRD_COE,4.0,0.0,18.4,0.0,78,COE,FD00423,C00078,2025-10-28,2025T4,Private,COE,Internet Banking,2-5 anos,9,Boa experiencia no aplicativo,78.0,01-Jan-26,fundos de investimento,10,duvida rentabilidade,Chat,Pendente,Tive duvida sobre rentabilidade,Fundos
78.0,2025-10-29 00:00:00,PRD_COE,4.0,0.0,18.4,0.0,78,COE,FD00423,C00078,2025-10-28,2025T4,Private,COE,Internet Banking,2-5 anos,9,Boa experiencia no aplicativo,78.0,01-Jan-26,fundos de investimento,10,duvida rentabilidade,Chat,Pendente,Tive duvida sobre rentabilidade,Fundos
78.0,2025-10-29 00:00:00,PRD_COE,4.0,0.0,18.4,0.0,78,COE,FD00532,C00078,2026-02-09,2026T1,Private,Fundos,App,0-6 meses,10,Atendimento claro e rapido,78.0,01-Jan-26,fundos de investimento,10,duvida rentabilidade,Chat,Pendente,Tive duvida sobre rentabilidade,Fundos
78.0,2025-10-29 00:00:00,PRD_COE,4.0,0.0,18.4,0.0,78,COE,FD00532,C00078,2026-02-09,2026T1,Private,Fundos,App,0-6 meses,10,Atendimento claro e rapido,78.0,01-Jan-26,fundos de investimento,10,duvida rentabilidade,Chat,Pendente,Tive duvida sobre rentabilidade,Fundos
78.0,2025-12-31 00:00:00,PRD_FND,10.0,0.0,35.6,0.0,78,Fundos,FD00116,C00078,2025-07-12,2025T3,Private,CDB,App,0-6 meses,10,Atendimento claro e rapido,78.0,01-Jan-26,fundos de investimento,10,duvida rentabilidade,Chat,Pendente,Tive duvida sobre rentabilidade,Fundos
78.0,2025-12-31 00:00:00,PRD_FND,10.0,0.0,35.6,0.0,78,Fundos,FD00116,C00078,2025-07-12,2025T3,Private,CDB,App,0-6 meses,10,Atendimento claro e rapido,78.0,01-Jan-26,fundos de investimento,10,duvida rentabilidade,Chat,Pendente,Tive duvida sobre rentabilidade,Fundos
78.0,2025-12-31 00:00:00,PRD_FND,10.0,0.0,35.6,0.0,78,Fundos,FD00393,C00078,2025-12-31,2025T4,Private,Fundos,App,0-6 meses,9,Boa experiencia no aplicativo,78.0,01-Jan-26,fundos de investimento,10,duvida rentabilidade,Chat,Pendente,Tive duvida sobre rentabilidade,Fundos
78.0,2025-12-31 00:00:00,PRD_FND,10.0,0.0,35.6,0.0,78,Fundos,FD00393,C00078,2025-12-31,2025T4,Private,Fundos,App,0-6 meses,9,Boa experiencia no aplicativo,78.0,01-Jan-26,fundos de investimento,10,duvida rentabilidade,Chat,Pendente,Tive duvida sobre rentabilidade,Fundos
78.0,2025-12-31 00:00:00,PRD_FND,10.0,0.0,35.6,0.0,78,Fundos,FD00423,C00078,2025-10-28,2025T4,Private,COE,Internet Banking,2-5 anos,9,Boa experiencia no aplicativo,78.0,01-Jan-26,fundos de investimento,10,duvida rentabilidade,Chat,Pendente,Tive duvida sobre rentabilidade,Fundos
78.0,2025-12-31 00:00:00,PRD_FND,10.0,0.0,35.6,0.0,78,Fundos,FD00423,C00078,2025-10-28,2025T4,Private,COE,Internet Banking,2-5 anos,9,Boa experiencia no aplicativo,78.0,01-Jan-26,fundos de investimento,10,duvida rentabilidade,Chat,Pendente,Tive duvida sobre rentabilidade,Fundos
78.0,2025-12-31 00:00:00,PRD_FND,10.0,0.0,35.6,0.0,78,Fundos,FD00532,C00078,2026-02-09,2026T1,Private,Fundos,App,0-6 meses,10,Atendimento claro e rapido,78.0,01-Jan-26,fundos de investimento,10,duvida rentabilidade,Chat,Pendente,Tive duvida sobre rentabilidade,Fundos
78.0,2025-12-31 00:00:00,PRD_FND,10.0,0.0,35.6,0.0,78,Fundos,FD00532,C00078,2026-02-09,2026T1,Private,Fundos,App,0-6 meses,10,Atendimento claro e rapido,78.0,01-Jan-26,fundos de investimento,10,duvida rentabilidade,Chat,Pendente,Tive duvida sobre rentabilidade,Fundos
78.0,2026-02-09 00:00:00,PRD_FND,12.0,0.0,16.3,1.0,78,Fundos,FD00116,C00078,2025-07-12,2025T3,Private,CDB,App,0-6 meses,10,Atendimento claro e rapido,78.0,01-Jan-26,fundos de investimento,10,duvida rentabilidade,Chat,Pendente,Tive duvida sobre rentabilidade,Fundos
78.0,2026-02-09 00:00:00,PRD_FND,12.0,0.0,16.3,1.0,78,Fundos,FD00116,C00078,2025-07-12,2025T3,Private,CDB,App,0-6 meses,10,Atendimento claro e rapido,78.0,01-Jan-26,fundos de investimento,10,duvida rentabilidade,Chat,Pendente,Tive duvida sobre rentabilidade,Fundos
78.0,2026-02-09 00:00:00,PRD_FND,12.0,0.0,16.3,1.0,78,Fundos,FD00393,C00078,2025-12-31,2025T4,Private,Fundos,App,0-6 meses,9,Boa experiencia no aplicativo,78.0,01-Jan-26,fundos de investimento,10,duvida rentabilidade,Chat,Pendente,Tive duvida sobre rentabilidade,Fundos
78.0,2026-02-09 00:00:00,PRD_FND,12.0,0.0,16.3,1.0,78,Fundos,FD00393,C00078,2025-12-31,2025T4,Private,Fundos,App,0-6 meses,9,Boa experiencia no aplicativo,78.0,01-Jan-26,fundos de investimento,10,duvida rentabilidade,Chat,Pendente,Tive duvida sobre rentabilidade,Fundos
78.0,2026-02-09 00:00:00,PRD_FND,12.0,0.0,16.3,1.0,78,Fundos,FD00423,C00078,2025-10-28,2025T4,Private,COE,Internet Banking,2-5 anos,9,Boa experiencia no aplicativo,78.0,01-Jan-26,fundos de investimento,10,duvida rentabilidade,Chat,Pendente,Tive duvida sobre rentabilidade,Fundos
78.0,2026-02-09 00:00:00,PRD_FND,12.0,0.0,16.3,1.0,78,Fundos,FD00423,C00078,2025-10-28,2025T4,Private,COE,Internet Banking,2-5 anos,9,Boa experiencia no aplicativo,78.0,01-Jan-26,fundos de investimento,10,duvida rentabilidade,Chat,Pendente,Tive duvida sobre rentabilidade,Fundos
78.0,2026-02-09 00:00:00,PRD_FND,12.0,0.0,16.3,1.0,78,Fundos,FD00532,C00078,2026-02-09,2026T1,Private,Fundos,App,0-6 meses,10,Atendimento claro e rapido,78.0,01-Jan-26,fundos de investimento,10,duvida rentabilidade,Chat,Pendente,Tive duvida sobre rentabilidade,Fundos
78.0,2026-02-09 00:00:00,PRD_FND,12.0,0.0,16.3,1.0,78,Fundos,FD00532,C00078,2026-02-09,2026T1,Private,Fundos,App,0-6 meses,10,Atendimento claro e rapido,78.0,01-Jan-26,fundos de investimento,10,duvida rentabilidade,Chat,Pendente,Tive duvida sobre rentabilidade,Fundos
79.0,2025-10-04 00:00:00,PRD_FND,8.0,0.0,1.6,0.0,79,Fundos,FD00025,C00079,2025-08-31,2025T3,Alta Renda,Tesouro Direto,App,2-5 anos,10,Informacoes estavam faceis de encontrar,,,,,,,,,
79.0,2025-10-04 00:00:00,PRD_FND,8.0,0.0,1.6,0.0,79,Fundos,FD00084,C00079,2025-07-17,2025T3,Alta Renda,Tesouro Direto,App,0-6 meses,10,Atendimento claro e rapido,,,,,,,,,
79.0,2025-10-04 00:00:00,PRD_FND,8.0,0.0,1.6,0.0,79,Fundos,FD00286,C00079,2025-10-01,2025T4,Alta Renda,Fundos,App,2-5 anos,7,Tive duvida sobre rentabilidade,,,,,,,,,
79.0,2025-10-04 00:00:00,PRD_FND,8.0,0.0,1.6,0.0,79,Fundos,FD00525,C00079,2026-01-16,2026T1,Alta Renda,Tesouro Direto,Internet Banking,6-24 meses,10,Consegui acompanhar minha carteira,,,,,,,,,
79.0,2025-10-04 00:00:00,PRD_FND,8.0,0.0,1.6,0.0,79,Fundos,FD00854,C00079,2026-04-28,2026T2,Alta Renda,Tesouro Direto,App,2-5 anos,9,Consegui acompanhar minha carteira,,,,,,,,,
79.0,2026-04-24 00:00:00,PRD_TES,11.0,0.0,13.3,0.0,79,Tesouro Direto,FD00025,C00079,2025-08-31,2025T3,Alta Renda,Tesouro Direto,App,2-5 anos,10,Informacoes estavam faceis de encontrar,,,,,,,,,
79.0,2026-04-24 00:00:00,PRD_TES,11.0,0.0,13.3,0.0,79,Tesouro Direto,FD00084,C00079,2025-07-17,2025T3,Alta Renda,Tesouro Direto,App,0-6 meses,10,Atendimento claro e rapido,,,,,,,,,
79.0,2026-04-24 00:00:00,PRD_TES,11.0,0.0,13.3,0.0,79,Tesouro Direto,FD00286,C00079,2025-10-01,2025T4,Alta Renda,Fundos,App,2-5 anos,7,Tive duvida sobre rentabilidade,,,,,,,,,
79.0,2026-04-24 00:00:00,PRD_TES,11.0,0.0,13.3,0.0,79,Tesouro Direto,FD00525,C00079,2026-01-16,2026T1,Alta Renda,Tesouro Direto,Internet Banking,6-24 meses,10,Consegui acompanhar minha carteira,,,,,,,,,
79.0,2026-04-24 00:00:00,PRD_TES,11.0,0.0,13.3,0.0,79,Tesouro Direto,FD00854,C00079,2026-04-28,2026T2,Alta Renda,Tesouro Direto,App,2-5 anos,9,Consegui acompanhar minha carteira,,,,,,,,,
79.0,2025-08-25 00:00:00,PRD_TES,10.0,0.0,25.4,0.0,79,Tesouro Direto,FD00025,C00079,2025-08-31,2025T3,Alta Renda,Tesouro Direto,App,2-5 anos,10,Informacoes estavam faceis de encontrar,,,,,,,,,
79.0,2025-08-25 00:00:00,PRD_TES,10.0,0.0,25.4,0.0,79,Tesouro Direto,FD00084,C00079,2025-07-17,2025T3,Alta Renda,Tesouro Direto,App,0-6 meses,10,Atendimento claro e rapido,,,,,,,,,
79.0,2025-08-25 00:00:00,PRD_TES,10.0,0.0,25.4,0.0,79,Tesouro Direto,FD00286,C00079,2025-10-01,2025T4,Alta Renda,Fundos,App,2-5 anos,7,Tive duvida sobre rentabilidade,,,,,,,,,
79.0,2025-08-25 00:00:00,PRD_TES,10.0,0.0,25.4,0.0,79,Tesouro Direto,FD00525,C00079,2026-01-16,2026T1,Alta Renda,Tesouro Direto,Internet Banking,6-24 meses,10,Consegui acompanhar minha carteira,,,,,,,,,
79.0,2025-08-25 00:00:00,PRD_TES,10.0,0.0,25.4,0.0,79,Tesouro Direto,FD00854,C00079,2026-04-28,2026T2,Alta Renda,Tesouro Direto,App,2-5 anos,9,Consegui acompanhar minha carteira,,,,,,,,,
79.0,2026-01-24 00:00:00,PRD_TES,9.0,0.0,14.6,0.0,79,Tesouro Direto,FD00025,C00079,2025-08-31,2025T3,Alta Renda,Tesouro Direto,App,2-5 anos,10,Informacoes estavam faceis de encontrar,,,,,,,,,
79.0,2026-01-24 00:00:00,PRD_TES,9.0,0.0,14.6,0.0,79,Tesouro Direto,FD00084,C00079,2025-07-17,2025T3,Alta Renda,Tesouro Direto,App,0-6 meses,10,Atendimento claro e rapido,,,,,,,,,
79.0,2026-01-24 00:00:00,PRD_TES,9.0,0.0,14.6,0.0,79,Tesouro Direto,FD00286,C00079,2025-10-01,2025T4,Alta Renda,Fundos,App,2-5 anos,7,Tive duvida sobre rentabilidade,,,,,,,,,
79.0,2026-01-24 00:00:00,PRD_TES,9.0,0.0,14.6,0.0,79,Tesouro Direto,FD00525,C00079,2026-01-16,2026T1,Alta Renda,Tesouro Direto,Internet Banking,6-24 meses,10,Consegui acompanhar minha carteira,,,,,,,,,
79.0,2026-01-24 00:00:00,PRD_TES,9.0,0.0,14.6,0.0,79,Tesouro Direto,FD00854,C00079,2026-04-28,2026T2,Alta Renda,Tesouro Direto,App,2-5 anos,9,Consegui acompanhar minha carteira,,,,,,,,,
79.0,2025-07-23 00:00:00,PRD_TES,15.0,0.0,20.7,0.0,79,Tesouro Direto,FD00025,C00079,2025-08-31,2025T3,Alta Renda,Tesouro Direto,App,2-5 anos,10,Informacoes estavam faceis de encontrar,,,,,,,,,
79.0,2025-07-23 00:00:00,PRD_TES,15.0,0.0,20.7,0.0,79,Tesouro Direto,FD00084,C00079,2025-07-17,2025T3,Alta Renda,Tesouro Direto,App,0-6 meses,10,Atendimento claro e rapido,,,,,,,,,
79.0,2025-07-23 00:00:00,PRD_TES,15.0,0.0,20.7,0.0,79,Tesouro Direto,FD00286,C00079,2025-10-01,2025T4,Alta Renda,Fundos,App,2-5 anos,7,Tive duvida sobre rentabilidade,,,,,,,,,
79.0,2025-07-23 00:00:00,PRD_TES,15.0,0.0,20.7,0.0,79,Tesouro Direto,FD00525,C00079,2026-01-16,2026T1,Alta Renda,Tesouro Direto,Internet Banking,6-24 meses,10,Consegui acompanhar minha carteira,,,,,,,,,
79.0,2025-07-23 00:00:00,PRD_TES,15.0,0.0,20.7,0.0,79,Tesouro Direto,FD00854,C00079,2026-04-28,2026T2,Alta Renda,Tesouro Direto,App,2-5 anos,9,Consegui acompanhar minha carteira,,,,,,,,,
80.0,2026-01-24 00:00:00,PRD_TES,2.0,0.0,20.1,0.0,80,Tesouro Direto,FD00340,C00080,2025-11-08,2025T4,Private,Tesouro Direto,Internet Banking,2-5 anos,10,Consegui acompanhar minha carteira,,,,,,,,,
80.0,2026-01-24 00:00:00,PRD_TES,2.0,0.0,20.1,0.0,80,Tesouro Direto,FD00682,C00080,2026-01-18,2026T1,Private,Tesouro Direto,Internet Banking,6-24 meses,7,Aplicativo poderia explicar melhor,,,,,,,,,
80.0,2025-11-07 00:00:00,PRD_TES,8.0,0.0,1.0,0.0,80,Tesouro Direto,FD00340,C00080,2025-11-08,2025T4,Private,Tesouro Direto,Internet Banking,2-5 anos,10,Consegui acompanhar minha carteira,,,,,,,,,
80.0,2025-11-07 00:00:00,PRD_TES,8.0,0.0,1.0,0.0,80,Tesouro Direto,FD00682,C00080,2026-01-18,2026T1,Private,Tesouro Direto,Internet Banking,6-24 meses,7,Aplicativo poderia explicar melhor,,,,,,,,,
81.0,2026-06-03 00:00:00,PRD_CAR,7.0,2.0,101.3,0.0,81,Carteira Administrada,FD00744,C00081,2026-06-11,2026T2,Varejo,Carteira Administrada,Assessoria,2-5 anos,10,Assessoria ajudou na decisao,,,,,,,,,
82.0,2026-05-21 00:00:00,PRD_CAR,14.0,0.0,86.1,0.0,82,Carteira Administrada,FD00019,C00082,2025-08-05,2025T3,Varejo,CDB,Assessoria,5+ anos,9,Assessoria ajudou na decisao,82.0,14-May-26,carteira administrada,5,acesso app,Telefone,Pendente,Assessoria ajudou na decisao,Carteira Administrada
82.0,2026-05-21 00:00:00,PRD_CAR,14.0,0.0,86.1,0.0,82,Carteira Administrada,FD00531,C00082,2026-02-26,2026T1,Varejo,Fundos,App,5+ anos,9,Assessoria ajudou na decisao,82.0,14-May-26,carteira administrada,5,acesso app,Telefone,Pendente,Assessoria ajudou na decisao,Carteira Administrada
82.0,2026-05-21 00:00:00,PRD_CAR,14.0,0.0,86.1,0.0,82,Carteira Administrada,FD00810,C00082,2026-05-14,2026T2,Varejo,Carteira Administrada,App,2-5 anos,4,Nao ficou claro o risco do produto,82.0,14-May-26,carteira administrada,5,acesso app,Telefone,Pendente,Assessoria ajudou na decisao,Carteira Administrada
82.0,2026-02-18 00:00:00,PRD_FND,6.0,0.0,15.1,0.0,82,Fundos,FD00019,C00082,2025-08-05,2025T3,Varejo,CDB,Assessoria,5+ anos,9,Assessoria ajudou na decisao,82.0,14-May-26,carteira administrada,5,acesso app,Telefone,Pendente,Assessoria ajudou na decisao,Carteira Administrada
82.0,2026-02-18 00:00:00,PRD_FND,6.0,0.0,15.1,0.0,82,Fundos,FD00531,C00082,2026-02-26,2026T1,Varejo,Fundos,App,5+ anos,9,Assessoria ajudou na decisao,82.0,14-May-26,carteira administrada,5,acesso app,Telefone,Pendente,Assessoria ajudou na decisao,Carteira Administrada
82.0,2026-02-18 00:00:00,PRD_FND,6.0,0.0,15.1,0.0,82,Fundos,FD00810,C00082,2026-05-14,2026T2,Varejo,Carteira Administrada,App,2-5 anos,4,Nao ficou claro o risco do produto,82.0,14-May-26,carteira administrada,5,acesso app,Telefone,Pendente,Assessoria ajudou na decisao,Carteira Administrada
82.0,2025-08-02 00:00:00,PRD_CDB,6.0,0.0,10.5,0.0,82,CDB,FD00019,C00082,2025-08-05,2025T3,Varejo,CDB,Assessoria,5+ anos,9,Assessoria ajudou na decisao,82.0,14-May-26,carteira administrada,5,acesso app,Telefone,Pendente,Assessoria ajudou na decisao,Carteira Administrada
82.0,2025-08-02 00:00:00,PRD_CDB,6.0,0.0,10.5,0.0,82,CDB,FD00531,C00082,2026-02-26,2026T1,Varejo,Fundos,App,5+ anos,9,Assessoria ajudou na decisao,82.0,14-May-26,carteira administrada,5,acesso app,Telefone,Pendente,Assessoria ajudou na decisao,Carteira Administrada
82.0,2025-08-02 00:00:00,PRD_CDB,6.0,0.0,10.5,0.0,82,CDB,FD00810,C00082,2026-05-14,2026T2,Varejo,Carteira Administrada,App,2-5 anos,4,Nao ficou claro o risco do produto,82.0,14-May-26,carteira administrada,5,acesso app,Telefone,Pendente,Assessoria ajudou na decisao,Carteira Administrada
83.0,2026-05-25 00:00:00,PRD_CDB,3.0,0.0,10.0,1.0,83,CDB,FD00806,C00083,2026-05-28,2026T2,Alta Renda,CDB,Central de Atendimento,6-24 meses,10,Consegui acompanhar minha carteira,,,,,,,,,
84.0,2025-09-23 00:00:00,PRD_FND,8.0,0.0,21.7,0.0,84,Fundos,FD00223,C00084,2025-09-27,2025T3,Private,Fundos,App,5+ anos,10,Informacoes estavam faceis de encontrar,,,,,,,,,
85.0,2026-04-29 00:00:00,PRD_TES,11.0,0.0,12.4,0.0,85,Tesouro Direto,FD00971,C00085,2026-04-25,2026T2,Alta Renda,Tesouro Direto,App,2-5 anos,10,Atendimento claro e rapido,,,,,,,,,
86.0,2025-09-28 00:00:00,PRD_CDB,7.0,0.0,10.7,1.0,86,CDB,FD00183,C00086,2025-09-20,2025T3,Alta Renda,CDB,App,2-5 anos,10,Assessoria ajudou na decisao,86.0,21/09/2025,C.D.B.,9,explicacao risco,Telefone,Resolvido,Aplicativo poderia explicar melhor,CDB
86.0,2025-09-28 00:00:00,PRD_CDB,7.0,0.0,10.7,1.0,86,CDB,FD00375,C00086,2025-11-18,2025T4,Alta Renda,COE,Internet Banking,6-24 meses,10,Consegui acompanhar minha carteira,86.0,21/09/2025,C.D.B.,9,explicacao risco,Telefone,Resolvido,Aplicativo poderia explicar melhor,CDB
86.0,2025-09-28 00:00:00,PRD_CDB,7.0,0.0,10.7,1.0,86,CDB,FD00619,C00086,2026-01-08,2026T1,Alta Renda,Tesouro Direto,App,2-5 anos,10,Boa experiencia no aplicativo,86.0,21/09/2025,C.D.B.,9,explicacao risco,Telefone,Resolvido,Aplicativo poderia explicar melhor,CDB
86.0,2025-09-28 00:00:00,PRD_CDB,7.0,0.0,10.7,1.0,86,CDB,FD00671,C00086,2026-03-03,2026T1,Alta Renda,CDB,App,5+ anos,9,Atendimento claro e rapido,86.0,21/09/2025,C.D.B.,9,explicacao risco,Telefone,Resolvido,Aplicativo poderia explicar melhor,CDB
86.0,2025-09-28 00:00:00,PRD_CDB,7.0,0.0,10.7,1.0,86,CDB,FD00672,C00086,2026-01-04,2026T1,Alta Renda,CDB,App,2-5 anos,10,Assessoria ajudou na decisao,86.0,21/09/2025,C.D.B.,9,explicacao risco,Telefone,Resolvido,Aplicativo poderia explicar melhor,CDB
86.0,2025-09-28 00:00:00,PRD_CDB,7.0,0.0,10.7,1.0,86,CDB,FD00375,C00086,2025-11-18,2025T4,Alta Renda,COE,Internet Banking,6-24 meses,10,Consegui acompanhar minha carteira,86.0,21/09/2025,C.D.B.,9,explicacao risco,Telefone,Resolvido,Aplicativo poderia explicar melhor,CDB
86.0,2025-11-23 00:00:00,PRD_COE,5.0,0.0,24.7,0.0,86,COE,FD00183,C00086,2025-09-20,2025T3,Alta Renda,CDB,App,2-5 anos,10,Assessoria ajudou na decisao,86.0,21/09/2025,C.D.B.,9,explicacao risco,Telefone,Resolvido,Aplicativo poderia explicar melhor,CDB
86.0,2025-11-23 00:00:00,PRD_COE,5.0,0.0,24.7,0.0,86,COE,FD00375,C00086,2025-11-18,2025T4,Alta Renda,COE,Internet Banking,6-24 meses,10,Consegui acompanhar minha carteira,86.0,21/09/2025,C.D.B.,9,explicacao risco,Telefone,Resolvido,Aplicativo poderia explicar melhor,CDB
86.0,2025-11-23 00:00:00,PRD_COE,5.0,0.0,24.7,0.0,86,COE,FD00619,C00086,2026-01-08,2026T1,Alta Renda,Tesouro Direto,App,2-5 anos,10,Boa experiencia no aplicativo,86.0,21/09/2025,C.D.B.,9,explicacao risco,Telefone,Resolvido,Aplicativo poderia explicar melhor,CDB
86.0,2025-11-23 00:00:00,PRD_COE,5.0,0.0,24.7,0.0,86,COE,FD00671,C00086,2026-03-03,2026T1,Alta Renda,CDB,App,5+ anos,9,Atendimento claro e rapido,86.0,21/09/2025,C.D.B.,9,explicacao risco,Telefone,Resolvido,Aplicativo poderia explicar melhor,CDB
86.0,2025-11-23 00:00:00,PRD_COE,5.0,0.0,24.7,0.0,86,COE,FD00672,C00086,2026-01-04,2026T1,Alta Renda,CDB,App,2-5 anos,10,Assessoria ajudou na decisao,86.0,21/09/2025,C.D.B.,9,explicacao risco,Telefone,Resolvido,Aplicativo poderia explicar melhor,CDB
86.0,2025-11-23 00:00:00,PRD_COE,5.0,0.0,24.7,0.0,86,COE,FD00375,C00086,2025-11-18,2025T4,Alta Renda,COE,Internet Banking,6-24 meses,10,Consegui acompanhar minha carteira,86.0,21/09/2025,C.D.B.,9,explicacao risco,Telefone,Resolvido,Aplicativo poderia explicar melhor,CDB
86.0,2026-01-13 00:00:00,PRD_TES,6.0,0.0,25.5,0.0,86,Tesouro Direto,FD00183,C00086,2025-09-20,2025T3,Alta Renda,CDB,App,2-5 anos,10,Assessoria ajudou na decisao,86.0,21/09/2025,C.D.B.,9,explicacao risco,Telefone,Resolvido,Aplicativo poderia explicar melhor,CDB
86.0,2026-01-13 00:00:00,PRD_TES,6.0,0.0,25.5,0.0,86,Tesouro Direto,FD00375,C00086,2025-11-18,2025T4,Alta Renda,COE,Internet Banking,6-24 meses,10,Consegui acompanhar minha carteira,86.0,21/09/2025,C.D.B.,9,explicacao risco,Telefone,Resolvido,Aplicativo poderia explicar melhor,CDB
86.0,2026-01-13 00:00:00,PRD_TES,6.0,0.0,25.5,0.0,86,Tesouro Direto,FD00619,C00086,2026-01-08,2026T1,Alta Renda,Tesouro Direto,App,2-5 anos,10,Boa experiencia no aplicativo,86.0,21/09/2025,C.D.B.,9,explicacao risco,Telefone,Resolvido,Aplicativo poderia explicar melhor,CDB
86.0,2026-01-13 00:00:00,PRD_TES,6.0,0.0,25.5,0.0,86,Tesouro Direto,FD00671,C00086,2026-03-03,2026T1,Alta Renda,CDB,App,5+ anos,9,Atendimento claro e rapido,86.0,21/09/2025,C.D.B.,9,explicacao risco,Telefone,Resolvido,Aplicativo poderia explicar melhor,CDB
86.0,2026-01-13 00:00:00,PRD_TES,6.0,0.0,25.5,0.0,86,Tesouro Direto,FD00672,C00086,2026-01-04,2026T1,Alta Renda,CDB,App,2-5 anos,10,Assessoria ajudou na decisao,86.0,21/09/2025,C.D.B.,9,explicacao risco,Telefone,Resolvido,Aplicativo poderia explicar melhor,CDB
86.0,2026-01-13 00:00:00,PRD_TES,6.0,0.0,25.5,0.0,86,Tesouro Direto,FD00375,C00086,2025-11-18,2025T4,Alta Renda,COE,Internet Banking,6-24 meses,10,Consegui acompanhar minha carteira,86.0,21/09/2025,C.D.B.,9,explicacao risco,Telefone,Resolvido,Aplicativo poderia explicar melhor,CDB
86.0,2026-03-10 00:00:00,PRD_CDB,13.0,0.0,6.9,1.0,86,CDB,FD00183,C00086,2025-09-20,2025T3,Alta Renda,CDB,App,2-5 anos,10,Assessoria ajudou na decisao,86.0,21/09/2025,C.D.B.,9,explicacao risco,Telefone,Resolvido,Aplicativo poderia explicar melhor,CDB
86.0,2026-03-10 00:00:00,PRD_CDB,13.0,0.0,6.9,1.0,86,CDB,FD00375,C00086,2025-11-18,2025T4,Alta Renda,COE,Internet Banking,6-24 meses,10,Consegui acompanhar minha carteira,86.0,21/09/2025,C.D.B.,9,explicacao risco,Telefone,Resolvido,Aplicativo poderia explicar melhor,CDB
86.0,2026-03-10 00:00:00,PRD_CDB,13.0,0.0,6.9,1.0,86,CDB,FD00619,C00086,2026-01-08,2026T1,Alta Renda,Tesouro Direto,App,2-5 anos,10,Boa experiencia no aplicativo,86.0,21/09/2025,C.D.B.,9,explicacao risco,Telefone,Resolvido,Aplicativo poderia explicar melhor,CDB
86.0,2026-03-10 00:00:00,PRD_CDB,13.0,0.0,6.9,1.0,86,CDB,FD00671,C00086,2026-03-03,2026T1,Alta Renda,CDB,App,5+ anos,9,Atendimento claro e rapido,86.0,21/09/2025,C.D.B.,9,explicacao risco,Telefone,Resolvido,Aplicativo poderia explicar melhor,CDB
86.0,2026-03-10 00:00:00,PRD_CDB,13.0,0.0,6.9,1.0,86,CDB,FD00672,C00086,2026-01-04,2026T1,Alta Renda,CDB,App,2-5 anos,10,Assessoria ajudou na decisao,86.0,21/09/2025,C.D.B.,9,explicacao risco,Telefone,Resolvido,Aplicativo poderia explicar melhor,CDB
86.0,2026-03-10 00:00:00,PRD_CDB,13.0,0.0,6.9,1.0,86,CDB,FD00375,C00086,2025-11-18,2025T4,Alta Renda,COE,Internet Banking,6-24 meses,10,Consegui acompanhar minha carteira,86.0,21/09/2025,C.D.B.,9,explicacao risco,Telefone,Resolvido,Aplicativo poderia explicar melhor,CDB
87.0,2025-08-17 00:00:00,PRD_FND,2.0,0.0,24.8,0.0,87,Fundos,FD00020,C00087,2025-08-20,2025T3,Varejo,Fundos,Central de Atendimento,5+ anos,10,Consegui acompanhar minha carteira,87.0,2026-03-14,Carteira Adm,7,reclamacao atendimento,E-mail,Reaberto,,Carteira Administrada
87.0,2025-08-17 00:00:00,PRD_FND,2.0,0.0,24.8,0.0,87,Fundos,FD00020,C00087,2025-08-20,2025T3,Varejo,Fundos,Central de Atendimento,5+ anos,10,Consegui acompanhar minha carteira,87.0,19-Aug-25,Fundos,10,acesso app,Agencia,Reaberto,Assessoria ajudou na decisao,Fundos
87.0,2025-08-17 00:00:00,PRD_FND,2.0,0.0,24.8,0.0,87,Fundos,FD00601,C00087,2026-03-15,2026T1,Varejo,Carteira Administrada,Assessoria,6-24 meses,7,Tive duvida sobre rentabilidade,87.0,2026-03-14,Carteira Adm,7,reclamacao atendimento,E-mail,Reaberto,,Carteira Administrada
87.0,2025-08-17 00:00:00,PRD_FND,2.0,0.0,24.8,0.0,87,Fundos,FD00601,C00087,2026-03-15,2026T1,Varejo,Carteira Administrada,Assessoria,6-24 meses,7,Tive duvida sobre rentabilidade,87.0,19-Aug-25,Fundos,10,acesso app,Agencia,Reaberto,Assessoria ajudou na decisao,Fundos
87.0,2026-03-17 00:00:00,PRD_CAR,4.0,0.0,30.7,0.0,87,Carteira Administrada,FD00020,C00087,2025-08-20,2025T3,Varejo,Fundos,Central de Atendimento,5+ anos,10,Consegui acompanhar minha carteira,87.0,2026-03-14,Carteira Adm,7,reclamacao atendimento,E-mail,Reaberto,,Carteira Administrada
87.0,2026-03-17 00:00:00,PRD_CAR,4.0,0.0,30.7,0.0,87,Carteira Administrada,FD00020,C00087,2025-08-20,2025T3,Varejo,Fundos,Central de Atendimento,5+ anos,10,Consegui acompanhar minha carteira,87.0,19-Aug-25,Fundos,10,acesso app,Agencia,Reaberto,Assessoria ajudou na decisao,Fundos
87.0,2026-03-17 00:00:00,PRD_CAR,4.0,0.0,30.7,0.0,87,Carteira Administrada,FD00601,C00087,2026-03-15,2026T1,Varejo,Carteira Administrada,Assessoria,6-24 meses,7,Tive duvida sobre rentabilidade,87.0,2026-03-14,Carteira Adm,7,reclamacao atendimento,E-mail,Reaberto,,Carteira Administrada
87.0,2026-03-17 00:00:00,PRD_CAR,4.0,0.0,30.7,0.0,87,Carteira Administrada,FD00601,C00087,2026-03-15,2026T1,Varejo,Carteira Administrada,Assessoria,6-24 meses,7,Tive duvida sobre rentabilidade,87.0,19-Aug-25,Fundos,10,acesso app,Agencia,Reaberto,Assessoria ajudou na decisao,Fundos
88.0,2026-05-13 00:00:00,PRD_FND,10.0,0.0,33.2,0.0,88,Fundos,FD00819,C00088,2026-05-09,2026T2,Varejo,Fundos,App,5+ anos,10,Informacoes estavam faceis de encontrar,,,,,,,,,
89.0,2025-10-10 00:00:00,PRD_FND,3.0,0.0,29.6,0.0,89,Fundos,FD00251,C00089,2025-10-19,2025T4,Novo Investidor,Fundos,Internet Banking,5+ anos,10,Consegui acompanhar minha carteira,89.0,06-29-2026,Carteira Administrada,10,acesso app,Chat,Pendente,Informacoes divergentes sobre o produto,Carteira Administrada
89.0,2025-10-10 00:00:00,PRD_FND,3.0,0.0,29.6,0.0,89,Fundos,FD00312,C00089,2025-11-20,2025T4,Novo Investidor,COE,App,0-6 meses,10,Assessoria ajudou na decisao,89.0,06-29-2026,Carteira Administrada,10,acesso app,Chat,Pendente,Informacoes divergentes sobre o produto,Carteira Administrada
89.0,2025-10-10 00:00:00,PRD_FND,3.0,0.0,29.6,0.0,89,Fundos,FD00998,C00089,2026-06-29,2026T2,Novo Investidor,Carteira Administrada,Central de Atendimento,5+ anos,9,Atendimento claro e rapido,89.0,06-29-2026,Carteira Administrada,10,acesso app,Chat,Pendente,Informacoes divergentes sobre o produto,Carteira Administrada
89.0,2025-11-12 00:00:00,PRD_COE,9.0,0.0,24.1,0.0,89,COE,FD00251,C00089,2025-10-19,2025T4,Novo Investidor,Fundos,Internet Banking,5+ anos,10,Consegui acompanhar minha carteira,89.0,06-29-2026,Carteira Administrada,10,acesso app,Chat,Pendente,Informacoes divergentes sobre o produto,Carteira Administrada
89.0,2025-11-12 00:00:00,PRD_COE,9.0,0.0,24.1,0.0,89,COE,FD00312,C00089,2025-11-20,2025T4,Novo Investidor,COE,App,0-6 meses,10,Assessoria ajudou na decisao,89.0,06-29-2026,Carteira Administrada,10,acesso app,Chat,Pendente,Informacoes divergentes sobre o produto,Carteira Administrada
89.0,2025-11-12 00:00:00,PRD_COE,9.0,0.0,24.1,0.0,89,COE,FD00998,C00089,2026-06-29,2026T2,Novo Investidor,Carteira Administrada,Central de Atendimento,5+ anos,9,Atendimento claro e rapido,89.0,06-29-2026,Carteira Administrada,10,acesso app,Chat,Pendente,Informacoes divergentes sobre o produto,Carteira Administrada
89.0,2026-07-09 00:00:00,PRD_CAR,5.0,1.0,106.2,0.0,89,Carteira Administrada,FD00251,C00089,2025-10-19,2025T4,Novo Investidor,Fundos,Internet Banking,5+ anos,10,Consegui acompanhar minha carteira,89.0,06-29-2026,Carteira Administrada,10,acesso app,Chat,Pendente,Informacoes divergentes sobre o produto,Carteira Administrada
89.0,2026-07-09 00:00:00,PRD_CAR,5.0,1.0,106.2,0.0,89,Carteira Administrada,FD00312,C00089,2025-11-20,2025T4,Novo Investidor,COE,App,0-6 meses,10,Assessoria ajudou na decisao,89.0,06-29-2026,Carteira Administrada,10,acesso app,Chat,Pendente,Informacoes divergentes sobre o produto,Carteira Administrada
89.0,2026-07-09 00:00:00,PRD_CAR,5.0,1.0,106.2,0.0,89,Carteira Administrada,FD00998,C00089,2026-06-29,2026T2,Novo Investidor,Carteira Administrada,Central de Atendimento,5+ anos,9,Atendimento claro e rapido,89.0,06-29-2026,Carteira Administrada,10,acesso app,Chat,Pendente,Informacoes divergentes sobre o produto,Carteira Administrada
90.0,2025-07-08 00:00:00,PRD_TES,7.0,0.0,20.4,0.0,90,Tesouro Direto,FD00112,C00090,2025-07-15,2025T3,Alta Renda,Tesouro Direto,Central de Atendimento,6-24 meses,10,Atendimento claro e rapido,,,,,,,,,
90.0,2025-07-08 00:00:00,PRD_TES,7.0,0.0,20.4,0.0,90,Tesouro Direto,FD00570,C00090,2026-01-06,2026T1,Alta Renda,Tesouro Direto,Assessoria,2-5 anos,10,Atendimento claro e rapido,,,,,,,,,
90.0,2026-01-10 00:00:00,PRD_TES,9.0,0.0,29.9,0.0,90,Tesouro Direto,FD00112,C00090,2025-07-15,2025T3,Alta Renda,Tesouro Direto,Central de Atendimento,6-24 meses,10,Atendimento claro e rapido,,,,,,,,,
90.0,2026-01-10 00:00:00,PRD_TES,9.0,0.0,29.9,0.0,90,Tesouro Direto,FD00570,C00090,2026-01-06,2026T1,Alta Renda,Tesouro Direto,Assessoria,2-5 anos,10,Atendimento claro e rapido,,,,,,,,,
91.0,2026-06-23 00:00:00,PRD_CAR,12.0,1.0,80.8,0.0,91,Carteira Administrada,FD00717,C00091,2026-06-16,2026T2,Private,Carteira Administrada,App,6-24 meses,9,Consegui acompanhar minha carteira,,,,,,,,,
92.0,2026-04-24 00:00:00,PRD_FND,8.0,1.0,24.8,0.0,92,Fundos,FD00922,C00092,2026-04-22,2026T2,Varejo,Fundos,Central de Atendimento,6-24 meses,9,Atendimento claro e rapido,,,,,,,,,
92.0,2026-04-24 00:00:00,PRD_FND,8.0,1.0,24.8,0.0,92,Fundos,FD00922,C00092,2026-04-22,2026T2,Varejo,Fundos,Central de Atendimento,6-24 meses,9,Atendimento claro e rapido,,,,,,,,,
93.0,2026-04-30 00:00:00,PRD_TES,13.0,0.0,31.7,0.0,93,Tesouro Direto,FD00592,C00093,2026-01-17,2026T1,Varejo,Fundos,App,2-5 anos,9,Boa experiencia no aplicativo,,,,,,,,,
93.0,2026-04-30 00:00:00,PRD_TES,13.0,0.0,31.7,0.0,93,Tesouro Direto,FD00745,C00093,2026-05-07,2026T2,Varejo,Tesouro Direto,App,6-24 meses,10,Boa experiencia no aplicativo,,,,,,,,,
93.0,2026-01-16 00:00:00,PRD_FND,12.0,0.0,4.3,0.0,93,Fundos,FD00592,C00093,2026-01-17,2026T1,Varejo,Fundos,App,2-5 anos,9,Boa experiencia no aplicativo,,,,,,,,,
93.0,2026-01-16 00:00:00,PRD_FND,12.0,0.0,4.3,0.0,93,Fundos,FD00745,C00093,2026-05-07,2026T2,Varejo,Tesouro Direto,App,6-24 meses,10,Boa experiencia no aplicativo,,,,,,,,,
94.0,2026-06-08 00:00:00,PRD_CDB,5.0,0.0,3.5,0.0,94,CDB,FD00059,C00094,2025-08-06,2025T3,Varejo,Tesouro Direto,Assessoria,2-5 anos,9,Boa experiencia no aplicativo,94.0,14/03/2026,C.D.B.,9,extrato,E-mail,Pendente,"Atendimento resolveu, mas demorou",CDB
94.0,2026-06-08 00:00:00,PRD_CDB,5.0,0.0,3.5,0.0,94,CDB,FD00059,C00094,2025-08-06,2025T3,Varejo,Tesouro Direto,Assessoria,2-5 anos,9,Boa experiencia no aplicativo,94.0,06/06/2026,C.D.B.,10,resgate,E-mail,Resolvido,Aplicativo poderia explicar melhor,CDB
94.0,2026-06-08 00:00:00,PRD_CDB,5.0,0.0,3.5,0.0,94,CDB,FD00632,C00094,2026-03-17,2026T1,Varejo,CDB,Internet Banking,5+ anos,9,Atendimento claro e rapido,94.0,14/03/2026,C.D.B.,9,extrato,E-mail,Pendente,"Atendimento resolveu, mas demorou",CDB
94.0,2026-06-08 00:00:00,PRD_CDB,5.0,0.0,3.5,0.0,94,CDB,FD00632,C00094,2026-03-17,2026T1,Varejo,CDB,Internet Banking,5+ anos,9,Atendimento claro e rapido,94.0,06/06/2026,C.D.B.,10,resgate,E-mail,Resolvido,Aplicativo poderia explicar melhor,CDB
94.0,2026-06-08 00:00:00,PRD_CDB,5.0,0.0,3.5,0.0,94,CDB,FD00873,C00094,2026-06-06,2026T2,Varejo,CDB,App,5+ anos,10,Assessoria ajudou na decisao,94.0,14/03/2026,C.D.B.,9,extrato,E-mail,Pendente,"Atendimento resolveu, mas demorou",CDB
94.0,2026-06-08 00:00:00,PRD_CDB,5.0,0.0,3.5,0.0,94,CDB,FD00873,C00094,2026-06-06,2026T2,Varejo,CDB,App,5+ anos,10,Assessoria ajudou na decisao,94.0,06/06/2026,C.D.B.,10,resgate,E-mail,Resolvido,Aplicativo poderia explicar melhor,CDB
94.0,2025-08-06 00:00:00,PRD_TES,5.0,0.0,30.3,1.0,94,Tesouro Direto,FD00059,C00094,2025-08-06,2025T3,Varejo,Tesouro Direto,Assessoria,2-5 anos,9,Boa experiencia no aplicativo,94.0,14/03/2026,C.D.B.,9,extrato,E-mail,Pendente,"Atendimento resolveu, mas demorou",CDB
94.0,2025-08-06 00:00:00,PRD_TES,5.0,0.0,30.3,1.0,94,Tesouro Direto,FD00059,C00094,2025-08-06,2025T3,Varejo,Tesouro Direto,Assessoria,2-5 anos,9,Boa experiencia no aplicativo,94.0,06/06/2026,C.D.B.,10,resgate,E-mail,Resolvido,Aplicativo poderia explicar melhor,CDB
94.0,2025-08-06 00:00:00,PRD_TES,5.0,0.0,30.3,1.0,94,Tesouro Direto,FD00632,C00094,2026-03-17,2026T1,Varejo,CDB,Internet Banking,5+ anos,9,Atendimento claro e rapido,94.0,14/03/2026,C.D.B.,9,extrato,E-mail,Pendente,"Atendimento resolveu, mas demorou",CDB
94.0,2025-08-06 00:00:00,PRD_TES,5.0,0.0,30.3,1.0,94,Tesouro Direto,FD00632,C00094,2026-03-17,2026T1,Varejo,CDB,Internet Banking,5+ anos,9,Atendimento claro e rapido,94.0,06/06/2026,C.D.B.,10,resgate,E-mail,Resolvido,Aplicativo poderia explicar melhor,CDB
94.0,2025-08-06 00:00:00,PRD_TES,5.0,0.0,30.3,1.0,94,Tesouro Direto,FD00873,C00094,2026-06-06,2026T2,Varejo,CDB,App,5+ anos,10,Assessoria ajudou na decisao,94.0,14/03/2026,C.D.B.,9,extrato,E-mail,Pendente,"Atendimento resolveu, mas demorou",CDB
94.0,2025-08-06 00:00:00,PRD_TES,5.0,0.0,30.3,1.0,94,Tesouro Direto,FD00873,C00094,2026-06-06,2026T2,Varejo,CDB,App,5+ anos,10,Assessoria ajudou na decisao,94.0,06/06/2026,C.D.B.,10,resgate,E-mail,Resolvido,Aplicativo poderia explicar melhor,CDB
95.0,2025-10-26 00:00:00,PRD_CDB,5.0,0.0,42.4,0.0,95,CDB,FD00437,C00095,2025-10-22,2025T4,Varejo,CDB,Internet Banking,0-6 meses,1,Aplicativo travou durante consulta,95.0,21-Oct-25,cdb,1,reclamacao atendimento,Agencia,Resolvido,Consegui acompanhar minha carteira,CDB
97.0,2025-07-23 00:00:00,PRD_COE,5.0,0.0,35.8,0.0,97,COE,FD00004,C00097,2025-07-29,2025T3,Alta Renda,Carteira Administrada,App,0-6 meses,10,Informacoes estavam faceis de encontrar,97.0,2026-06-17,C.O.E.,7,explicacao risco,Agencia,Resolvido,Nao entendi a cobranca,COE
97.0,2025-07-23 00:00:00,PRD_COE,5.0,0.0,35.8,0.0,97,COE,FD00174,C00097,2025-08-01,2025T3,Alta Renda,COE,Assessoria,6-24 meses,10,Boa experiencia no aplicativo,97.0,2026-06-17,C.O.E.,7,explicacao risco,Agencia,Resolvido,Nao entendi a cobranca,COE
97.0,2025-07-23 00:00:00,PRD_COE,5.0,0.0,35.8,0.0,97,COE,FD00892,C00097,2026-06-14,2026T2,Alta Renda,COE,App,2-5 anos,7,Aplicativo poderia explicar melhor,97.0,2026-06-17,C.O.E.,7,explicacao risco,Agencia,Resolvido,Nao entendi a cobranca,COE
97.0,2026-06-24 00:00:00,PRD_COE,10.0,0.0,13.6,1.0,97,COE,FD00004,C00097,2025-07-29,2025T3,Alta Renda,Carteira Administrada,App,0-6 meses,10,Informacoes estavam faceis de encontrar,97.0,2026-06-17,C.O.E.,7,explicacao risco,Agencia,Resolvido,Nao entendi a cobranca,COE
97.0,2026-06-24 00:00:00,PRD_COE,10.0,0.0,13.6,1.0,97,COE,FD00174,C00097,2025-08-01,2025T3,Alta Renda,COE,Assessoria,6-24 meses,10,Boa experiencia no aplicativo,97.0,2026-06-17,C.O.E.,7,explicacao risco,Agencia,Resolvido,Nao entendi a cobranca,COE
97.0,2026-06-24 00:00:00,PRD_COE,10.0,0.0,13.6,1.0,97,COE,FD00892,C00097,2026-06-14,2026T2,Alta Renda,COE,App,2-5 anos,7,Aplicativo poderia explicar melhor,97.0,2026-06-17,C.O.E.,7,explicacao risco,Agencia,Resolvido,Nao entendi a cobranca,COE
97.0,2025-07-29 00:00:00,PRD_CAR,7.0,0.0,46.5,1.0,97,Carteira Administrada,FD00004,C00097,2025-07-29,2025T3,Alta Renda,Carteira Administrada,App,0-6 meses,10,Informacoes estavam faceis de encontrar,97.0,2026-06-17,C.O.E.,7,explicacao risco,Agencia,Resolvido,Nao entendi a cobranca,COE
97.0,2025-07-29 00:00:00,PRD_CAR,7.0,0.0,46.5,1.0,97,Carteira Administrada,FD00174,C00097,2025-08-01,2025T3,Alta Renda,COE,Assessoria,6-24 meses,10,Boa experiencia no aplicativo,97.0,2026-06-17,C.O.E.,7,explicacao risco,Agencia,Resolvido,Nao entendi a cobranca,COE
97.0,2025-07-29 00:00:00,PRD_CAR,7.0,0.0,46.5,1.0,97,Carteira Administrada,FD00892,C00097,2026-06-14,2026T2,Alta Renda,COE,App,2-5 anos,7,Aplicativo poderia explicar melhor,97.0,2026-06-17,C.O.E.,7,explicacao risco,Agencia,Resolvido,Nao entendi a cobranca,COE
98.0,2025-09-02 00:00:00,PRD_FND,5.0,0.0,11.3,0.0,98,Fundos,FD00118,C00098,2025-08-28,2025T3,Alta Renda,Fundos,Internet Banking,2-5 anos,10,Boa experiencia no aplicativo,98.0,03-16-2026,cdb,10,resgate,E-mail,Resolvido,Demora para resolver meu problema,CDB
98.0,2025-09-02 00:00:00,PRD_FND,5.0,0.0,11.3,0.0,98,Fundos,FD00176,C00098,2025-07-09,2025T3,Alta Renda,Fundos,Internet Banking,0-6 meses,9,Informacoes estavam faceis de encontrar,98.0,03-16-2026,cdb,10,resgate,E-mail,Resolvido,Demora para resolver meu problema,CDB
98.0,2025-09-02 00:00:00,PRD_FND,5.0,0.0,11.3,0.0,98,Fundos,FD00207,C00098,2025-07-14,2025T3,Alta Renda,Carteira Administrada,App,2-5 anos,10,Assessoria ajudou na decisao,98.0,03-16-2026,cdb,10,resgate,E-mail,Resolvido,Demora para resolver meu problema,CDB
98.0,2025-09-02 00:00:00,PRD_FND,5.0,0.0,11.3,0.0,98,Fundos,FD00650,C00098,2026-03-16,2026T1,Alta Renda,CDB,App,0-6 meses,10,Assessoria ajudou na decisao,98.0,03-16-2026,cdb,10,resgate,E-mail,Resolvido,Demora para resolver meu problema,CDB
98.0,2026-03-15 00:00:00,PRD_CDB,13.0,0.0,18.3,0.0,98,CDB,FD00118,C00098,2025-08-28,2025T3,Alta Renda,Fundos,Internet Banking,2-5 anos,10,Boa experiencia no aplicativo,98.0,03-16-2026,cdb,10,resgate,E-mail,Resolvido,Demora para resolver meu problema,CDB
98.0,2026-03-15 00:00:00,PRD_CDB,13.0,0.0,18.3,0.0,98,CDB,FD00176,C00098,2025-07-09,2025T3,Alta Renda,Fundos,Internet Banking,0-6 meses,9,Informacoes estavam faceis de encontrar,98.0,03-16-2026,cdb,10,resgate,E-mail,Resolvido,Demora para resolver meu problema,CDB
98.0,2026-03-15 00:00:00,PRD_CDB,13.0,0.0,18.3,0.0,98,CDB,FD00207,C00098,2025-07-14,2025T3,Alta Renda,Carteira Administrada,App,2-5 anos,10,Assessoria ajudou na decisao,98.0,03-16-2026,cdb,10,resgate,E-mail,Resolvido,Demora para resolver meu problema,CDB
98.0,2026-03-15 00:00:00,PRD_CDB,13.0,0.0,18.3,0.0,98,CDB,FD00650,C00098,2026-03-16,2026T1,Alta Renda,CDB,App,0-6 meses,10,Assessoria ajudou na decisao,98.0,03-16-2026,cdb,10,resgate,E-mail,Resolvido,Demora para resolver meu problema,CDB
98.0,2025-07-02 00:00:00,PRD_FND,5.0,0.0,15.5,0.0,98,Fundos,FD00118,C00098,2025-08-28,2025T3,Alta Renda,Fundos,Internet Banking,2-5 anos,10,Boa experiencia no aplicativo,98.0,03-16-2026,cdb,10,resgate,E-mail,Resolvido,Demora para resolver meu problema,CDB
98.0,2025-07-02 00:00:00,PRD_FND,5.0,0.0,15.5,0.0,98,Fundos,FD00176,C00098,2025-07-09,2025T3,Alta Renda,Fundos,Internet Banking,0-6 meses,9,Informacoes estavam faceis de encontrar,98.0,03-16-2026,cdb,10,resgate,E-mail,Resolvido,Demora para resolver meu problema,CDB
98.0,2025-07-02 00:00:00,PRD_FND,5.0,0.0,15.5,0.0,98,Fundos,FD00207,C00098,2025-07-14,2025T3,Alta Renda,Carteira Administrada,App,2-5 anos,10,Assessoria ajudou na decisao,98.0,03-16-2026,cdb,10,resgate,E-mail,Resolvido,Demora para resolver meu problema,CDB
98.0,2025-07-02 00:00:00,PRD_FND,5.0,0.0,15.5,0.0,98,Fundos,FD00650,C00098,2026-03-16,2026T1,Alta Renda,CDB,App,0-6 meses,10,Assessoria ajudou na decisao,98.0,03-16-2026,cdb,10,resgate,E-mail,Resolvido,Demora para resolver meu problema,CDB
98.0,2025-07-21 00:00:00,PRD_CAR,7.0,0.0,46.1,0.0,98,Carteira Administrada,FD00118,C00098,2025-08-28,2025T3,Alta Renda,Fundos,Internet Banking,2-5 anos,10,Boa experiencia no aplicativo,98.0,03-16-2026,cdb,10,resgate,E-mail,Resolvido,Demora para resolver meu problema,CDB
98.0,2025-07-21 00:00:00,PRD_CAR,7.0,0.0,46.1,0.0,98,Carteira Administrada,FD00176,C00098,2025-07-09,2025T3,Alta Renda,Fundos,Internet Banking,0-6 meses,9,Informacoes estavam faceis de encontrar,98.0,03-16-2026,cdb,10,resgate,E-mail,Resolvido,Demora para resolver meu problema,CDB
98.0,2025-07-21 00:00:00,PRD_CAR,7.0,0.0,46.1,0.0,98,Carteira Administrada,FD00207,C00098,2025-07-14,2025T3,Alta Renda,Carteira Administrada,App,2-5 anos,10,Assessoria ajudou na decisao,98.0,03-16-2026,cdb,10,resgate,E-mail,Resolvido,Demora para resolver meu problema,CDB
98.0,2025-07-21 00:00:00,PRD_CAR,7.0,0.0,46.1,0.0,98,Carteira Administrada,FD00650,C00098,2026-03-16,2026T1,Alta Renda,CDB,App,0-6 meses,10,Assessoria ajudou na decisao,98.0,03-16-2026,cdb,10,resgate,E-mail,Resolvido,Demora para resolver meu problema,CDB
99.0,2025-11-03 00:00:00,PRD_FND,11.0,,19.4,0.0,99,Fundos,FD00220,C00099,2025-07-21,2025T3,Private,Carteira Administrada,,2-5 anos,10,Consegui acompanhar minha carteira,,,,,,,,,
99.0,2025-11-03 00:00:00,PRD_FND,11.0,,19.4,0.0,99,Fundos,FD00333,C00099,2025-10-27,2025T4,Private,Fundos,App,2-5 anos,10,Boa experiencia no aplicativo,,,,,,,,,
99.0,2025-11-03 00:00:00,PRD_FND,11.0,,19.4,0.0,99,Fundos,FD00661,C00099,2026-01-26,2026T1,Private,Fundos,App,0-6 meses,9,Informacoes estavam faceis de encontrar,,,,,,,,,
99.0,2025-07-19 00:00:00,PRD_CAR,11.0,0.0,26.3,0.0,99,Carteira Administrada,FD00220,C00099,2025-07-21,2025T3,Private,Carteira Administrada,,2-5 anos,10,Consegui acompanhar minha carteira,,,,,,,,,
99.0,2025-07-19 00:00:00,PRD_CAR,11.0,0.0,26.3,0.0,99,Carteira Administrada,FD00333,C00099,2025-10-27,2025T4,Private,Fundos,App,2-5 anos,10,Boa experiencia no aplicativo,,,,,,,,,
99.0,2025-07-19 00:00:00,PRD_CAR,11.0,0.0,26.3,0.0,99,Carteira Administrada,FD00661,C00099,2026-01-26,2026T1,Private,Fundos,App,0-6 meses,9,Informacoes estavam faceis de encontrar,,,,,,,,,
99.0,2026-02-03 00:00:00,PRD_FND,3.0,0.0,1.0,0.0,99,Fundos,FD00220,C00099,2025-07-21,2025T3,Private,Carteira Administrada,,2-5 anos,10,Consegui acompanhar minha carteira,,,,,,,,,
99.0,2026-02-03 00:00:00,PRD_FND,3.0,0.0,1.0,0.0,99,Fundos,FD00333,C00099,2025-10-27,2025T4,Private,Fundos,App,2-5 anos,10,Boa experiencia no aplicativo,,,,,,,,,
99.0,2026-02-03 00:00:00,PRD_FND,3.0,0.0,1.0,0.0,99,Fundos,FD00661,C00099,2026-01-26,2026T1,Private,Fundos,App,0-6 meses,9,Informacoes estavam faceis de encontrar,,,,,,,,,
101.0,2026-06-23 00:00:00,PRD_CAR,13.0,0.0,74.5,0.0,101,Carteira Administrada,FD00869,C00101,2026-06-16,2026T2,Private,Carteira Administrada,App,2-5 anos,10,Atendimento claro e rapido,,,,,,,,,
101.0,2026-06-23 00:00:00,PRD_CAR,13.0,0.0,74.5,0.0,101,Carteira Administrada,FD00911,C00101,2026-04-02,2026T2,Private,Tesouro Direto,Internet Banking,2-5 anos,9,Consegui acompanhar minha carteira,,,,,,,,,
101.0,2026-04-04 00:00:00,PRD_TES,5.0,0.0,19.7,0.0,101,Tesouro Direto,FD00869,C00101,2026-06-16,2026T2,Private,Carteira Administrada,App,2-5 anos,10,Atendimento claro e rapido,,,,,,,,,
101.0,2026-04-04 00:00:00,PRD_TES,5.0,0.0,19.7,0.0,101,Tesouro Direto,FD00911,C00101,2026-04-02,2026T2,Private,Tesouro Direto,Internet Banking,2-5 anos,9,Consegui acompanhar minha carteira,,,,,,,,,
102.0,2025-12-05 00:00:00,PRD_CDB,7.0,0.0,31.0,0.0,102,CDB,FD00386,C00102,2025-12-08,2025T4,Varejo,CDB,Central de Atendimento,0-6 meses,9,Boa experiencia no aplicativo,102.0,10-Dec-25,CDB,9,explicacao risco,Chat,Resolvido,Demora para resolver meu problema,CDB
103.0,2026-06-30 00:00:00,PRD_TES,14.0,0.0,35.8,0.0,103,Tesouro Direto,FD00001,C00103,2025-08-26,2025T3,Alta Renda,Carteira Administrada,Internet Banking,2-5 anos,10,,,,,,,,,,
103.0,2026-06-30 00:00:00,PRD_TES,14.0,0.0,35.8,0.0,103,Tesouro Direto,FD00190,C00103,2025-09-30,2025T3,Alta Renda,Fundos,Assessoria,5+ anos,9,Atendimento claro e rapido,,,,,,,,,
103.0,2026-06-30 00:00:00,PRD_TES,14.0,0.0,35.8,0.0,103,Tesouro Direto,FD00867,C00103,2026-06-26,2026T2,Alta Renda,Tesouro Direto,App,6-24 meses,10,Consegui acompanhar minha carteira,,,,,,,,,
103.0,2025-08-30 00:00:00,PRD_CAR,5.0,1.0,53.9,0.0,103,Carteira Administrada,FD00001,C00103,2025-08-26,2025T3,Alta Renda,Carteira Administrada,Internet Banking,2-5 anos,10,,,,,,,,,,
103.0,2025-08-30 00:00:00,PRD_CAR,5.0,1.0,53.9,0.0,103,Carteira Administrada,FD00190,C00103,2025-09-30,2025T3,Alta Renda,Fundos,Assessoria,5+ anos,9,Atendimento claro e rapido,,,,,,,,,
103.0,2025-08-30 00:00:00,PRD_CAR,5.0,1.0,53.9,0.0,103,Carteira Administrada,FD00867,C00103,2026-06-26,2026T2,Alta Renda,Tesouro Direto,App,6-24 meses,10,Consegui acompanhar minha carteira,,,,,,,,,
103.0,2025-10-02 00:00:00,PRD_FND,4.0,1.0,28.8,0.0,103,Fundos,FD00001,C00103,2025-08-26,2025T3,Alta Renda,Carteira Administrada,Internet Banking,2-5 anos,10,,,,,,,,,,
103.0,2025-10-02 00:00:00,PRD_FND,4.0,1.0,28.8,0.0,103,Fundos,FD00190,C00103,2025-09-30,2025T3,Alta Renda,Fundos,Assessoria,5+ anos,9,Atendimento claro e rapido,,,,,,,,,
103.0,2025-10-02 00:00:00,PRD_FND,4.0,1.0,28.8,0.0,103,Fundos,FD00867,C00103,2026-06-26,2026T2,Alta Renda,Tesouro Direto,App,6-24 meses,10,Consegui acompanhar minha carteira,,,,,,,,,
104.0,2026-05-03 00:00:00-03:00,PRD_CAR,8.0,1.0,87.8,0.0,104,Carteira Administrada,FD00947,C00104,2026-05-10,2026T2,Alta Renda,Carteira Administrada,App,2-5 anos,9,Atendimento claro e rapido,104.0,08-May-26,Carteira Administrada,9,reclamacao atendimento,Chat,Resolvido,Tive duvida sobre rentabilidade,Carteira Administrada
105.0,2025-08-12 00:00:00,PRD_TES,4.0,0.0,17.1,0.0,105,Tesouro Direto,FD00005,C00105,2025-08-22,2025T3,Novo Investidor,Tesouro Direto,App,6-24 meses,10,Informacoes estavam faceis de encontrar,,,,,,,,,
105.0,2025-08-12 00:00:00,PRD_TES,4.0,0.0,17.1,0.0,105,Tesouro Direto,FD00848,C00105,2026-04-30,2026T2,Novo Investidor,Fundos,App,2-5 anos,2,,,,,,,,,,
105.0,2026-04-20 00:00:00,PRD_FND,9.0,0.0,30.4,0.0,105,Fundos,FD00005,C00105,2025-08-22,2025T3,Novo Investidor,Tesouro Direto,App,6-24 meses,10,Informacoes estavam faceis de encontrar,,,,,,,,,
105.0,2026-04-20 00:00:00,PRD_FND,9.0,0.0,30.4,0.0,105,Fundos,FD00848,C00105,2026-04-30,2026T2,Novo Investidor,Fundos,App,2-5 anos,2,,,,,,,,,,
106.0,2026-02-27 00:00:00,PRD_CDB,5.0,0.0,30.1,1.0,106,CDB,FD00087,C00106,2025-08-07,2025T3,Private,COE,Assessoria,6-24 meses,9,Assessoria ajudou na decisao,106.0,03-05-2026,C.D.B.,8,resgate,Chat,Resolvido,"Experiencia ok, mas poderia ser mais simples",CDB
106.0,2026-02-27 00:00:00,PRD_CDB,5.0,0.0,30.1,1.0,106,CDB,FD00239,C00106,2025-12-31,2025T4,Private,Carteira Administrada,App,5+ anos,10,Boa experiencia no aplicativo,106.0,03-05-2026,C.D.B.,8,resgate,Chat,Resolvido,"Experiencia ok, mas poderia ser mais simples",CDB
106.0,2026-02-27 00:00:00,PRD_CDB,5.0,0.0,30.1,1.0,106,CDB,FD00308,C00106,2025-12-21,2025T4,Private,Fundos,App,5+ anos,9,Informacoes estavam faceis de encontrar,106.0,03-05-2026,C.D.B.,8,resgate,Chat,Resolvido,"Experiencia ok, mas poderia ser mais simples",CDB
106.0,2026-02-27 00:00:00,PRD_CDB,5.0,0.0,30.1,1.0,106,CDB,FD00638,C00106,2026-03-02,2026T1,Private,CDB,App,2-5 anos,9,Assessoria ajudou na decisao,106.0,03-05-2026,C.D.B.,8,resgate,Chat,Resolvido,"Experiencia ok, mas poderia ser mais simples",CDB
106.0,2026-01-09 00:00:00,PRD_CAR,10.0,0.0,25.0,0.0,106,Carteira Administrada,FD00087,C00106,2025-08-07,2025T3,Private,COE,Assessoria,6-24 meses,9,Assessoria ajudou na decisao,106.0,03-05-2026,C.D.B.,8,resgate,Chat,Resolvido,"Experiencia ok, mas poderia ser mais simples",CDB
106.0,2026-01-09 00:00:00,PRD_CAR,10.0,0.0,25.0,0.0,106,Carteira Administrada,FD00239,C00106,2025-12-31,2025T4,Private,Carteira Administrada,App,5+ anos,10,Boa experiencia no aplicativo,106.0,03-05-2026,C.D.B.,8,resgate,Chat,Resolvido,"Experiencia ok, mas poderia ser mais simples",CDB
106.0,2026-01-09 00:00:00,PRD_CAR,10.0,0.0,25.0,0.0,106,Carteira Administrada,FD00308,C00106,2025-12-21,2025T4,Private,Fundos,App,5+ anos,9,Informacoes estavam faceis de encontrar,106.0,03-05-2026,C.D.B.,8,resgate,Chat,Resolvido,"Experiencia ok, mas poderia ser mais simples",CDB
106.0,2026-01-09 00:00:00,PRD_CAR,10.0,0.0,25.0,0.0,106,Carteira Administrada,FD00638,C00106,2026-03-02,2026T1,Private,CDB,App,2-5 anos,9,Assessoria ajudou na decisao,106.0,03-05-2026,C.D.B.,8,resgate,Chat,Resolvido,"Experiencia ok, mas poderia ser mais simples",CDB
106.0,2025-08-08 00:00:00,PRD_COE,4.0,0.0,21.1,0.0,106,COE,FD00087,C00106,2025-08-07,2025T3,Private,COE,Assessoria,6-24 meses,9,Assessoria ajudou na decisao,106.0,03-05-2026,C.D.B.,8,resgate,Chat,Resolvido,"Experiencia ok, mas poderia ser mais simples",CDB
106.0,2025-08-08 00:00:00,PRD_COE,4.0,0.0,21.1,0.0,106,COE,FD00239,C00106,2025-12-31,2025T4,Private,Carteira Administrada,App,5+ anos,10,Boa experiencia no aplicativo,106.0,03-05-2026,C.D.B.,8,resgate,Chat,Resolvido,"Experiencia ok, mas poderia ser mais simples",CDB
106.0,2025-08-08 00:00:00,PRD_COE,4.0,0.0,21.1,0.0,106,COE,FD00308,C00106,2025-12-21,2025T4,Private,Fundos,App,5+ anos,9,Informacoes estavam faceis de encontrar,106.0,03-05-2026,C.D.B.,8,resgate,Chat,Resolvido,"Experiencia ok, mas poderia ser mais simples",CDB
106.0,2025-08-08 00:00:00,PRD_COE,4.0,0.0,21.1,0.0,106,COE,FD00638,C00106,2026-03-02,2026T1,Private,CDB,App,2-5 anos,9,Assessoria ajudou na decisao,106.0,03-05-2026,C.D.B.,8,resgate,Chat,Resolvido,"Experiencia ok, mas poderia ser mais simples",CDB
106.0,2025-12-19 00:00:00,PRD_FND,8.0,0.0,16.8,1.0,106,Fundos,FD00087,C00106,2025-08-07,2025T3,Private,COE,Assessoria,6-24 meses,9,Assessoria ajudou na decisao,106.0,03-05-2026,C.D.B.,8,resgate,Chat,Resolvido,"Experiencia ok, mas poderia ser mais simples",CDB
106.0,2025-12-19 00:00:00,PRD_FND,8.0,0.0,16.8,1.0,106,Fundos,FD00239,C00106,2025-12-31,2025T4,Private,Carteira Administrada,App,5+ anos,10,Boa experiencia no aplicativo,106.0,03-05-2026,C.D.B.,8,resgate,Chat,Resolvido,"Experiencia ok, mas poderia ser mais simples",CDB
106.0,2025-12-19 00:00:00,PRD_FND,8.0,0.0,16.8,1.0,106,Fundos,FD00308,C00106,2025-12-21,2025T4,Private,Fundos,App,5+ anos,9,Informacoes estavam faceis de encontrar,106.0,03-05-2026,C.D.B.,8,resgate,Chat,Resolvido,"Experiencia ok, mas poderia ser mais simples",CDB
106.0,2025-12-19 00:00:00,PRD_FND,8.0,0.0,16.8,1.0,106,Fundos,FD00638,C00106,2026-03-02,2026T1,Private,CDB,App,2-5 anos,9,Assessoria ajudou na decisao,106.0,03-05-2026,C.D.B.,8,resgate,Chat,Resolvido,"Experiencia ok, mas poderia ser mais simples",CDB
108.0,2026-02-20 00:00:00,PRD_CAR,15.0,0.0,49.3,0.0,108,Carteira Administrada,FD00481,C00108,2026-02-17,2026T1,Varejo,Carteira Administrada,App,2-5 anos,7,"Experiencia ok, mas poderia ser mais simples",,,,,,,,,
108.0,2026-02-20 00:00:00,PRD_CAR,15.0,0.0,49.3,0.0,108,Carteira Administrada,FD00984,C00108,2026-06-21,2026T2,Varejo,CDB,Assessoria,6-24 meses,10,Informacoes estavam faceis de encontrar,,,,,,,,,
108.0,2026-06-21 00:00:00,PRD_CDB,5.0,0.0,4.2,0.0,108,CDB,FD00481,C00108,2026-02-17,2026T1,Varejo,Carteira Administrada,App,2-5 anos,7,"Experiencia ok, mas poderia ser mais simples",,,,,,,,,
108.0,2026-06-21 00:00:00,PRD_CDB,5.0,0.0,4.2,0.0,108,CDB,FD00984,C00108,2026-06-21,2026T2,Varejo,CDB,Assessoria,6-24 meses,10,Informacoes estavam faceis de encontrar,,,,,,,,,
109.0,2026-03-28 00:00:00,PRD_CDB,5.0,0.0,18.9,0.0,109,CDB,FD00479,C00109,2026-03-24,2026T1,Private,CDB,Central de Atendimento,5+ anos,9,Consegui acompanhar minha carteira,109.0,25/02/2026,cdb,10,resgate,Chat,Resolvido,Informacoes estavam faceis de encontrar,CDB
109.0,2026-03-28 00:00:00,PRD_CDB,5.0,0.0,18.9,0.0,109,CDB,FD00633,C00109,2026-02-23,2026T1,Private,CDB,Central de Atendimento,6-24 meses,10,Atendimento claro e rapido,109.0,25/02/2026,cdb,10,resgate,Chat,Resolvido,Informacoes estavam faceis de encontrar,CDB
109.0,2026-03-28 00:00:00,PRD_CDB,5.0,0.0,18.9,0.0,109,CDB,FD00729,C00109,2026-04-07,2026T2,Private,CDB,App,6-24 meses,9,Assessoria ajudou na decisao,109.0,25/02/2026,cdb,10,resgate,Chat,Resolvido,Informacoes estavam faceis de encontrar,CDB
109.0,2026-03-28 00:00:00,PRD_CDB,5.0,0.0,18.9,0.0,109,CDB,FD00982,C00109,2026-06-15,2026T2,Private,CDB,Internet Banking,5+ anos,10,Assessoria ajudou na decisao,109.0,25/02/2026,cdb,10,resgate,Chat,Resolvido,Informacoes estavam faceis de encontrar,CDB
109.0,2026-03-23 00:00:00,PRD_CDB,3.0,0.0,17.1,0.0,109,CDB,FD00479,C00109,2026-03-24,2026T1,Private,CDB,Central de Atendimento,5+ anos,9,Consegui acompanhar minha carteira,109.0,25/02/2026,cdb,10,resgate,Chat,Resolvido,Informacoes estavam faceis de encontrar,CDB
109.0,2026-03-23 00:00:00,PRD_CDB,3.0,0.0,17.1,0.0,109,CDB,FD00633,C00109,2026-02-23,2026T1,Private,CDB,Central de Atendimento,6-24 meses,10,Atendimento claro e rapido,109.0,25/02/2026,cdb,10,resgate,Chat,Resolvido,Informacoes estavam faceis de encontrar,CDB
109.0,2026-03-23 00:00:00,PRD_CDB,3.0,0.0,17.1,0.0,109,CDB,FD00729,C00109,2026-04-07,2026T2,Private,CDB,App,6-24 meses,9,Assessoria ajudou na decisao,109.0,25/02/2026,cdb,10,resgate,Chat,Resolvido,Informacoes estavam faceis de encontrar,CDB
109.0,2026-03-23 00:00:00,PRD_CDB,3.0,0.0,17.1,0.0,109,CDB,FD00982,C00109,2026-06-15,2026T2,Private,CDB,Internet Banking,5+ anos,10,Assessoria ajudou na decisao,109.0,25/02/2026,cdb,10,resgate,Chat,Resolvido,Informacoes estavam faceis de encontrar,CDB
109.0,2026-06-10 00:00:00,PRD_CDB,4.0,0.0,34.7,0.0,109,CDB,FD00479,C00109,2026-03-24,2026T1,Private,CDB,Central de Atendimento,5+ anos,9,Consegui acompanhar minha carteira,109.0,25/02/2026,cdb,10,resgate,Chat,Resolvido,Informacoes estavam faceis de encontrar,CDB
109.0,2026-06-10 00:00:00,PRD_CDB,4.0,0.0,34.7,0.0,109,CDB,FD00633,C00109,2026-02-23,2026T1,Private,CDB,Central de Atendimento,6-24 meses,10,Atendimento claro e rapido,109.0,25/02/2026,cdb,10,resgate,Chat,Resolvido,Informacoes estavam faceis de encontrar,CDB
109.0,2026-06-10 00:00:00,PRD_CDB,4.0,0.0,34.7,0.0,109,CDB,FD00729,C00109,2026-04-07,2026T2,Private,CDB,App,6-24 meses,9,Assessoria ajudou na decisao,109.0,25/02/2026,cdb,10,resgate,Chat,Resolvido,Informacoes estavam faceis de encontrar,CDB
109.0,2026-06-10 00:00:00,PRD_CDB,4.0,0.0,34.7,0.0,109,CDB,FD00982,C00109,2026-06-15,2026T2,Private,CDB,Internet Banking,5+ anos,10,Assessoria ajudou na decisao,109.0,25/02/2026,cdb,10,resgate,Chat,Resolvido,Informacoes estavam faceis de encontrar,CDB
111.0,2025-12-21 00:00:00,PRD_FND,11.0,0.0,14.2,0.0,111,Fundos,FD00024,C00111,2025-09-11,2025T3,Alta Renda,CDB,Internet Banking,2-5 anos,9,Assessoria ajudou na decisao,111.0,13-Sep-25,CDB,9,extrato,Chat,Resolvido,Nao ficou claro o risco do produto,CDB
111.0,2025-12-21 00:00:00,PRD_FND,11.0,0.0,14.2,0.0,111,Fundos,FD00269,C00111,2025-12-21,2025T4,Alta Renda,Fundos,App,0-6 meses,10,Assessoria ajudou na decisao,111.0,13-Sep-25,CDB,9,extrato,Chat,Resolvido,Nao ficou claro o risco do produto,CDB
111.0,2025-12-21 00:00:00,PRD_FND,11.0,0.0,14.2,0.0,111,Fundos,FD00589,C00111,2026-01-18,2026T1,Alta Renda,Fundos,Internet Banking,2-5 anos,10,Assessoria ajudou na decisao,111.0,13-Sep-25,CDB,9,extrato,Chat,Resolvido,Nao ficou claro o risco do produto,CDB
111.0,2025-12-21 00:00:00,PRD_FND,11.0,0.0,14.2,0.0,111,Fundos,FD00618,C00111,2026-01-23,2026T1,Alta Renda,Fundos,Central de Atendimento,2-5 anos,9,Assessoria ajudou na decisao,111.0,13-Sep-25,CDB,9,extrato,Chat,Resolvido,Nao ficou claro o risco do produto,CDB
111.0,2025-12-21 00:00:00,PRD_FND,11.0,0.0,14.2,0.0,111,Fundos,FD00618,C00111,2026-01-23,2026T1,Alta Renda,Fundos,Central de Atendimento,2-5 anos,9,Assessoria ajudou na decisao,111.0,13-Sep-25,CDB,9,extrato,Chat,Resolvido,Nao ficou claro o risco do produto,CDB
111.0,2026-01-18 00:00:00,PRD_FND,4.0,0.0,7.2,0.0,111,Fundos,FD00024,C00111,2025-09-11,2025T3,Alta Renda,CDB,Internet Banking,2-5 anos,9,Assessoria ajudou na decisao,111.0,13-Sep-25,CDB,9,extrato,Chat,Resolvido,Nao ficou claro o risco do produto,CDB
111.0,2026-01-18 00:00:00,PRD_FND,4.0,0.0,7.2,0.0,111,Fundos,FD00269,C00111,2025-12-21,2025T4,Alta Renda,Fundos,App,0-6 meses,10,Assessoria ajudou na decisao,111.0,13-Sep-25,CDB,9,extrato,Chat,Resolvido,Nao ficou claro o risco do produto,CDB
111.0,2026-01-18 00:00:00,PRD_FND,4.0,0.0,7.2,0.0,111,Fundos,FD00589,C00111,2026-01-18,2026T1,Alta Renda,Fundos,Internet Banking,2-5 anos,10,Assessoria ajudou na decisao,111.0,13-Sep-25,CDB,9,extrato,Chat,Resolvido,Nao ficou claro o risco do produto,CDB
111.0,2026-01-18 00:00:00,PRD_FND,4.0,0.0,7.2,0.0,111,Fundos,FD00618,C00111,2026-01-23,2026T1,Alta Renda,Fundos,Central de Atendimento,2-5 anos,9,Assessoria ajudou na decisao,111.0,13-Sep-25,CDB,9,extrato,Chat,Resolvido,Nao ficou claro o risco do produto,CDB
111.0,2026-01-18 00:00:00,PRD_FND,4.0,0.0,7.2,0.0,111,Fundos,FD00618,C00111,2026-01-23,2026T1,Alta Renda,Fundos,Central de Atendimento,2-5 anos,9,Assessoria ajudou na decisao,111.0,13-Sep-25,CDB,9,extrato,Chat,Resolvido,Nao ficou claro o risco do produto,CDB
111.0,2026-01-30 00:00:00,PRD_FND,5.0,0.0,27.4,0.0,111,Fundos,FD00024,C00111,2025-09-11,2025T3,Alta Renda,CDB,Internet Banking,2-5 anos,9,Assessoria ajudou na decisao,111.0,13-Sep-25,CDB,9,extrato,Chat,Resolvido,Nao ficou claro o risco do produto,CDB
111.0,2026-01-30 00:00:00,PRD_FND,5.0,0.0,27.4,0.0,111,Fundos,FD00269,C00111,2025-12-21,2025T4,Alta Renda,Fundos,App,0-6 meses,10,Assessoria ajudou na decisao,111.0,13-Sep-25,CDB,9,extrato,Chat,Resolvido,Nao ficou claro o risco do produto,CDB
111.0,2026-01-30 00:00:00,PRD_FND,5.0,0.0,27.4,0.0,111,Fundos,FD00589,C00111,2026-01-18,2026T1,Alta Renda,Fundos,Internet Banking,2-5 anos,10,Assessoria ajudou na decisao,111.0,13-Sep-25,CDB,9,extrato,Chat,Resolvido,Nao ficou claro o risco do produto,CDB
111.0,2026-01-30 00:00:00,PRD_FND,5.0,0.0,27.4,0.0,111,Fundos,FD00618,C00111,2026-01-23,2026T1,Alta Renda,Fundos,Central de Atendimento,2-5 anos,9,Assessoria ajudou na decisao,111.0,13-Sep-25,CDB,9,extrato,Chat,Resolvido,Nao ficou claro o risco do produto,CDB
111.0,2026-01-30 00:00:00,PRD_FND,5.0,0.0,27.4,0.0,111,Fundos,FD00618,C00111,2026-01-23,2026T1,Alta Renda,Fundos,Central de Atendimento,2-5 anos,9,Assessoria ajudou na decisao,111.0,13-Sep-25,CDB,9,extrato,Chat,Resolvido,Nao ficou claro o risco do produto,CDB
111.0,2025-09-20 00:00:00,PRD_CDB,4.0,0.0,18.4,0.0,111,CDB,FD00024,C00111,2025-09-11,2025T3,Alta Renda,CDB,Internet Banking,2-5 anos,9,Assessoria ajudou na decisao,111.0,13-Sep-25,CDB,9,extrato,Chat,Resolvido,Nao ficou claro o risco do produto,CDB
111.0,2025-09-20 00:00:00,PRD_CDB,4.0,0.0,18.4,0.0,111,CDB,FD00269,C00111,2025-12-21,2025T4,Alta Renda,Fundos,App,0-6 meses,10,Assessoria ajudou na decisao,111.0,13-Sep-25,CDB,9,extrato,Chat,Resolvido,Nao ficou claro o risco do produto,CDB
111.0,2025-09-20 00:00:00,PRD_CDB,4.0,0.0,18.4,0.0,111,CDB,FD00589,C00111,2026-01-18,2026T1,Alta Renda,Fundos,Internet Banking,2-5 anos,10,Assessoria ajudou na decisao,111.0,13-Sep-25,CDB,9,extrato,Chat,Resolvido,Nao ficou claro o risco do produto,CDB
111.0,2025-09-20 00:00:00,PRD_CDB,4.0,0.0,18.4,0.0,111,CDB,FD00618,C00111,2026-01-23,2026T1,Alta Renda,Fundos,Central de Atendimento,2-5 anos,9,Assessoria ajudou na decisao,111.0,13-Sep-25,CDB,9,extrato,Chat,Resolvido,Nao ficou claro o risco do produto,CDB
111.0,2025-09-20 00:00:00,PRD_CDB,4.0,0.0,18.4,0.0,111,CDB,FD00618,C00111,2026-01-23,2026T1,Alta Renda,Fundos,Central de Atendimento,2-5 anos,9,Assessoria ajudou na decisao,111.0,13-Sep-25,CDB,9,extrato,Chat,Resolvido,Nao ficou claro o risco do produto,CDB
112.0,2026-06-26 00:00:00,PRD_COE,14.0,0.0,17.4,0.0,112,COE,FD00051,C00112,2025-07-08,2025T3,Private,CDB,Assessoria,0-6 meses,10,Boa experiencia no aplicativo,112.0,2026-06-19,coe,10,resgate,E-mail,Resolvido,"Experiencia ok, mas poderia ser mais simples",COE
112.0,2026-06-26 00:00:00,PRD_COE,14.0,0.0,17.4,0.0,112,COE,FD00817,C00112,2026-06-16,2026T2,Private,COE,App,0-6 meses,10,Boa experiencia no aplicativo,112.0,2026-06-19,coe,10,resgate,E-mail,Resolvido,"Experiencia ok, mas poderia ser mais simples",COE
112.0,2025-07-04 00:00:00,PRD_CDB,5.0,,15.6,0.0,112,CDB,FD00051,C00112,2025-07-08,2025T3,Private,CDB,Assessoria,0-6 meses,10,Boa experiencia no aplicativo,112.0,2026-06-19,coe,10,resgate,E-mail,Resolvido,"Experiencia ok, mas poderia ser mais simples",COE
112.0,2025-07-04 00:00:00,PRD_CDB,5.0,,15.6,0.0,112,CDB,FD00817,C00112,2026-06-16,2026T2,Private,COE,App,0-6 meses,10,Boa experiencia no aplicativo,112.0,2026-06-19,coe,10,resgate,E-mail,Resolvido,"Experiencia ok, mas poderia ser mais simples",COE
112.0,2026-06-26 00:00:00,PRD_COE,14.0,0.0,17.4,0.0,112,COE,FD00051,C00112,2025-07-08,2025T3,Private,CDB,Assessoria,0-6 meses,10,Boa experiencia no aplicativo,112.0,2026-06-19,coe,10,resgate,E-mail,Resolvido,"Experiencia ok, mas poderia ser mais simples",COE
112.0,2026-06-26 00:00:00,PRD_COE,14.0,0.0,17.4,0.0,112,COE,FD00817,C00112,2026-06-16,2026T2,Private,COE,App,0-6 meses,10,Boa experiencia no aplicativo,112.0,2026-06-19,coe,10,resgate,E-mail,Resolvido,"Experiencia ok, mas poderia ser mais simples",COE
114.0,2026-06-05 00:00:00,PRD_CDB,8.0,0.0,38.0,0.0,114,CDB,FD00809,C00114,2026-04-18,2026T2,Varejo,Carteira Administrada,App,6-24 meses,10,Informacoes estavam faceis de encontrar,114.0,19-Apr-26,carteira administrada,10,reclamacao atendimento,E-mail,Resolvido,"Atendimento resolveu, mas demorou",Carteira Administrada
114.0,2026-06-05 00:00:00,PRD_CDB,8.0,0.0,38.0,0.0,114,CDB,FD00809,C00114,2026-04-18,2026T2,Varejo,Carteira Administrada,App,6-24 meses,10,Informacoes estavam faceis de encontrar,114.0,2026-06-16,C.D.B.,8,explicacao risco,Telefone,Pendente,,CDB
114.0,2026-06-05 00:00:00,PRD_CDB,8.0,0.0,38.0,0.0,114,CDB,FD00976,C00114,2026-06-04,2026T2,Varejo,CDB,App,0-6 meses,3,Informacoes divergentes sobre o produto,114.0,19-Apr-26,carteira administrada,10,reclamacao atendimento,E-mail,Resolvido,"Atendimento resolveu, mas demorou",Carteira Administrada
114.0,2026-06-05 00:00:00,PRD_CDB,8.0,0.0,38.0,0.0,114,CDB,FD00976,C00114,2026-06-04,2026T2,Varejo,CDB,App,0-6 meses,3,Informacoes divergentes sobre o produto,114.0,2026-06-16,C.D.B.,8,explicacao risco,Telefone,Pendente,,CDB
114.0,2026-06-05 00:00:00,PRD_CDB,8.0,0.0,38.0,0.0,114,CDB,FD00992,C00114,2026-06-13,2026T2,Varejo,CDB,App,2-5 anos,8,Demorou um pouco para encontrar informacoes,114.0,19-Apr-26,carteira administrada,10,reclamacao atendimento,E-mail,Resolvido,"Atendimento resolveu, mas demorou",Carteira Administrada
114.0,2026-06-05 00:00:00,PRD_CDB,8.0,0.0,38.0,0.0,114,CDB,FD00992,C00114,2026-06-13,2026T2,Varejo,CDB,App,2-5 anos,8,Demorou um pouco para encontrar informacoes,114.0,2026-06-16,C.D.B.,8,explicacao risco,Telefone,Pendente,,CDB
114.0,2026-06-22 00:00:00,PRD_CDB,7.0,0.0,18.3,0.0,114,CDB,FD00809,C00114,2026-04-18,2026T2,Varejo,Carteira Administrada,App,6-24 meses,10,Informacoes estavam faceis de encontrar,114.0,19-Apr-26,carteira administrada,10,reclamacao atendimento,E-mail,Resolvido,"Atendimento resolveu, mas demorou",Carteira Administrada
114.0,2026-06-22 00:00:00,PRD_CDB,7.0,0.0,18.3,0.0,114,CDB,FD00809,C00114,2026-04-18,2026T2,Varejo,Carteira Administrada,App,6-24 meses,10,Informacoes estavam faceis de encontrar,114.0,2026-06-16,C.D.B.,8,explicacao risco,Telefone,Pendente,,CDB
114.0,2026-06-22 00:00:00,PRD_CDB,7.0,0.0,18.3,0.0,114,CDB,FD00976,C00114,2026-06-04,2026T2,Varejo,CDB,App,0-6 meses,3,Informacoes divergentes sobre o produto,114.0,19-Apr-26,carteira administrada,10,reclamacao atendimento,E-mail,Resolvido,"Atendimento resolveu, mas demorou",Carteira Administrada
114.0,2026-06-22 00:00:00,PRD_CDB,7.0,0.0,18.3,0.0,114,CDB,FD00976,C00114,2026-06-04,2026T2,Varejo,CDB,App,0-6 meses,3,Informacoes divergentes sobre o produto,114.0,2026-06-16,C.D.B.,8,explicacao risco,Telefone,Pendente,,CDB
114.0,2026-06-22 00:00:00,PRD_CDB,7.0,0.0,18.3,0.0,114,CDB,FD00992,C00114,2026-06-13,2026T2,Varejo,CDB,App,2-5 anos,8,Demorou um pouco para encontrar informacoes,114.0,19-Apr-26,carteira administrada,10,reclamacao atendimento,E-mail,Resolvido,"Atendimento resolveu, mas demorou",Carteira Administrada
114.0,2026-06-22 00:00:00,PRD_CDB,7.0,0.0,18.3,0.0,114,CDB,FD00992,C00114,2026-06-13,2026T2,Varejo,CDB,App,2-5 anos,8,Demorou um pouco para encontrar informacoes,114.0,2026-06-16,C.D.B.,8,explicacao risco,Telefone,Pendente,,CDB
114.0,2026-04-15 00:00:00,PRD_CAR,10.0,2.0,90.7,0.0,114,Carteira Administrada,FD00809,C00114,2026-04-18,2026T2,Varejo,Carteira Administrada,App,6-24 meses,10,Informacoes estavam faceis de encontrar,114.0,19-Apr-26,carteira administrada,10,reclamacao atendimento,E-mail,Resolvido,"Atendimento resolveu, mas demorou",Carteira Administrada
114.0,2026-04-15 00:00:00,PRD_CAR,10.0,2.0,90.7,0.0,114,Carteira Administrada,FD00809,C00114,2026-04-18,2026T2,Varejo,Carteira Administrada,App,6-24 meses,10,Informacoes estavam faceis de encontrar,114.0,2026-06-16,C.D.B.,8,explicacao risco,Telefone,Pendente,,CDB
114.0,2026-04-15 00:00:00,PRD_CAR,10.0,2.0,90.7,0.0,114,Carteira Administrada,FD00976,C00114,2026-06-04,2026T2,Varejo,CDB,App,0-6 meses,3,Informacoes divergentes sobre o produto,114.0,19-Apr-26,carteira administrada,10,reclamacao atendimento,E-mail,Resolvido,"Atendimento resolveu, mas demorou",Carteira Administrada
114.0,2026-04-15 00:00:00,PRD_CAR,10.0,2.0,90.7,0.0,114,Carteira Administrada,FD00976,C00114,2026-06-04,2026T2,Varejo,CDB,App,0-6 meses,3,Informacoes divergentes sobre o produto,114.0,2026-06-16,C.D.B.,8,explicacao risco,Telefone,Pendente,,CDB
114.0,2026-04-15 00:00:00,PRD_CAR,10.0,2.0,90.7,0.0,114,Carteira Administrada,FD00992,C00114,2026-06-13,2026T2,Varejo,CDB,App,2-5 anos,8,Demorou um pouco para encontrar informacoes,114.0,19-Apr-26,carteira administrada,10,reclamacao atendimento,E-mail,Resolvido,"Atendimento resolveu, mas demorou",Carteira Administrada
114.0,2026-04-15 00:00:00,PRD_CAR,10.0,2.0,90.7,0.0,114,Carteira Administrada,FD00992,C00114,2026-06-13,2026T2,Varejo,CDB,App,2-5 anos,8,Demorou um pouco para encontrar informacoes,114.0,2026-06-16,C.D.B.,8,explicacao risco,Telefone,Pendente,,CDB
115.0,2026-01-12 00:00:00,PRD_TES,12.0,2.0,36.4,0.0,115,Tesouro Direto,FD00186,C00115,2025-08-18,2025T3,Varejo,Carteira Administrada,App,2-5 anos,10,Consegui acompanhar minha carteira,,,,,,,,,
115.0,2026-01-12 00:00:00,PRD_TES,12.0,2.0,36.4,0.0,115,Tesouro Direto,FD00674,C00115,2026-01-10,2026T1,Varejo,Tesouro Direto,App,5+ anos,10,Informacoes estavam faceis de encontrar,,,,,,,,,
116.0,2025-10-02 00:00:00,PRD_TES,11.0,0.0,7.1,0.0,116,Tesouro Direto,FD00313,C00116,2025-10-10,2025T4,Varejo,Tesouro Direto,App,0-6 meses,10,Assessoria ajudou na decisao,116.0,07/10/2025,tesouro direto,11,reclamacao atendimento,Chat,Pendente,,Tesouro Direto
116.0,2025-10-02 00:00:00,PRD_TES,11.0,0.0,7.1,0.0,116,Tesouro Direto,FD00955,C00116,2026-06-16,2026T2,Varejo,Tesouro Direto,App,2-5 anos,8,"Experiencia ok, mas poderia ser mais simples",116.0,07/10/2025,tesouro direto,11,reclamacao atendimento,Chat,Pendente,,Tesouro Direto
116.0,2026-06-09 00:00:00,PRD_TES,10.0,0.0,14.7,0.0,116,Tesouro Direto,FD00313,C00116,2025-10-10,2025T4,Varejo,Tesouro Direto,App,0-6 meses,10,Assessoria ajudou na decisao,116.0,07/10/2025,tesouro direto,11,reclamacao atendimento,Chat,Pendente,,Tesouro Direto
116.0,2026-06-09 00:00:00,PRD_TES,10.0,0.0,14.7,0.0,116,Tesouro Direto,FD00955,C00116,2026-06-16,2026T2,Varejo,Tesouro Direto,App,2-5 anos,8,"Experiencia ok, mas poderia ser mais simples",116.0,07/10/2025,tesouro direto,11,reclamacao atendimento,Chat,Pendente,,Tesouro Direto
117.0,2026-04-14 00:00:00,PRD_CDB,9.0,0.0,29.3,0.0,117,CDB,FD00839,C00117,2026-04-21,2026T2,Varejo,CDB,App,2-5 anos,9,Consegui acompanhar minha carteira,117.0,19-Apr-26,C.D.B.,8,explicacao risco,Chat,Reaberto,,CDB
119.0,2026-01-30 00:00:00,PRD_CDB,8.0,0.0,37.6,0.0,119,CDB,FD00643,C00119,2026-02-05,2026T1,Novo Investidor,CDB,App,0-6 meses,6,Nao consegui falar com assessor,119.0,08/02/2026,C.D.B.,6,cadastro,Telefone,Resolvido,"Atendimento resolveu, mas demorou",CDB
119.0,2026-01-30 00:00:00,PRD_CDB,8.0,0.0,37.6,0.0,119,CDB,FD00643,C00119,2026-02-05,2026T1,Novo Investidor,CDB,App,0-6 meses,6,Nao consegui falar com assessor,119.0,08/02/2026,C.D.B.,6,cadastro,Telefone,Resolvido,"Atendimento resolveu, mas demorou",CDB
120.0,2026-02-02 00:00:00,PRD_TES,9.0,0.0,17.4,0.0,120,Tesouro Direto,FD00623,C00120,2026-02-12,2026T1,Alta Renda,Tesouro Direto,Assessoria,2-5 anos,10,Informacoes estavam faceis de encontrar,,,,,,,,,
121.0,2025-09-22 00:00:00,PRD_CAR,8.0,1.0,38.3,0.0,121,Carteira Administrada,FD00050,C00121,2025-09-25,2025T3,Varejo,Carteira Administrada,App,2-5 anos,9,Consegui acompanhar minha carteira,,,,,,,,,
123.0,2026-02-18 00:00:00,PRD_TES,4.0,0.0,1.0,0.0,123,Tesouro Direto,FD00577,C00123,2026-02-19,2026T1,Alta Renda,Tesouro Direto,Internet Banking,0-6 meses,10,Informacoes estavam faceis de encontrar,,,,,,,,,
123.0,2026-02-18 00:00:00,PRD_TES,4.0,0.0,1.0,0.0,123,Tesouro Direto,FD00630,C00123,2026-02-27,2026T1,Alta Renda,Carteira Administrada,Assessoria,0-6 meses,10,Informacoes estavam faceis de encontrar,,,,,,,,,
123.0,2026-03-03 00:00:00,PRD_CAR,3.0,1.0,44.0,0.0,123,Carteira Administrada,FD00577,C00123,2026-02-19,2026T1,Alta Renda,Tesouro Direto,Internet Banking,0-6 meses,10,Informacoes estavam faceis de encontrar,,,,,,,,,
123.0,2026-03-03 00:00:00,PRD_CAR,3.0,1.0,44.0,0.0,123,Carteira Administrada,FD00630,C00123,2026-02-27,2026T1,Alta Renda,Carteira Administrada,Assessoria,0-6 meses,10,Informacoes estavam faceis de encontrar,,,,,,,,,
124.0,2026-05-10 00:00:00,PRD_FND,4.0,0.0,3.4,0.0,124,Fundos,FD00256,C00124,2025-11-30,2025T4,Private,Carteira Administrada,Internet Banking,0-6 meses,9,Atendimento claro e rapido,124.0,2025-11-27,Carteira Administrada,9,resgate,Chat,Pendente,,Carteira Administrada
124.0,2026-05-10 00:00:00,PRD_FND,4.0,0.0,3.4,0.0,124,Fundos,FD00758,C00124,2026-05-16,2026T2,Private,Fundos,Assessoria,5+ anos,9,Consegui acompanhar minha carteira,124.0,2025-11-27,Carteira Administrada,9,resgate,Chat,Pendente,,Carteira Administrada
124.0,2026-05-10 00:00:00,PRD_FND,4.0,0.0,3.4,0.0,124,Fundos,FD00758,C00124,2026-05-16,2026T2,Private,Fundos,Assessoria,5+ anos,9,Consegui acompanhar minha carteira,124.0,2025-11-27,Carteira Administrada,9,resgate,Chat,Pendente,,Carteira Administrada
124.0,2025-11-22 00:00:00,PRD_CAR,10.0,1.0,41.5,1.0,124,Carteira Administrada,FD00256,C00124,2025-11-30,2025T4,Private,Carteira Administrada,Internet Banking,0-6 meses,9,Atendimento claro e rapido,124.0,2025-11-27,Carteira Administrada,9,resgate,Chat,Pendente,,Carteira Administrada
124.0,2025-11-22 00:00:00,PRD_CAR,10.0,1.0,41.5,1.0,124,Carteira Administrada,FD00758,C00124,2026-05-16,2026T2,Private,Fundos,Assessoria,5+ anos,9,Consegui acompanhar minha carteira,124.0,2025-11-27,Carteira Administrada,9,resgate,Chat,Pendente,,Carteira Administrada
124.0,2025-11-22 00:00:00,PRD_CAR,10.0,1.0,41.5,1.0,124,Carteira Administrada,FD00758,C00124,2026-05-16,2026T2,Private,Fundos,Assessoria,5+ anos,9,Consegui acompanhar minha carteira,124.0,2025-11-27,Carteira Administrada,9,resgate,Chat,Pendente,,Carteira Administrada
125.0,2025-10-21 00:00:00,PRD_TES,0.0,0.0,31.6,0.0,125,Tesouro Direto,FD00287,C00125,2025-10-17,2025T4,Private,Tesouro Direto,Internet Banking,2-5 anos,9,,,,,,,,,,
125.0,2025-10-21 00:00:00,PRD_TES,0.0,0.0,31.6,0.0,125,Tesouro Direto,FD00514,C00125,2026-03-04,2026T1,Private,CDB,App,6-24 meses,10,Assessoria ajudou na decisao,,,,,,,,,
125.0,2026-03-01 00:00:00,PRD_CDB,11.0,0.0,23.8,0.0,125,CDB,FD00287,C00125,2025-10-17,2025T4,Private,Tesouro Direto,Internet Banking,2-5 anos,9,,,,,,,,,,
125.0,2026-03-01 00:00:00,PRD_CDB,11.0,0.0,23.8,0.0,125,CDB,FD00514,C00125,2026-03-04,2026T1,Private,CDB,App,6-24 meses,10,Assessoria ajudou na decisao,,,,,,,,,
126.0,2025-10-31 00:00:00,PRD_FND,5.0,0.0,15.3,0.0,126,Fundos,FD00270,C00126,2025-11-10,2025T4,Alta Renda,Fundos,Central de Atendimento,5+ anos,9,Assessoria ajudou na decisao,,,,,,,,,
128.0,2025-08-06 00:00:00,PRD_CDB,12.0,0.0,1.0,0.0,128,CDB,FD00191,C00128,2025-08-05,2025T3,Varejo,CDB,Central de Atendimento,2-5 anos,9,Informacoes estavam faceis de encontrar,128.0,22/01/2026,C.D.B.,9,reclamacao atendimento,Telefone,Resolvido,,CDB
128.0,2025-08-06 00:00:00,PRD_CDB,12.0,0.0,1.0,0.0,128,CDB,FD00411,C00128,2025-11-26,2025T4,Varejo,Tesouro Direto,App,5+ anos,9,Boa experiencia no aplicativo,128.0,22/01/2026,C.D.B.,9,reclamacao atendimento,Telefone,Resolvido,,CDB
128.0,2025-08-06 00:00:00,PRD_CDB,12.0,0.0,1.0,0.0,128,CDB,FD00503,C00128,2026-01-23,2026T1,Varejo,CDB,Central de Atendimento,2-5 anos,9,Assessoria ajudou na decisao,128.0,22/01/2026,C.D.B.,9,reclamacao atendimento,Telefone,Resolvido,,CDB
128.0,2026-01-29 00:00:00,PRD_CDB,4.0,0.0,7.9,0.0,128,CDB,FD00191,C00128,2025-08-05,2025T3,Varejo,CDB,Central de Atendimento,2-5 anos,9,Informacoes estavam faceis de encontrar,128.0,22/01/2026,C.D.B.,9,reclamacao atendimento,Telefone,Resolvido,,CDB
128.0,2026-01-29 00:00:00,PRD_CDB,4.0,0.0,7.9,0.0,128,CDB,FD00411,C00128,2025-11-26,2025T4,Varejo,Tesouro Direto,App,5+ anos,9,Boa experiencia no aplicativo,128.0,22/01/2026,C.D.B.,9,reclamacao atendimento,Telefone,Resolvido,,CDB
128.0,2026-01-29 00:00:00,PRD_CDB,4.0,0.0,7.9,0.0,128,CDB,FD00503,C00128,2026-01-23,2026T1,Varejo,CDB,Central de Atendimento,2-5 anos,9,Assessoria ajudou na decisao,128.0,22/01/2026,C.D.B.,9,reclamacao atendimento,Telefone,Resolvido,,CDB
128.0,2025-11-22 00:00:00,PRD_TES,7.0,0.0,21.9,0.0,128,Tesouro Direto,FD00191,C00128,2025-08-05,2025T3,Varejo,CDB,Central de Atendimento,2-5 anos,9,Informacoes estavam faceis de encontrar,128.0,22/01/2026,C.D.B.,9,reclamacao atendimento,Telefone,Resolvido,,CDB
128.0,2025-11-22 00:00:00,PRD_TES,7.0,0.0,21.9,0.0,128,Tesouro Direto,FD00411,C00128,2025-11-26,2025T4,Varejo,Tesouro Direto,App,5+ anos,9,Boa experiencia no aplicativo,128.0,22/01/2026,C.D.B.,9,reclamacao atendimento,Telefone,Resolvido,,CDB
128.0,2025-11-22 00:00:00,PRD_TES,7.0,0.0,21.9,0.0,128,Tesouro Direto,FD00503,C00128,2026-01-23,2026T1,Varejo,CDB,Central de Atendimento,2-5 anos,9,Assessoria ajudou na decisao,128.0,22/01/2026,C.D.B.,9,reclamacao atendimento,Telefone,Resolvido,,CDB
129.0,2025-09-06 00:00:00,PRD_TES,16.0,0.0,5.7,0.0,129,Tesouro Direto,FD00177,C00129,2025-07-04,2025T3,Private,Tesouro Direto,App,2-5 anos,9,Consegui acompanhar minha carteira,129.0,2025-07-05,Tesouro,9,reclamacao atendimento,E-mail,Pendente,"Experiencia ok, mas poderia ser mais simples",Tesouro Direto
129.0,2025-09-06 00:00:00,PRD_TES,16.0,0.0,5.7,0.0,129,Tesouro Direto,FD00201,C00129,2025-09-03,2025T3,Private,Tesouro Direto,App,6-24 meses,10,Boa experiencia no aplicativo,129.0,2025-07-05,Tesouro,9,reclamacao atendimento,E-mail,Pendente,"Experiencia ok, mas poderia ser mais simples",Tesouro Direto
129.0,2025-06-29 00:00:00,PRD_TES,12.0,0.0,15.1,0.0,129,Tesouro Direto,FD00177,C00129,2025-07-04,2025T3,Private,Tesouro Direto,App,2-5 anos,9,Consegui acompanhar minha carteira,129.0,2025-07-05,Tesouro,9,reclamacao atendimento,E-mail,Pendente,"Experiencia ok, mas poderia ser mais simples",Tesouro Direto
129.0,2025-06-29 00:00:00,PRD_TES,12.0,0.0,15.1,0.0,129,Tesouro Direto,FD00201,C00129,2025-09-03,2025T3,Private,Tesouro Direto,App,6-24 meses,10,Boa experiencia no aplicativo,129.0,2025-07-05,Tesouro,9,reclamacao atendimento,E-mail,Pendente,"Experiencia ok, mas poderia ser mais simples",Tesouro Direto
130.0,2025-09-09 00:00:00,PRD_TES,9.0,0.0,9.2,0.0,130,Tesouro Direto,FD00121,C00130,2025-09-04,2025T3,Alta Renda,Tesouro Direto,Internet Banking,2-5 anos,9,Assessoria ajudou na decisao,,,,,,,,,
130.0,2025-09-09 00:00:00,PRD_TES,9.0,0.0,9.2,0.0,130,Tesouro Direto,FD00598,C00130,2026-02-08,2026T1,Alta Renda,Fundos,App,2-5 anos,9,Atendimento claro e rapido,,,,,,,,,
130.0,2026-02-15 00:00:00,PRD_FND,13.0,0.0,5.6,0.0,130,Fundos,FD00121,C00130,2025-09-04,2025T3,Alta Renda,Tesouro Direto,Internet Banking,2-5 anos,9,Assessoria ajudou na decisao,,,,,,,,,
130.0,2026-02-15 00:00:00,PRD_FND,13.0,0.0,5.6,0.0,130,Fundos,FD00598,C00130,2026-02-08,2026T1,Alta Renda,Fundos,App,2-5 anos,9,Atendimento claro e rapido,,,,,,,,,
131.0,2026-06-20 00:00:00,PRD_CAR,10.0,1.0,83.2,1.0,131,Carteira Administrada,FD00698,C00131,2026-02-04,2026T1,Alta Renda,Carteira Administrada,App,2-5 anos,7,Aplicativo poderia explicar melhor,,,,,,,,,
131.0,2026-06-20 00:00:00,PRD_CAR,10.0,1.0,83.2,1.0,131,Carteira Administrada,FD00877,C00131,2026-06-18,2026T2,Alta Renda,Carteira Administrada,App,6-24 meses,9,Consegui acompanhar minha carteira,,,,,,,,,
131.0,2026-06-20 00:00:00,PRD_CAR,10.0,1.0,83.2,1.0,131,Carteira Administrada,FD00698,C00131,2026-02-04,2026T1,Alta Renda,Carteira Administrada,App,2-5 anos,7,Aplicativo poderia explicar melhor,,,,,,,,,
131.0,2026-02-13 00:00:00,PRD_CAR,15.0,0.0,33.2,0.0,131,Carteira Administrada,FD00698,C00131,2026-02-04,2026T1,Alta Renda,Carteira Administrada,App,2-5 anos,7,Aplicativo poderia explicar melhor,,,,,,,,,
131.0,2026-02-13 00:00:00,PRD_CAR,15.0,0.0,33.2,0.0,131,Carteira Administrada,FD00877,C00131,2026-06-18,2026T2,Alta Renda,Carteira Administrada,App,6-24 meses,9,Consegui acompanhar minha carteira,,,,,,,,,
131.0,2026-02-13 00:00:00,PRD_CAR,15.0,0.0,33.2,0.0,131,Carteira Administrada,FD00698,C00131,2026-02-04,2026T1,Alta Renda,Carteira Administrada,App,2-5 anos,7,Aplicativo poderia explicar melhor,,,,,,,,,
132.0,2025-07-07 00:00:00,PRD_TES,12.0,0.0,28.4,0.0,132,Tesouro Direto,FD00015,C00132,2025-07-10,2025T3,Private,Tesouro Direto,App,2-5 anos,10,Assessoria ajudou na decisao,,,,,,,,,
133.0,2025-11-21 00:00:00,PRD_CDB,5.0,0.0,26.8,0.0,133,CDB,FD00187,C00133,2025-07-08,2025T3,Private,Tesouro Direto,App,0-6 meses,10,Assessoria ajudou na decisao,133.0,2025-08-13,Carteira Administrada,10,duvida rentabilidade,Telefone,Pendente,Demorou um pouco para encontrar informacoes,Carteira Administrada
133.0,2025-11-21 00:00:00,PRD_CDB,5.0,0.0,26.8,0.0,133,CDB,FD00202,C00133,2025-08-15,2025T3,Private,Carteira Administrada,Internet Banking,2-5 anos,10,Boa experiencia no aplicativo,133.0,2025-08-13,Carteira Administrada,10,duvida rentabilidade,Telefone,Pendente,Demorou um pouco para encontrar informacoes,Carteira Administrada
133.0,2025-11-21 00:00:00,PRD_CDB,5.0,0.0,26.8,0.0,133,CDB,FD00464,C00133,2025-11-28,2025T4,Private,CDB,Central de Atendimento,6-24 meses,5,Informacoes divergentes sobre o produto,133.0,2025-08-13,Carteira Administrada,10,duvida rentabilidade,Telefone,Pendente,Demorou um pouco para encontrar informacoes,Carteira Administrada
133.0,2025-07-05 00:00:00,PRD_TES,7.0,0.0,30.7,0.0,133,Tesouro Direto,FD00187,C00133,2025-07-08,2025T3,Private,Tesouro Direto,App,0-6 meses,10,Assessoria ajudou na decisao,133.0,2025-08-13,Carteira Administrada,10,duvida rentabilidade,Telefone,Pendente,Demorou um pouco para encontrar informacoes,Carteira Administrada
133.0,2025-07-05 00:00:00,PRD_TES,7.0,0.0,30.7,0.0,133,Tesouro Direto,FD00202,C00133,2025-08-15,2025T3,Private,Carteira Administrada,Internet Banking,2-5 anos,10,Boa experiencia no aplicativo,133.0,2025-08-13,Carteira Administrada,10,duvida rentabilidade,Telefone,Pendente,Demorou um pouco para encontrar informacoes,Carteira Administrada
133.0,2025-07-05 00:00:00,PRD_TES,7.0,0.0,30.7,0.0,133,Tesouro Direto,FD00464,C00133,2025-11-28,2025T4,Private,CDB,Central de Atendimento,6-24 meses,5,Informacoes divergentes sobre o produto,133.0,2025-08-13,Carteira Administrada,10,duvida rentabilidade,Telefone,Pendente,Demorou um pouco para encontrar informacoes,Carteira Administrada
133.0,2025-08-17 00:00:00,PRD_CAR,5.0,0.0,32.5,0.0,133,Carteira Administrada,FD00187,C00133,2025-07-08,2025T3,Private,Tesouro Direto,App,0-6 meses,10,Assessoria ajudou na decisao,133.0,2025-08-13,Carteira Administrada,10,duvida rentabilidade,Telefone,Pendente,Demorou um pouco para encontrar informacoes,Carteira Administrada
133.0,2025-08-17 00:00:00,PRD_CAR,5.0,0.0,32.5,0.0,133,Carteira Administrada,FD00202,C00133,2025-08-15,2025T3,Private,Carteira Administrada,Internet Banking,2-5 anos,10,Boa experiencia no aplicativo,133.0,2025-08-13,Carteira Administrada,10,duvida rentabilidade,Telefone,Pendente,Demorou um pouco para encontrar informacoes,Carteira Administrada
133.0,2025-08-17 00:00:00,PRD_CAR,5.0,0.0,32.5,0.0,133,Carteira Administrada,FD00464,C00133,2025-11-28,2025T4,Private,CDB,Central de Atendimento,6-24 meses,5,Informacoes divergentes sobre o produto,133.0,2025-08-13,Carteira Administrada,10,duvida rentabilidade,Telefone,Pendente,Demorou um pouco para encontrar informacoes,Carteira Administrada
134.0,2026-04-26 00:00:00,PRD_CAR,6.0,1.0,98.6,1.0,134,Carteira Administrada,FD00494,C00134,2026-03-30,2026T1,Alta Renda,COE,App,2-5 anos,5,Nao consegui falar com assessor,,,,,,,,,
134.0,2026-04-26 00:00:00,PRD_CAR,6.0,1.0,98.6,1.0,134,Carteira Administrada,FD00847,C00134,2026-04-24,2026T2,Alta Renda,Carteira Administrada,Central de Atendimento,2-5 anos,9,Assessoria ajudou na decisao,,,,,,,,,
134.0,2026-03-26 00:00:00,PRD_COE,18.0,0.0,13.4,0.0,134,COE,FD00494,C00134,2026-03-30,2026T1,Alta Renda,COE,App,2-5 anos,5,Nao consegui falar com assessor,,,,,,,,,
134.0,2026-03-26 00:00:00,PRD_COE,18.0,0.0,13.4,0.0,134,COE,FD00847,C00134,2026-04-24,2026T2,Alta Renda,Carteira Administrada,Central de Atendimento,2-5 anos,9,Assessoria ajudou na decisao,,,,,,,,,
135.0,2025-10-31 00:00:00,PRD_CDB,9.0,0.0,29.1,1.0,135,CDB,FD00414,C00135,2025-11-09,2025T4,Novo Investidor,CDB,App,0-6 meses,10,Informacoes estavam faceis de encontrar,,,,,,,,,
136.0,2026-05-14 00:00:00,PRD_CDB,8.0,0.0,16.4,0.0,136,CDB,FD00785,C00136,2026-05-15,2026T2,Alta Renda,CDB,Assessoria,5+ anos,10,Atendimento claro e rapido,,,,,,,,,
137.0,2026-05-18 00:00:00,PRD_FND,8.0,0.0,20.5,1.0,137,Fundos,FD00017,C00137,2025-09-08,2025T3,Alta Renda,Carteira Administrada,Internet Banking,2-5 anos,10,Boa experiencia no aplicativo,137.0,09-Sep-25,Carteira Administrada,10,reclamacao atendimento,Chat,Pendente,,Carteira Administrada
137.0,2026-05-18 00:00:00,PRD_FND,8.0,0.0,20.5,1.0,137,Fundos,FD00017,C00137,2025-09-08,2025T3,Alta Renda,Carteira Administrada,Internet Banking,2-5 anos,10,Boa experiencia no aplicativo,137.0,25/05/2026,fundos de investimento,10,acesso app,Telefone,Resolvido,,Fundos
137.0,2026-05-18 00:00:00,PRD_FND,8.0,0.0,20.5,1.0,137,Fundos,FD00684,C00137,2026-03-23,2026T1,Alta Renda,Fundos,App,2-5 anos,10,Assessoria ajudou na decisao,137.0,09-Sep-25,Carteira Administrada,10,reclamacao atendimento,Chat,Pendente,,Carteira Administrada
137.0,2026-05-18 00:00:00,PRD_FND,8.0,0.0,20.5,1.0,137,Fundos,FD00684,C00137,2026-03-23,2026T1,Alta Renda,Fundos,App,2-5 anos,10,Assessoria ajudou na decisao,137.0,25/05/2026,fundos de investimento,10,acesso app,Telefone,Resolvido,,Fundos
137.0,2026-05-18 00:00:00,PRD_FND,8.0,0.0,20.5,1.0,137,Fundos,FD00709,C00137,2026-03-10,2026T1,Alta Renda,Carteira Administrada,App,2-5 anos,9,Boa experiencia no aplicativo,137.0,09-Sep-25,Carteira Administrada,10,reclamacao atendimento,Chat,Pendente,,Carteira Administrada
137.0,2026-05-18 00:00:00,PRD_FND,8.0,0.0,20.5,1.0,137,Fundos,FD00709,C00137,2026-03-10,2026T1,Alta Renda,Carteira Administrada,App,2-5 anos,9,Boa experiencia no aplicativo,137.0,25/05/2026,fundos de investimento,10,acesso app,Telefone,Resolvido,,Fundos
137.0,2026-05-18 00:00:00,PRD_FND,8.0,0.0,20.5,1.0,137,Fundos,FD00985,C00137,2026-05-27,2026T2,Alta Renda,Fundos,App,6-24 meses,10,Consegui acompanhar minha carteira,137.0,09-Sep-25,Carteira Administrada,10,reclamacao atendimento,Chat,Pendente,,Carteira Administrada
137.0,2026-05-18 00:00:00,PRD_FND,8.0,0.0,20.5,1.0,137,Fundos,FD00985,C00137,2026-05-27,2026T2,Alta Renda,Fundos,App,6-24 meses,10,Consegui acompanhar minha carteira,137.0,25/05/2026,fundos de investimento,10,acesso app,Telefone,Resolvido,,Fundos
137.0,2026-05-18 00:00:00,PRD_FND,8.0,0.0,20.5,1.0,137,Fundos,FD00995,C00137,2026-05-19,2026T2,Alta Renda,Carteira Administrada,Internet Banking,5+ anos,1,Demora para resolver meu problema,137.0,09-Sep-25,Carteira Administrada,10,reclamacao atendimento,Chat,Pendente,,Carteira Administrada
137.0,2026-05-18 00:00:00,PRD_FND,8.0,0.0,20.5,1.0,137,Fundos,FD00995,C00137,2026-05-19,2026T2,Alta Renda,Carteira Administrada,Internet Banking,5+ anos,1,Demora para resolver meu problema,137.0,25/05/2026,fundos de investimento,10,acesso app,Telefone,Resolvido,,Fundos
137.0,2026-05-23 00:00:00,PRD_CAR,8.0,0.0,86.0,0.0,137,Carteira Administrada,FD00017,C00137,2025-09-08,2025T3,Alta Renda,Carteira Administrada,Internet Banking,2-5 anos,10,Boa experiencia no aplicativo,137.0,09-Sep-25,Carteira Administrada,10,reclamacao atendimento,Chat,Pendente,,Carteira Administrada
137.0,2026-05-23 00:00:00,PRD_CAR,8.0,0.0,86.0,0.0,137,Carteira Administrada,FD00017,C00137,2025-09-08,2025T3,Alta Renda,Carteira Administrada,Internet Banking,2-5 anos,10,Boa experiencia no aplicativo,137.0,25/05/2026,fundos de investimento,10,acesso app,Telefone,Resolvido,,Fundos
137.0,2026-05-23 00:00:00,PRD_CAR,8.0,0.0,86.0,0.0,137,Carteira Administrada,FD00684,C00137,2026-03-23,2026T1,Alta Renda,Fundos,App,2-5 anos,10,Assessoria ajudou na decisao,137.0,09-Sep-25,Carteira Administrada,10,reclamacao atendimento,Chat,Pendente,,Carteira Administrada
137.0,2026-05-23 00:00:00,PRD_CAR,8.0,0.0,86.0,0.0,137,Carteira Administrada,FD00684,C00137,2026-03-23,2026T1,Alta Renda,Fundos,App,2-5 anos,10,Assessoria ajudou na decisao,137.0,25/05/2026,fundos de investimento,10,acesso app,Telefone,Resolvido,,Fundos
137.0,2026-05-23 00:00:00,PRD_CAR,8.0,0.0,86.0,0.0,137,Carteira Administrada,FD00709,C00137,2026-03-10,2026T1,Alta Renda,Carteira Administrada,App,2-5 anos,9,Boa experiencia no aplicativo,137.0,09-Sep-25,Carteira Administrada,10,reclamacao atendimento,Chat,Pendente,,Carteira Administrada
137.0,2026-05-23 00:00:00,PRD_CAR,8.0,0.0,86.0,0.0,137,Carteira Administrada,FD00709,C00137,2026-03-10,2026T1,Alta Renda,Carteira Administrada,App,2-5 anos,9,Boa experiencia no aplicativo,137.0,25/05/2026,fundos de investimento,10,acesso app,Telefone,Resolvido,,Fundos
137.0,2026-05-23 00:00:00,PRD_CAR,8.0,0.0,86.0,0.0,137,Carteira Administrada,FD00985,C00137,2026-05-27,2026T2,Alta Renda,Fundos,App,6-24 meses,10,Consegui acompanhar minha carteira,137.0,09-Sep-25,Carteira Administrada,10,reclamacao atendimento,Chat,Pendente,,Carteira Administrada
137.0,2026-05-23 00:00:00,PRD_CAR,8.0,0.0,86.0,0.0,137,Carteira Administrada,FD00985,C00137,2026-05-27,2026T2,Alta Renda,Fundos,App,6-24 meses,10,Consegui acompanhar minha carteira,137.0,25/05/2026,fundos de investimento,10,acesso app,Telefone,Resolvido,,Fundos
137.0,2026-05-23 00:00:00,PRD_CAR,8.0,0.0,86.0,0.0,137,Carteira Administrada,FD00995,C00137,2026-05-19,2026T2,Alta Renda,Carteira Administrada,Internet Banking,5+ anos,1,Demora para resolver meu problema,137.0,09-Sep-25,Carteira Administrada,10,reclamacao atendimento,Chat,Pendente,,Carteira Administrada
137.0,2026-05-23 00:00:00,PRD_CAR,8.0,0.0,86.0,0.0,137,Carteira Administrada,FD00995,C00137,2026-05-19,2026T2,Alta Renda,Carteira Administrada,Internet Banking,5+ anos,1,Demora para resolver meu problema,137.0,25/05/2026,fundos de investimento,10,acesso app,Telefone,Resolvido,,Fundos
137.0,2026-03-20 00:00:00,PRD_FND,8.0,,7.5,0.0,137,Fundos,FD00017,C00137,2025-09-08,2025T3,Alta Renda,Carteira Administrada,Internet Banking,2-5 anos,10,Boa experiencia no aplicativo,137.0,09-Sep-25,Carteira Administrada,10,reclamacao atendimento,Chat,Pendente,,Carteira Administrada
137.0,2026-03-20 00:00:00,PRD_FND,8.0,,7.5,0.0,137,Fundos,FD00017,C00137,2025-09-08,2025T3,Alta Renda,Carteira Administrada,Internet Banking,2-5 anos,10,Boa experiencia no aplicativo,137.0,25/05/2026,fundos de investimento,10,acesso app,Telefone,Resolvido,,Fundos
137.0,2026-03-20 00:00:00,PRD_FND,8.0,,7.5,0.0,137,Fundos,FD00684,C00137,2026-03-23,2026T1,Alta Renda,Fundos,App,2-5 anos,10,Assessoria ajudou na decisao,137.0,09-Sep-25,Carteira Administrada,10,reclamacao atendimento,Chat,Pendente,,Carteira Administrada
137.0,2026-03-20 00:00:00,PRD_FND,8.0,,7.5,0.0,137,Fundos,FD00684,C00137,2026-03-23,2026T1,Alta Renda,Fundos,App,2-5 anos,10,Assessoria ajudou na decisao,137.0,25/05/2026,fundos de investimento,10,acesso app,Telefone,Resolvido,,Fundos
137.0,2026-03-20 00:00:00,PRD_FND,8.0,,7.5,0.0,137,Fundos,FD00709,C00137,2026-03-10,2026T1,Alta Renda,Carteira Administrada,App,2-5 anos,9,Boa experiencia no aplicativo,137.0,09-Sep-25,Carteira Administrada,10,reclamacao atendimento,Chat,Pendente,,Carteira Administrada
137.0,2026-03-20 00:00:00,PRD_FND,8.0,,7.5,0.0,137,Fundos,FD00709,C00137,2026-03-10,2026T1,Alta Renda,Carteira Administrada,App,2-5 anos,9,Boa experiencia no aplicativo,137.0,25/05/2026,fundos de investimento,10,acesso app,Telefone,Resolvido,,Fundos
137.0,2026-03-20 00:00:00,PRD_FND,8.0,,7.5,0.0,137,Fundos,FD00985,C00137,2026-05-27,2026T2,Alta Renda,Fundos,App,6-24 meses,10,Consegui acompanhar minha carteira,137.0,09-Sep-25,Carteira Administrada,10,reclamacao atendimento,Chat,Pendente,,Carteira Administrada
137.0,2026-03-20 00:00:00,PRD_FND,8.0,,7.5,0.0,137,Fundos,FD00985,C00137,2026-05-27,2026T2,Alta Renda,Fundos,App,6-24 meses,10,Consegui acompanhar minha carteira,137.0,25/05/2026,fundos de investimento,10,acesso app,Telefone,Resolvido,,Fundos
137.0,2026-03-20 00:00:00,PRD_FND,8.0,,7.5,0.0,137,Fundos,FD00995,C00137,2026-05-19,2026T2,Alta Renda,Carteira Administrada,Internet Banking,5+ anos,1,Demora para resolver meu problema,137.0,09-Sep-25,Carteira Administrada,10,reclamacao atendimento,Chat,Pendente,,Carteira Administrada
137.0,2026-03-20 00:00:00,PRD_FND,8.0,,7.5,0.0,137,Fundos,FD00995,C00137,2026-05-19,2026T2,Alta Renda,Carteira Administrada,Internet Banking,5+ anos,1,Demora para resolver meu problema,137.0,25/05/2026,fundos de investimento,10,acesso app,Telefone,Resolvido,,Fundos
137.0,2026-02-28 00:00:00,PRD_CAR,7.0,1.0,75.0,0.0,137,Carteira Administrada,FD00017,C00137,2025-09-08,2025T3,Alta Renda,Carteira Administrada,Internet Banking,2-5 anos,10,Boa experiencia no aplicativo,137.0,09-Sep-25,Carteira Administrada,10,reclamacao atendimento,Chat,Pendente,,Carteira Administrada
137.0,2026-02-28 00:00:00,PRD_CAR,7.0,1.0,75.0,0.0,137,Carteira Administrada,FD00017,C00137,2025-09-08,2025T3,Alta Renda,Carteira Administrada,Internet Banking,2-5 anos,10,Boa experiencia no aplicativo,137.0,25/05/2026,fundos de investimento,10,acesso app,Telefone,Resolvido,,Fundos
137.0,2026-02-28 00:00:00,PRD_CAR,7.0,1.0,75.0,0.0,137,Carteira Administrada,FD00684,C00137,2026-03-23,2026T1,Alta Renda,Fundos,App,2-5 anos,10,Assessoria ajudou na decisao,137.0,09-Sep-25,Carteira Administrada,10,reclamacao atendimento,Chat,Pendente,,Carteira Administrada
137.0,2026-02-28 00:00:00,PRD_CAR,7.0,1.0,75.0,0.0,137,Carteira Administrada,FD00684,C00137,2026-03-23,2026T1,Alta Renda,Fundos,App,2-5 anos,10,Assessoria ajudou na decisao,137.0,25/05/2026,fundos de investimento,10,acesso app,Telefone,Resolvido,,Fundos
137.0,2026-02-28 00:00:00,PRD_CAR,7.0,1.0,75.0,0.0,137,Carteira Administrada,FD00709,C00137,2026-03-10,2026T1,Alta Renda,Carteira Administrada,App,2-5 anos,9,Boa experiencia no aplicativo,137.0,09-Sep-25,Carteira Administrada,10,reclamacao atendimento,Chat,Pendente,,Carteira Administrada
137.0,2026-02-28 00:00:00,PRD_CAR,7.0,1.0,75.0,0.0,137,Carteira Administrada,FD00709,C00137,2026-03-10,2026T1,Alta Renda,Carteira Administrada,App,2-5 anos,9,Boa experiencia no aplicativo,137.0,25/05/2026,fundos de investimento,10,acesso app,Telefone,Resolvido,,Fundos
137.0,2026-02-28 00:00:00,PRD_CAR,7.0,1.0,75.0,0.0,137,Carteira Administrada,FD00985,C00137,2026-05-27,2026T2,Alta Renda,Fundos,App,6-24 meses,10,Consegui acompanhar minha carteira,137.0,09-Sep-25,Carteira Administrada,10,reclamacao atendimento,Chat,Pendente,,Carteira Administrada
137.0,2026-02-28 00:00:00,PRD_CAR,7.0,1.0,75.0,0.0,137,Carteira Administrada,FD00985,C00137,2026-05-27,2026T2,Alta Renda,Fundos,App,6-24 meses,10,Consegui acompanhar minha carteira,137.0,25/05/2026,fundos de investimento,10,acesso app,Telefone,Resolvido,,Fundos
137.0,2026-02-28 00:00:00,PRD_CAR,7.0,1.0,75.0,0.0,137,Carteira Administrada,FD00995,C00137,2026-05-19,2026T2,Alta Renda,Carteira Administrada,Internet Banking,5+ anos,1,Demora para resolver meu problema,137.0,09-Sep-25,Carteira Administrada,10,reclamacao atendimento,Chat,Pendente,,Carteira Administrada
137.0,2026-02-28 00:00:00,PRD_CAR,7.0,1.0,75.0,0.0,137,Carteira Administrada,FD00995,C00137,2026-05-19,2026T2,Alta Renda,Carteira Administrada,Internet Banking,5+ anos,1,Demora para resolver meu problema,137.0,25/05/2026,fundos de investimento,10,acesso app,Telefone,Resolvido,,Fundos
138.0,2025-09-15 00:00:00,PRD_FND,17.0,0.0,16.2,0.0,138,Fundos,FD00137,C00138,2025-09-07,2025T3,Varejo,Fundos,App,2-5 anos,9,Boa experiencia no aplicativo,138.0,06/09/2025,fundos de investimento,9,duvida rentabilidade,Telefone,Resolvido,Atendimento claro e rapido,Fundos
138.0,2025-09-15 00:00:00,PRD_FND,17.0,0.0,16.2,0.0,138,Fundos,FD00940,C00138,2026-04-15,2026T2,Varejo,CDB,Central de Atendimento,2-5 anos,10,Assessoria ajudou na decisao,138.0,06/09/2025,fundos de investimento,9,duvida rentabilidade,Telefone,Resolvido,Atendimento claro e rapido,Fundos
138.0,2026-04-22 00:00:00,PRD_CDB,5.0,0.0,21.6,0.0,138,CDB,FD00137,C00138,2025-09-07,2025T3,Varejo,Fundos,App,2-5 anos,9,Boa experiencia no aplicativo,138.0,06/09/2025,fundos de investimento,9,duvida rentabilidade,Telefone,Resolvido,Atendimento claro e rapido,Fundos
138.0,2026-04-22 00:00:00,PRD_CDB,5.0,0.0,21.6,0.0,138,CDB,FD00940,C00138,2026-04-15,2026T2,Varejo,CDB,Central de Atendimento,2-5 anos,10,Assessoria ajudou na decisao,138.0,06/09/2025,fundos de investimento,9,duvida rentabilidade,Telefone,Resolvido,Atendimento claro e rapido,Fundos
139.0,2025-11-22 00:00:00,PRD_CDB,10.0,0.0,27.0,0.0,139,CDB,FD00426,C00139,2025-11-29,2025T4,Alta Renda,CDB,App,0-6 meses,8,Tive duvida sobre rentabilidade,139.0,21/02/2026,Fundos,9,reclamacao atendimento,Telefone,Resolvido,Informacoes divergentes sobre o produto,Fundos
139.0,2025-11-22 00:00:00,PRD_CDB,10.0,0.0,27.0,0.0,139,CDB,FD00426,C00139,2025-11-29,2025T4,Alta Renda,CDB,App,0-6 meses,8,Tive duvida sobre rentabilidade,139.0,29-Nov-25,CDB,8,acesso app,Chat,Reaberto,Aplicativo travou durante consulta,CDB
139.0,2025-11-22 00:00:00,PRD_CDB,10.0,0.0,27.0,0.0,139,CDB,FD00705,C00139,2026-02-18,2026T1,Alta Renda,Fundos,Internet Banking,0-6 meses,8,Demorou um pouco para encontrar informacoes,139.0,21/02/2026,Fundos,9,reclamacao atendimento,Telefone,Resolvido,Informacoes divergentes sobre o produto,Fundos
139.0,2025-11-22 00:00:00,PRD_CDB,10.0,0.0,27.0,0.0,139,CDB,FD00705,C00139,2026-02-18,2026T1,Alta Renda,Fundos,Internet Banking,0-6 meses,8,Demorou um pouco para encontrar informacoes,139.0,29-Nov-25,CDB,8,acesso app,Chat,Reaberto,Aplicativo travou durante consulta,CDB
139.0,2026-02-26 00:00:00,PRD_FND,6.0,0.0,22.1,0.0,139,Fundos,FD00426,C00139,2025-11-29,2025T4,Alta Renda,CDB,App,0-6 meses,8,Tive duvida sobre rentabilidade,139.0,21/02/2026,Fundos,9,reclamacao atendimento,Telefone,Resolvido,Informacoes divergentes sobre o produto,Fundos
139.0,2026-02-26 00:00:00,PRD_FND,6.0,0.0,22.1,0.0,139,Fundos,FD00426,C00139,2025-11-29,2025T4,Alta Renda,CDB,App,0-6 meses,8,Tive duvida sobre rentabilidade,139.0,29-Nov-25,CDB,8,acesso app,Chat,Reaberto,Aplicativo travou durante consulta,CDB
139.0,2026-02-26 00:00:00,PRD_FND,6.0,0.0,22.1,0.0,139,Fundos,FD00705,C00139,2026-02-18,2026T1,Alta Renda,Fundos,Internet Banking,0-6 meses,8,Demorou um pouco para encontrar informacoes,139.0,21/02/2026,Fundos,9,reclamacao atendimento,Telefone,Resolvido,Informacoes divergentes sobre o produto,Fundos
139.0,2026-02-26 00:00:00,PRD_FND,6.0,0.0,22.1,0.0,139,Fundos,FD00705,C00139,2026-02-18,2026T1,Alta Renda,Fundos,Internet Banking,0-6 meses,8,Demorou um pouco para encontrar informacoes,139.0,29-Nov-25,CDB,8,acesso app,Chat,Reaberto,Aplicativo travou durante consulta,CDB
140.0,2025-08-07 00:00:00,PRD_CDB,8.0,0.0,33.0,1.0,140,CDB,FD00108,C00140,2025-08-07,2025T3,Novo Investidor,CDB,App,6-24 meses,7,Aplicativo poderia explicar melhor,,,,,,,,,
141.0,2026-05-08 00:00:00,PRD_FND,11.0,1.0,21.1,1.0,141,Fundos,FD00858,C00141,2026-05-03,2026T2,Novo Investidor,Fundos,Assessoria,6-24 meses,9,Atendimento claro e rapido,,,,,,,,,
141.0,2026-05-08 00:00:00,PRD_FND,11.0,1.0,21.1,1.0,141,Fundos,FD00860,C00141,2026-05-25,2026T2,Novo Investidor,Tesouro Direto,Assessoria,2-5 anos,4,Nao ficou claro o risco do produto,,,,,,,,,
141.0,2026-05-30 00:00:00,PRD_TES,4.0,0.0,38.7,0.0,141,Tesouro Direto,FD00858,C00141,2026-05-03,2026T2,Novo Investidor,Fundos,Assessoria,6-24 meses,9,Atendimento claro e rapido,,,,,,,,,
141.0,2026-05-30 00:00:00,PRD_TES,4.0,0.0,38.7,0.0,141,Tesouro Direto,FD00860,C00141,2026-05-25,2026T2,Novo Investidor,Tesouro Direto,Assessoria,2-5 anos,4,Nao ficou claro o risco do produto,,,,,,,,,
142.0,2025-08-13 00:00:00,PRD_COE,4.0,0.0,15.0,0.0,142,COE,FD00132,C00142,2025-08-19,2025T3,Private,COE,Central de Atendimento,5+ anos,10,Assessoria ajudou na decisao,142.0,18/08/2025,COE,10,cadastro,Telefone,Resolvido,,COE
143.0,2025-07-29 00:00:00,PRD_TES,3.0,0.0,17.2,0.0,143,Tesouro Direto,FD00034,C00143,2025-07-29,2025T3,Alta Renda,Tesouro Direto,,6-24 meses,10,Consegui acompanhar minha carteira,,,,,,,,,
143.0,2025-07-29 00:00:00,PRD_TES,3.0,0.0,17.2,0.0,143,Tesouro Direto,FD00824,C00143,2026-05-23,2026T2,Alta Renda,Tesouro Direto,App,2-5 anos,10,Boa experiencia no aplicativo,,,,,,,,,
143.0,2026-05-14 00:00:00,PRD_TES,8.0,0.0,10.3,0.0,143,Tesouro Direto,FD00034,C00143,2025-07-29,2025T3,Alta Renda,Tesouro Direto,,6-24 meses,10,Consegui acompanhar minha carteira,,,,,,,,,
143.0,2026-05-14 00:00:00,PRD_TES,8.0,0.0,10.3,0.0,143,Tesouro Direto,FD00824,C00143,2026-05-23,2026T2,Alta Renda,Tesouro Direto,App,2-5 anos,10,Boa experiencia no aplicativo,,,,,,,,,
144.0,2025-10-31 00:00:00,PRD_TES,7.0,0.0,23.9,0.0,144,Tesouro Direto,FD00307,C00144,2025-10-30,2025T4,Alta Renda,Tesouro Direto,App,2-5 anos,9,Assessoria ajudou na decisao,,,,,,,,,
144.0,2025-10-31 00:00:00,PRD_TES,7.0,0.0,23.9,0.0,144,Tesouro Direto,FD00825,C00144,2026-05-03,2026T2,Alta Renda,Fundos,Assessoria,5+ anos,7,"Atendimento resolveu, mas demorou",,,,,,,,,
144.0,2026-05-03 00:00:00,PRD_FND,2.0,0.0,12.7,0.0,144,Fundos,FD00307,C00144,2025-10-30,2025T4,Alta Renda,Tesouro Direto,App,2-5 anos,9,Assessoria ajudou na decisao,,,,,,,,,
144.0,2026-05-03 00:00:00,PRD_FND,2.0,0.0,12.7,0.0,144,Fundos,FD00825,C00144,2026-05-03,2026T2,Alta Renda,Fundos,Assessoria,5+ anos,7,"Atendimento resolveu, mas demorou",,,,,,,,,
146.0,2025-09-25 00:00:00,PRD_CAR,8.0,0.0,26.4,1.0,146,Carteira Administrada,FD00038,C00146,2025-09-30,2025T3,Private,Carteira Administrada,Assessoria,6-24 meses,10,Informacoes estavam faceis de encontrar,,,,,,,,,
147.0,2025-07-18 00:00:00,PRD_FND,6.0,0.0,32.3,0.0,147,Fundos,FD00070,C00147,2025-07-16,2025T3,Varejo,Fundos,App,5+ anos,9,Assessoria ajudou na decisao,147.0,2025-12-13,Carteira Adm,3,acesso app,Telefone,Resolvido,Boa experiencia no aplicativo,Carteira Administrada
147.0,2025-07-18 00:00:00,PRD_FND,6.0,0.0,32.3,0.0,147,Fundos,FD00276,C00147,2025-12-14,2025T4,Varejo,Carteira Administrada,Assessoria,2-5 anos,4,Nao ficou claro o risco do produto,147.0,2025-12-13,Carteira Adm,3,acesso app,Telefone,Resolvido,Boa experiencia no aplicativo,Carteira Administrada
147.0,2025-12-18 00:00:00,PRD_CAR,0.0,1.0,43.7,0.0,147,Carteira Administrada,FD00070,C00147,2025-07-16,2025T3,Varejo,Fundos,App,5+ anos,9,Assessoria ajudou na decisao,147.0,2025-12-13,Carteira Adm,3,acesso app,Telefone,Resolvido,Boa experiencia no aplicativo,Carteira Administrada
147.0,2025-12-18 00:00:00,PRD_CAR,0.0,1.0,43.7,0.0,147,Carteira Administrada,FD00276,C00147,2025-12-14,2025T4,Varejo,Carteira Administrada,Assessoria,2-5 anos,4,Nao ficou claro o risco do produto,147.0,2025-12-13,Carteira Adm,3,acesso app,Telefone,Resolvido,Boa experiencia no aplicativo,Carteira Administrada
148.0,2025-10-17 00:00:00,PRD_CDB,5.0,0.0,8.2,0.0,148,CDB,FD00241,C00148,2025-10-21,2025T4,Alta Renda,CDB,Assessoria,0-6 meses,7,Aplicativo poderia explicar melhor,,,,,,,,,
148.0,2025-10-17 00:00:00,PRD_CDB,5.0,0.0,8.2,0.0,148,CDB,FD00456,C00148,2025-12-28,2025T4,Alta Renda,Carteira Administrada,App,2-5 anos,10,Assessoria ajudou na decisao,,,,,,,,,
148.0,2025-10-17 00:00:00,PRD_CDB,5.0,0.0,8.2,0.0,148,CDB,FD00896,C00148,2026-05-28,2026T2,Alta Renda,Fundos,Assessoria,5+ anos,10,Assessoria ajudou na decisao,,,,,,,,,
148.0,2025-12-21 00:00:00,PRD_CAR,6.0,0.0,63.4,0.0,148,Carteira Administrada,FD00241,C00148,2025-10-21,2025T4,Alta Renda,CDB,Assessoria,0-6 meses,7,Aplicativo poderia explicar melhor,,,,,,,,,
148.0,2025-12-21 00:00:00,PRD_CAR,6.0,0.0,63.4,0.0,148,Carteira Administrada,FD00456,C00148,2025-12-28,2025T4,Alta Renda,Carteira Administrada,App,2-5 anos,10,Assessoria ajudou na decisao,,,,,,,,,
148.0,2025-12-21 00:00:00,PRD_CAR,6.0,0.0,63.4,0.0,148,Carteira Administrada,FD00896,C00148,2026-05-28,2026T2,Alta Renda,Fundos,Assessoria,5+ anos,10,Assessoria ajudou na decisao,,,,,,,,,
148.0,2026-05-18 00:00:00,PRD_FND,5.0,0.0,23.9,0.0,148,Fundos,FD00241,C00148,2025-10-21,2025T4,Alta Renda,CDB,Assessoria,0-6 meses,7,Aplicativo poderia explicar melhor,,,,,,,,,
148.0,2026-05-18 00:00:00,PRD_FND,5.0,0.0,23.9,0.0,148,Fundos,FD00456,C00148,2025-12-28,2025T4,Alta Renda,Carteira Administrada,App,2-5 anos,10,Assessoria ajudou na decisao,,,,,,,,,
148.0,2026-05-18 00:00:00,PRD_FND,5.0,0.0,23.9,0.0,148,Fundos,FD00896,C00148,2026-05-28,2026T2,Alta Renda,Fundos,Assessoria,5+ anos,10,Assessoria ajudou na decisao,,,,,,,,,
149.0,2026-01-27 00:00:00,PRD_CAR,5.0,1.0,54.0,0.0,149,Carteira Administrada,FD00542,C00149,2026-01-29,2026T1,Private,Carteira Administrada,Assessoria,0-6 meses,10,Atendimento claro e rapido,,,,,,,,,
150.0,2025-11-20 00:00:00,PRD_FND,11.0,1.0,42.0,0.0,150,Fundos,FD00266,C00150,2025-11-14,2025T4,Private,Fundos,App,6-24 meses,10,Informacoes estavam faceis de encontrar,,,,,,,,,
151.0,2026-03-01 00:00:00,PRD_CDB,6.0,0.0,39.1,0.0,151,CDB,FD00584,C00151,2026-03-06,2026T1,Novo Investidor,CDB,Assessoria,6-24 meses,3,,,,,,,,,,
152.0,2025-12-08 00:00:00,PRD_CAR,3.0,1.0,48.8,0.0,152,Carteira Administrada,FD00314,C00152,2025-12-07,2025T4,Private,Carteira Administrada,App,2-5 anos,9,Atendimento claro e rapido,152.0,2026-05-21,tesouro direto,10,acesso app,E-mail,Resolvido,"Atendimento resolveu, mas demorou",Tesouro Direto
152.0,2025-12-08 00:00:00,PRD_CAR,3.0,1.0,48.8,0.0,152,Carteira Administrada,FD00314,C00152,2025-12-07,2025T4,Private,Carteira Administrada,App,2-5 anos,9,Atendimento claro e rapido,152.0,09/12/2025,carteira administrada,9,duvida rentabilidade,Chat,Resolvido,,Carteira Administrada
152.0,2025-12-08 00:00:00,PRD_CAR,3.0,1.0,48.8,0.0,152,Carteira Administrada,FD00898,C00152,2026-05-22,2026T2,Private,Tesouro Direto,App,6-24 meses,10,Boa experiencia no aplicativo,152.0,2026-05-21,tesouro direto,10,acesso app,E-mail,Resolvido,"Atendimento resolveu, mas demorou",Tesouro Direto
152.0,2025-12-08 00:00:00,PRD_CAR,3.0,1.0,48.8,0.0,152,Carteira Administrada,FD00898,C00152,2026-05-22,2026T2,Private,Tesouro Direto,App,6-24 meses,10,Boa experiencia no aplicativo,152.0,09/12/2025,carteira administrada,9,duvida rentabilidade,Chat,Resolvido,,Carteira Administrada
152.0,2026-05-26 00:00:00,PRD_TES,6.0,0.0,14.6,0.0,152,Tesouro Direto,FD00314,C00152,2025-12-07,2025T4,Private,Carteira Administrada,App,2-5 anos,9,Atendimento claro e rapido,152.0,2026-05-21,tesouro direto,10,acesso app,E-mail,Resolvido,"Atendimento resolveu, mas demorou",Tesouro Direto
152.0,2026-05-26 00:00:00,PRD_TES,6.0,0.0,14.6,0.0,152,Tesouro Direto,FD00314,C00152,2025-12-07,2025T4,Private,Carteira Administrada,App,2-5 anos,9,Atendimento claro e rapido,152.0,09/12/2025,carteira administrada,9,duvida rentabilidade,Chat,Resolvido,,Carteira Administrada
152.0,2026-05-26 00:00:00,PRD_TES,6.0,0.0,14.6,0.0,152,Tesouro Direto,FD00898,C00152,2026-05-22,2026T2,Private,Tesouro Direto,App,6-24 meses,10,Boa experiencia no aplicativo,152.0,2026-05-21,tesouro direto,10,acesso app,E-mail,Resolvido,"Atendimento resolveu, mas demorou",Tesouro Direto
152.0,2026-05-26 00:00:00,PRD_TES,6.0,0.0,14.6,0.0,152,Tesouro Direto,FD00898,C00152,2026-05-22,2026T2,Private,Tesouro Direto,App,6-24 meses,10,Boa experiencia no aplicativo,152.0,09/12/2025,carteira administrada,9,duvida rentabilidade,Chat,Resolvido,,Carteira Administrada
153.0,2026-05-20 00:00:00,PRD_CDB,9.0,0.0,11.8,0.0,153,CDB,FD00948,C00153,2026-05-17,2026T2,Private,CDB,App,5+ anos,10,Assessoria ajudou na decisao,,,,,,,,,
153.0,2026-05-20 00:00:00,PRD_CDB,9.0,0.0,11.8,0.0,153,CDB,FD00948,C00153,2026-05-17,2026T2,Private,CDB,App,5+ anos,10,Assessoria ajudou na decisao,,,,,,,,,
154.0,2025-07-10 00:00:00,PRD_TES,5.0,0.0,9.8,0.0,154,Tesouro Direto,FD00221,C00154,2025-07-20,2025T3,Alta Renda,Tesouro Direto,Assessoria,0-6 meses,10,Informacoes estavam faceis de encontrar,,,,,,,,,
154.0,2025-07-10 00:00:00,PRD_TES,5.0,0.0,9.8,0.0,154,Tesouro Direto,FD00762,C00154,2026-06-12,2026T2,Alta Renda,CDB,App,6-24 meses,9,Assessoria ajudou na decisao,,,,,,,,,
156.0,2025-12-31 00:00:00,PRD_TES,3.0,1.0,43.3,1.0,156,Tesouro Direto,FD00369,C00156,2025-12-21,2025T4,Private,Fundos,Internet Banking,6-24 meses,10,Atendimento claro e rapido,,,,,,,,,
156.0,2025-12-31 00:00:00,PRD_TES,3.0,1.0,43.3,1.0,156,Tesouro Direto,FD00568,C00156,2026-01-03,2026T1,Private,Tesouro Direto,Internet Banking,6-24 meses,9,Informacoes estavam faceis de encontrar,,,,,,,,,
156.0,2025-12-31 00:00:00,PRD_TES,3.0,1.0,43.3,1.0,156,Tesouro Direto,FDX00009,C00156,2025-12-22,2025T4,Private,Fundos,Internet Banking,6-24 meses,10,Atendimento claro e rapido,,,,,,,,,
157.0,2026-04-30 00:00:00,PRD_FND,7.0,0.0,21.3,0.0,157,Fundos,FD00845,C00157,2026-04-24,2026T2,Varejo,Fundos,Assessoria,6-24 meses,5,Informacoes divergentes sobre o produto,,,,,,,,,
158.0,2026-03-17 00:00:00,PRD_FND,5.0,0.0,11.9,0.0,158,Fundos,FD00441,C00158,2025-11-12,2025T4,Varejo,Fundos,App,0-6 meses,7,Demorou um pouco para encontrar informacoes,,,,,,,,,
158.0,2026-03-17 00:00:00,PRD_FND,5.0,0.0,11.9,0.0,158,Fundos,FD00580,C00158,2026-03-25,2026T1,Varejo,Fundos,App,2-5 anos,9,,,,,,,,,,
158.0,2025-11-20 00:00:00,PRD_FND,8.0,0.0,7.8,0.0,158,Fundos,FD00441,C00158,2025-11-12,2025T4,Varejo,Fundos,App,0-6 meses,7,Demorou um pouco para encontrar informacoes,,,,,,,,,
158.0,2025-11-20 00:00:00,PRD_FND,8.0,0.0,7.8,0.0,158,Fundos,FD00580,C00158,2026-03-25,2026T1,Varejo,Fundos,App,2-5 anos,9,,,,,,,,,,
159.0,2025-09-18 00:00:00,PRD_FND,11.0,0.0,16.6,0.0,159,Fundos,FD00028,C00159,2025-08-11,2025T3,Private,CDB,Internet Banking,6-24 meses,7,"Experiencia ok, mas poderia ser mais simples",159.0,08/10/2025,CDB,10,explicacao risco,Telefone,Reaberto,"Experiencia ok, mas poderia ser mais simples",CDB
159.0,2025-09-18 00:00:00,PRD_FND,11.0,0.0,16.6,0.0,159,Fundos,FD00119,C00159,2025-09-14,2025T3,Private,Fundos,App,0-6 meses,9,Boa experiencia no aplicativo,159.0,08/10/2025,CDB,10,explicacao risco,Telefone,Reaberto,"Experiencia ok, mas poderia ser mais simples",CDB
159.0,2025-09-18 00:00:00,PRD_FND,11.0,0.0,16.6,0.0,159,Fundos,FD00261,C00159,2025-10-08,2025T4,Private,CDB,App,6-24 meses,9,Assessoria ajudou na decisao,159.0,08/10/2025,CDB,10,explicacao risco,Telefone,Reaberto,"Experiencia ok, mas poderia ser mais simples",CDB
159.0,2025-09-18 00:00:00,PRD_FND,11.0,0.0,16.6,0.0,159,Fundos,FD00816,C00159,2026-04-19,2026T2,Private,Tesouro Direto,Assessoria,2-5 anos,10,Boa experiencia no aplicativo,159.0,08/10/2025,CDB,10,explicacao risco,Telefone,Reaberto,"Experiencia ok, mas poderia ser mais simples",CDB
159.0,2026-04-22 00:00:00,PRD_TES,7.0,0.0,37.6,0.0,159,Tesouro Direto,FD00028,C00159,2025-08-11,2025T3,Private,CDB,Internet Banking,6-24 meses,7,"Experiencia ok, mas poderia ser mais simples",159.0,08/10/2025,CDB,10,explicacao risco,Telefone,Reaberto,"Experiencia ok, mas poderia ser mais simples",CDB
159.0,2026-04-22 00:00:00,PRD_TES,7.0,0.0,37.6,0.0,159,Tesouro Direto,FD00119,C00159,2025-09-14,2025T3,Private,Fundos,App,0-6 meses,9,Boa experiencia no aplicativo,159.0,08/10/2025,CDB,10,explicacao risco,Telefone,Reaberto,"Experiencia ok, mas poderia ser mais simples",CDB
159.0,2026-04-22 00:00:00,PRD_TES,7.0,0.0,37.6,0.0,159,Tesouro Direto,FD00261,C00159,2025-10-08,2025T4,Private,CDB,App,6-24 meses,9,Assessoria ajudou na decisao,159.0,08/10/2025,CDB,10,explicacao risco,Telefone,Reaberto,"Experiencia ok, mas poderia ser mais simples",CDB
159.0,2026-04-22 00:00:00,PRD_TES,7.0,0.0,37.6,0.0,159,Tesouro Direto,FD00816,C00159,2026-04-19,2026T2,Private,Tesouro Direto,Assessoria,2-5 anos,10,Boa experiencia no aplicativo,159.0,08/10/2025,CDB,10,explicacao risco,Telefone,Reaberto,"Experiencia ok, mas poderia ser mais simples",CDB
159.0,2025-10-08 00:00:00-03:00,PRD_CDB,6.0,0.0,32.9,0.0,159,CDB,FD00028,C00159,2025-08-11,2025T3,Private,CDB,Internet Banking,6-24 meses,7,"Experiencia ok, mas poderia ser mais simples",159.0,08/10/2025,CDB,10,explicacao risco,Telefone,Reaberto,"Experiencia ok, mas poderia ser mais simples",CDB
159.0,2025-10-08 00:00:00-03:00,PRD_CDB,6.0,0.0,32.9,0.0,159,CDB,FD00119,C00159,2025-09-14,2025T3,Private,Fundos,App,0-6 meses,9,Boa experiencia no aplicativo,159.0,08/10/2025,CDB,10,explicacao risco,Telefone,Reaberto,"Experiencia ok, mas poderia ser mais simples",CDB
159.0,2025-10-08 00:00:00-03:00,PRD_CDB,6.0,0.0,32.9,0.0,159,CDB,FD00261,C00159,2025-10-08,2025T4,Private,CDB,App,6-24 meses,9,Assessoria ajudou na decisao,159.0,08/10/2025,CDB,10,explicacao risco,Telefone,Reaberto,"Experiencia ok, mas poderia ser mais simples",CDB
159.0,2025-10-08 00:00:00-03:00,PRD_CDB,6.0,0.0,32.9,0.0,159,CDB,FD00816,C00159,2026-04-19,2026T2,Private,Tesouro Direto,Assessoria,2-5 anos,10,Boa experiencia no aplicativo,159.0,08/10/2025,CDB,10,explicacao risco,Telefone,Reaberto,"Experiencia ok, mas poderia ser mais simples",CDB
159.0,2025-08-13 00:00:00,PRD_CDB,2.0,,11.1,0.0,159,CDB,FD00028,C00159,2025-08-11,2025T3,Private,CDB,Internet Banking,6-24 meses,7,"Experiencia ok, mas poderia ser mais simples",159.0,08/10/2025,CDB,10,explicacao risco,Telefone,Reaberto,"Experiencia ok, mas poderia ser mais simples",CDB
159.0,2025-08-13 00:00:00,PRD_CDB,2.0,,11.1,0.0,159,CDB,FD00119,C00159,2025-09-14,2025T3,Private,Fundos,App,0-6 meses,9,Boa experiencia no aplicativo,159.0,08/10/2025,CDB,10,explicacao risco,Telefone,Reaberto,"Experiencia ok, mas poderia ser mais simples",CDB
159.0,2025-08-13 00:00:00,PRD_CDB,2.0,,11.1,0.0,159,CDB,FD00261,C00159,2025-10-08,2025T4,Private,CDB,App,6-24 meses,9,Assessoria ajudou na decisao,159.0,08/10/2025,CDB,10,explicacao risco,Telefone,Reaberto,"Experiencia ok, mas poderia ser mais simples",CDB
159.0,2025-08-13 00:00:00,PRD_CDB,2.0,,11.1,0.0,159,CDB,FD00816,C00159,2026-04-19,2026T2,Private,Tesouro Direto,Assessoria,2-5 anos,10,Boa experiencia no aplicativo,159.0,08/10/2025,CDB,10,explicacao risco,Telefone,Reaberto,"Experiencia ok, mas poderia ser mais simples",CDB
160.0,2026-05-04 00:00:00,PRD_FND,1.0,1.0,26.8,0.0,160,Fundos,FD00751,C00160,2026-05-09,2026T2,Varejo,Fundos,Central de Atendimento,5+ anos,9,Atendimento claro e rapido,,,,,,,,,
161.0,2026-06-01 00:00:00,PRD_CAR,4.0,1.0,84.4,0.0,161,Carteira Administrada,FD00814,C00161,2026-05-28,2026T2,Alta Renda,Carteira Administrada,App,0-6 meses,10,Boa experiencia no aplicativo,161.0,28/05/2026,carteira administrada,10,cadastro,E-mail,Resolvido,Informacoes estavam faceis de encontrar,Carteira Administrada
,,,,,,,162,,FD00427,C00162,2025-10-29,2025T4,Varejo,Tesouro Direto,Assessoria,6-24 meses,4,Aplicativo travou durante consulta,162.0,01-Nov-25,TESOURO DIRETO,4,duvida rentabilidade,Telefone,Pendente,Consegui acompanhar minha carteira,Tesouro Direto
163.0,2025-07-13 00:00:00,PRD_CDB,4.0,0.0,16.5,0.0,163,CDB,FD00204,C00163,2025-07-16,2025T3,Varejo,CDB,Assessoria,0-6 meses,8,Demorou um pouco para encontrar informacoes,,,,,,,,,
165.0,2025-08-10 00:00:00-03:00,PRD_CAR,7.0,1.0,54.3,0.0,165,Carteira Administrada,FD00011,C00165,2025-08-16,2025T3,Private,Carteira Administrada,App,6-24 meses,10,Informacoes estavam faceis de encontrar,,,,,,,,,
165.0,2025-08-10 00:00:00-03:00,PRD_CAR,7.0,1.0,54.3,0.0,165,Carteira Administrada,FD00436,C00165,2025-12-26,2025T4,Private,Tesouro Direto,Internet Banking,5+ anos,9,,,,,,,,,,
165.0,2025-12-29 00:00:00,PRD_TES,10.0,0.0,24.3,0.0,165,Tesouro Direto,FD00011,C00165,2025-08-16,2025T3,Private,Carteira Administrada,App,6-24 meses,10,Informacoes estavam faceis de encontrar,,,,,,,,,
165.0,2025-12-29 00:00:00,PRD_TES,10.0,0.0,24.3,0.0,165,Tesouro Direto,FD00436,C00165,2025-12-26,2025T4,Private,Tesouro Direto,Internet Banking,5+ anos,9,,,,,,,,,,
166.0,2025-06-28 00:00:00,PRD_FND,7.0,0.0,32.6,0.0,166,Fundos,FD00122,C00166,2025-07-03,2025T3,Varejo,Fundos,Central de Atendimento,2-5 anos,9,Consegui acompanhar minha carteira,,,,,,,,,
166.0,2025-06-28 00:00:00,PRD_FND,7.0,0.0,32.6,0.0,166,Fundos,FD00541,C00166,2026-03-24,2026T1,Varejo,CDB,App,0-6 meses,7,Tive duvida sobre rentabilidade,,,,,,,,,
166.0,2025-06-28 00:00:00,PRD_FND,7.0,0.0,32.6,0.0,166,Fundos,FD00920,C00166,2026-04-02,2026T2,Varejo,Carteira Administrada,Internet Banking,6-24 meses,10,Informacoes estavam faceis de encontrar,,,,,,,,,
166.0,2026-03-17 00:00:00,PRD_CDB,10.0,0.0,14.5,0.0,166,CDB,FD00122,C00166,2025-07-03,2025T3,Varejo,Fundos,Central de Atendimento,2-5 anos,9,Consegui acompanhar minha carteira,,,,,,,,,
166.0,2026-03-17 00:00:00,PRD_CDB,10.0,0.0,14.5,0.0,166,CDB,FD00541,C00166,2026-03-24,2026T1,Varejo,CDB,App,0-6 meses,7,Tive duvida sobre rentabilidade,,,,,,,,,
166.0,2026-03-17 00:00:00,PRD_CDB,10.0,0.0,14.5,0.0,166,CDB,FD00920,C00166,2026-04-02,2026T2,Varejo,Carteira Administrada,Internet Banking,6-24 meses,10,Informacoes estavam faceis de encontrar,,,,,,,,,
167.0,2025-08-27 00:00:00,PRD_CAR,5.0,0.0,31.7,0.0,167,Carteira Administrada,FD00228,C00167,2025-09-02,2025T3,Alta Renda,Carteira Administrada,App,6-24 meses,10,Consegui acompanhar minha carteira,,,,,,,,,
168.0,2025-12-08 00:00:00,PRD_TES,8.0,0.0,28.5,0.0,168,Tesouro Direto,FD00326,C00168,2025-12-12,2025T4,Private,Tesouro Direto,Internet Banking,2-5 anos,6,Nao entendi a cobranca,,,,,,,,,
168.0,2025-12-08 00:00:00,PRD_TES,8.0,0.0,28.5,0.0,168,Tesouro Direto,FD00954,C00168,2026-06-07,2026T2,Private,Carteira Administrada,Assessoria,2-5 anos,10,Atendimento claro e rapido,,,,,,,,,
168.0,2025-12-08 00:00:00,PRD_TES,8.0,0.0,28.5,0.0,168,Tesouro Direto,FD00965,C00168,2026-06-04,2026T2,Private,Carteira Administrada,App,0-6 meses,10,Boa experiencia no aplicativo,,,,,,,,,
168.0,2025-12-08 00:00:00,PRD_TES,8.0,0.0,28.5,0.0,168,Tesouro Direto,FDX00004,C00168,2025-12-13,2025T4,Private,Tesouro Direto,Internet Banking,2-5 anos,6,,,,,,,,,,
168.0,2026-05-30 00:00:00,PRD_CAR,7.0,1.0,77.0,0.0,168,Carteira Administrada,FD00326,C00168,2025-12-12,2025T4,Private,Tesouro Direto,Internet Banking,2-5 anos,6,Nao entendi a cobranca,,,,,,,,,
168.0,2026-05-30 00:00:00,PRD_CAR,7.0,1.0,77.0,0.0,168,Carteira Administrada,FD00954,C00168,2026-06-07,2026T2,Private,Carteira Administrada,Assessoria,2-5 anos,10,Atendimento claro e rapido,,,,,,,,,
168.0,2026-05-30 00:00:00,PRD_CAR,7.0,1.0,77.0,0.0,168,Carteira Administrada,FD00965,C00168,2026-06-04,2026T2,Private,Carteira Administrada,App,0-6 meses,10,Boa experiencia no aplicativo,,,,,,,,,
168.0,2026-05-30 00:00:00,PRD_CAR,7.0,1.0,77.0,0.0,168,Carteira Administrada,FDX00004,C00168,2025-12-13,2025T4,Private,Tesouro Direto,Internet Banking,2-5 anos,6,,,,,,,,,,
168.0,2026-06-12 00:00:00,PRD_CAR,4.0,3.0,103.3,0.0,168,Carteira Administrada,FD00326,C00168,2025-12-12,2025T4,Private,Tesouro Direto,Internet Banking,2-5 anos,6,Nao entendi a cobranca,,,,,,,,,
168.0,2026-06-12 00:00:00,PRD_CAR,4.0,3.0,103.3,0.0,168,Carteira Administrada,FD00954,C00168,2026-06-07,2026T2,Private,Carteira Administrada,Assessoria,2-5 anos,10,Atendimento claro e rapido,,,,,,,,,
168.0,2026-06-12 00:00:00,PRD_CAR,4.0,3.0,103.3,0.0,168,Carteira Administrada,FD00965,C00168,2026-06-04,2026T2,Private,Carteira Administrada,App,0-6 meses,10,Boa experiencia no aplicativo,,,,,,,,,
168.0,2026-06-12 00:00:00,PRD_CAR,4.0,3.0,103.3,0.0,168,Carteira Administrada,FDX00004,C00168,2025-12-13,2025T4,Private,Tesouro Direto,Internet Banking,2-5 anos,6,,,,,,,,,,
169.0,2025-07-17 00:00:00,PRD_TES,7.0,,33.9,0.0,169,Tesouro Direto,FD00156,C00169,2025-08-11,2025T3,Private,CDB,App,6-24 meses,10,Consegui acompanhar minha carteira,,,,,,,,,
169.0,2025-07-17 00:00:00,PRD_TES,7.0,,33.9,0.0,169,Tesouro Direto,FD00180,C00169,2025-07-21,2025T3,Private,Tesouro Direto,Central de Atendimento,0-6 meses,9,Consegui acompanhar minha carteira,,,,,,,,,
169.0,2025-07-17 00:00:00,PRD_TES,7.0,,33.9,0.0,169,Tesouro Direto,FD00624,C00169,2026-03-30,2026T1,Private,Fundos,App,6-24 meses,10,Atendimento claro e rapido,,,,,,,,,
169.0,2026-03-26 00:00:00,PRD_FND,6.0,0.0,10.9,1.0,169,Fundos,FD00156,C00169,2025-08-11,2025T3,Private,CDB,App,6-24 meses,10,Consegui acompanhar minha carteira,,,,,,,,,
169.0,2026-03-26 00:00:00,PRD_FND,6.0,0.0,10.9,1.0,169,Fundos,FD00180,C00169,2025-07-21,2025T3,Private,Tesouro Direto,Central de Atendimento,0-6 meses,9,Consegui acompanhar minha carteira,,,,,,,,,
169.0,2026-03-26 00:00:00,PRD_FND,6.0,0.0,10.9,1.0,169,Fundos,FD00624,C00169,2026-03-30,2026T1,Private,Fundos,App,6-24 meses,10,Atendimento claro e rapido,,,,,,,,,
170.0,2026-06-05 00:00:00,PRD_CDB,8.0,0.0,8.6,0.0,170,CDB,FD00881,C00170,2026-06-03,2026T2,Varejo,CDB,App,6-24 meses,9,Atendimento claro e rapido,170.0,06/06/2026,C.D.B.,9,reclamacao atendimento,Telefone,Resolvido,Informacoes divergentes sobre o produto,CDB
172.0,2025-09-30 00:00:00,PRD_CAR,6.0,1.0,32.5,0.0,172,Carteira Administrada,FD00179,C00172,2025-09-30,2025T3,Private,Carteira Administrada,App,2-5 anos,9,Consegui acompanhar minha carteira,,,,,,,,,
173.0,2025-12-13 00:00:00,PRD_TES,4.0,0.0,20.6,0.0,173,Tesouro Direto,FD00389,C00173,2025-12-20,2025T4,Alta Renda,Tesouro Direto,App,5+ anos,3,Demora para resolver meu problema,,,,,,,,,
174.0,2025-12-17 00:00:00,PRD_FND,6.0,0.0,18.1,0.0,174,Fundos,FD00107,C00174,2025-09-26,2025T3,Private,Tesouro Direto,App,6-24 meses,9,Informacoes estavam faceis de encontrar,174.0,21/12/2025,Fundos,10,reclamacao atendimento,E-mail,Resolvido,Assessoria ajudou na decisao,Fundos
174.0,2025-12-17 00:00:00,PRD_FND,6.0,0.0,18.1,0.0,174,Fundos,FD00424,C00174,2025-12-18,2025T4,Private,Fundos,Assessoria,2-5 anos,10,Consegui acompanhar minha carteira,174.0,21/12/2025,Fundos,10,reclamacao atendimento,E-mail,Resolvido,Assessoria ajudou na decisao,Fundos
,,,,,,,175,,FD00754,C00175,2026-05-01,2026T2,Varejo,Carteira Administrada,Assessoria,2-5 anos,10,Consegui acompanhar minha carteira,,,,,,,,,
,,,,,,,176,,FD00611,C00176,2026-02-24,2026T1,Private,Carteira Administrada,App,2-5 anos,7,"Atendimento resolveu, mas demorou",,,,,,,,,
178.0,2026-02-03 00:00:00,PRD_CAR,4.0,0.0,32.2,0.0,178,Carteira Administrada,FD00075,C00178,2025-08-11,2025T3,Alta Renda,Carteira Administrada,Internet Banking,5+ anos,9,Boa experiencia no aplicativo,,,,,,,,,
178.0,2026-02-03 00:00:00,PRD_CAR,4.0,0.0,32.2,0.0,178,Carteira Administrada,FD00338,C00178,2025-10-04,2025T4,Alta Renda,Fundos,App,5+ anos,10,Atendimento claro e rapido,,,,,,,,,
178.0,2026-02-03 00:00:00,PRD_CAR,4.0,0.0,32.2,0.0,178,Carteira Administrada,FD00556,C00178,2026-02-04,2026T1,Alta Renda,Carteira Administrada,App,2-5 anos,9,Assessoria ajudou na decisao,,,,,,,,,
178.0,2026-02-03 00:00:00,PRD_CAR,4.0,0.0,32.2,0.0,178,Carteira Administrada,FD00759,C00178,2026-06-02,2026T2,Alta Renda,Tesouro Direto,Internet Banking,0-6 meses,9,Boa experiencia no aplicativo,,,,,,,,,
178.0,2025-08-13 00:00:00,PRD_CAR,7.0,0.0,53.7,0.0,178,Carteira Administrada,FD00075,C00178,2025-08-11,2025T3,Alta Renda,Carteira Administrada,Internet Banking,5+ anos,9,Boa experiencia no aplicativo,,,,,,,,,
178.0,2025-08-13 00:00:00,PRD_CAR,7.0,0.0,53.7,0.0,178,Carteira Administrada,FD00338,C00178,2025-10-04,2025T4,Alta Renda,Fundos,App,5+ anos,10,Atendimento claro e rapido,,,,,,,,,
178.0,2025-08-13 00:00:00,PRD_CAR,7.0,0.0,53.7,0.0,178,Carteira Administrada,FD00556,C00178,2026-02-04,2026T1,Alta Renda,Carteira Administrada,App,2-5 anos,9,Assessoria ajudou na decisao,,,,,,,,,
178.0,2025-08-13 00:00:00,PRD_CAR,7.0,0.0,53.7,0.0,178,Carteira Administrada,FD00759,C00178,2026-06-02,2026T2,Alta Renda,Tesouro Direto,Internet Banking,0-6 meses,9,Boa experiencia no aplicativo,,,,,,,,,
178.0,2025-10-05 00:00:00,PRD_FND,9.0,1.0,15.5,0.0,178,Fundos,FD00075,C00178,2025-08-11,2025T3,Alta Renda,Carteira Administrada,Internet Banking,5+ anos,9,Boa experiencia no aplicativo,,,,,,,,,
178.0,2025-10-05 00:00:00,PRD_FND,9.0,1.0,15.5,0.0,178,Fundos,FD00338,C00178,2025-10-04,2025T4,Alta Renda,Fundos,App,5+ anos,10,Atendimento claro e rapido,,,,,,,,,
178.0,2025-10-05 00:00:00,PRD_FND,9.0,1.0,15.5,0.0,178,Fundos,FD00556,C00178,2026-02-04,2026T1,Alta Renda,Carteira Administrada,App,2-5 anos,9,Assessoria ajudou na decisao,,,,,,,,,
178.0,2025-10-05 00:00:00,PRD_FND,9.0,1.0,15.5,0.0,178,Fundos,FD00759,C00178,2026-06-02,2026T2,Alta Renda,Tesouro Direto,Internet Banking,0-6 meses,9,Boa experiencia no aplicativo,,,,,,,,,
178.0,2026-05-29 00:00:00,PRD_TES,2.0,0.0,37.8,0.0,178,Tesouro Direto,FD00075,C00178,2025-08-11,2025T3,Alta Renda,Carteira Administrada,Internet Banking,5+ anos,9,Boa experiencia no aplicativo,,,,,,,,,
178.0,2026-05-29 00:00:00,PRD_TES,2.0,0.0,37.8,0.0,178,Tesouro Direto,FD00338,C00178,2025-10-04,2025T4,Alta Renda,Fundos,App,5+ anos,10,Atendimento claro e rapido,,,,,,,,,
178.0,2026-05-29 00:00:00,PRD_TES,2.0,0.0,37.8,0.0,178,Tesouro Direto,FD00556,C00178,2026-02-04,2026T1,Alta Renda,Carteira Administrada,App,2-5 anos,9,Assessoria ajudou na decisao,,,,,,,,,
178.0,2026-05-29 00:00:00,PRD_TES,2.0,0.0,37.8,0.0,178,Tesouro Direto,FD00759,C00178,2026-06-02,2026T2,Alta Renda,Tesouro Direto,Internet Banking,0-6 meses,9,Boa experiencia no aplicativo,,,,,,,,,
179.0,2026-05-31 00:00:00,PRD_CDB,3.0,0.0,13.7,0.0,179,CDB,FD00792,C00179,2026-05-23,2026T2,Novo Investidor,CDB,Internet Banking,6-24 meses,10,Consegui acompanhar minha carteira,179.0,2026-05-20,C.D.B.,10,reclamacao atendimento,Chat,Resolvido,,CDB
180.0,2025-09-23 00:00:00,PRD_CAR,5.0,0.0,48.7,0.0,180,Carteira Administrada,FD00056,C00180,2025-08-28,2025T3,Private,COE,Assessoria,5+ anos,10,Boa experiencia no aplicativo,,,,,,,,,
180.0,2025-09-23 00:00:00,PRD_CAR,5.0,0.0,48.7,0.0,180,Carteira Administrada,FD00209,C00180,2025-09-14,2025T3,Private,Carteira Administrada,App,2-5 anos,9,Boa experiencia no aplicativo,,,,,,,,,
180.0,2025-09-02 00:00:00,PRD_COE,7.0,1.0,36.5,1.0,180,COE,FD00056,C00180,2025-08-28,2025T3,Private,COE,Assessoria,5+ anos,10,Boa experiencia no aplicativo,,,,,,,,,
180.0,2025-09-02 00:00:00,PRD_COE,7.0,1.0,36.5,1.0,180,COE,FD00209,C00180,2025-09-14,2025T3,Private,Carteira Administrada,App,2-5 anos,9,Boa experiencia no aplicativo,,,,,,,,,
181.0,2026-06-15 00:00:00,PRD_TES,3.0,0.0,7.7,0.0,181,Tesouro Direto,FD00901,C00181,2026-06-20,2026T2,Alta Renda,Tesouro Direto,Internet Banking,0-6 meses,9,Atendimento claro e rapido,,,,,,,,,
183.0,2026-05-21 00:00:00,PRD_CAR,6.0,0.0,79.3,1.0,183,Carteira Administrada,FD00986,C00183,2026-05-22,2026T2,Novo Investidor,Carteira Administrada,Assessoria,0-6 meses,7,Tive duvida sobre rentabilidade,,,,,,,,,
184.0,2026-06-28 00:00:00,PRD_COE,7.0,0.0,11.6,0.0,184,COE,FD00838,C00184,2026-04-11,2026T2,Varejo,CDB,App,2-5 anos,10,Informacoes estavam faceis de encontrar,184.0,01/07/2026,C.O.E.,10,duvida rentabilidade,E-mail,Resolvido,"Atendimento resolveu, mas demorou",COE
184.0,2026-06-28 00:00:00,PRD_COE,7.0,0.0,11.6,0.0,184,COE,FD00902,C00184,2026-06-28,2026T2,Varejo,COE,App,2-5 anos,10,Atendimento claro e rapido,184.0,01/07/2026,C.O.E.,10,duvida rentabilidade,E-mail,Resolvido,"Atendimento resolveu, mas demorou",COE
184.0,2026-04-09 00:00:00,PRD_CDB,9.0,0.0,1.0,0.0,184,CDB,FD00838,C00184,2026-04-11,2026T2,Varejo,CDB,App,2-5 anos,10,Informacoes estavam faceis de encontrar,184.0,01/07/2026,C.O.E.,10,duvida rentabilidade,E-mail,Resolvido,"Atendimento resolveu, mas demorou",COE
184.0,2026-04-09 00:00:00,PRD_CDB,9.0,0.0,1.0,0.0,184,CDB,FD00902,C00184,2026-06-28,2026T2,Varejo,COE,App,2-5 anos,10,Atendimento claro e rapido,184.0,01/07/2026,C.O.E.,10,duvida rentabilidade,E-mail,Resolvido,"Atendimento resolveu, mas demorou",COE
185.0,2026-02-12 00:00:00,PRD_TES,10.0,0.0,1.0,0.0,185,Tesouro Direto,FD00566,C00185,2026-02-11,2026T1,Private,Tesouro Direto,App,2-5 anos,10,Informacoes estavam faceis de encontrar,,,,,,,,,
185.0,2026-02-12 00:00:00,PRD_TES,10.0,0.0,1.0,0.0,185,Tesouro Direto,FD00566,C00185,2026-02-11,2026T1,Private,Tesouro Direto,App,2-5 anos,10,Informacoes estavam faceis de encontrar,,,,,,,,,
,,,,,,,188,,FD00723,C00188,2026-06-25,2026T2,Alta Renda,Tesouro Direto,Assessoria,2-5 anos,10,Consegui acompanhar minha carteira,188.0,06-25-2026,Tesouro,10,reclamacao atendimento,Chat,Pendente,Aplicativo travou durante consulta,Tesouro Direto
191.0,2026-04-22 00:00:00,PRD_TES,5.0,0.0,34.3,0.0,191,Tesouro Direto,FD00868,C00191,2026-04-12,2026T2,Private,Tesouro Direto,Central de Atendimento,0-6 meses,10,Consegui acompanhar minha carteira,191.0,09/04/2026,Tesouro,10,resgate,Chat,Resolvido,"Experiencia ok, mas poderia ser mais simples",Tesouro Direto
191.0,2026-04-22 00:00:00,PRD_TES,5.0,0.0,34.3,0.0,191,Tesouro Direto,FD00966,C00191,2026-06-15,2026T2,Private,Carteira Administrada,Assessoria,2-5 anos,9,Assessoria ajudou na decisao,191.0,09/04/2026,Tesouro,10,resgate,Chat,Resolvido,"Experiencia ok, mas poderia ser mais simples",Tesouro Direto
191.0,2026-06-20 00:00:00,PRD_CAR,8.0,0.0,59.7,0.0,191,Carteira Administrada,FD00868,C00191,2026-04-12,2026T2,Private,Tesouro Direto,Central de Atendimento,0-6 meses,10,Consegui acompanhar minha carteira,191.0,09/04/2026,Tesouro,10,resgate,Chat,Resolvido,"Experiencia ok, mas poderia ser mais simples",Tesouro Direto
191.0,2026-06-20 00:00:00,PRD_CAR,8.0,0.0,59.7,0.0,191,Carteira Administrada,FD00966,C00191,2026-06-15,2026T2,Private,Carteira Administrada,Assessoria,2-5 anos,9,Assessoria ajudou na decisao,191.0,09/04/2026,Tesouro,10,resgate,Chat,Resolvido,"Experiencia ok, mas poderia ser mais simples",Tesouro Direto
192.0,2026-01-27 00:00:00,PRD_CDB,6.0,0.0,37.0,0.0,192,CDB,FD00576,C00192,2026-01-24,2026T1,Novo Investidor,CDB,App,2-5 anos,9,Boa experiencia no aplicativo,192.0,27/01/2026,CDB,9,extrato,Telefone,Reaberto,,CDB
195.0,2025-10-12 00:00:00,PRD_CAR,12.0,0.0,30.7,0.0,195,Carteira Administrada,FD00048,C00195,2025-07-08,2025T3,Alta Renda,Tesouro Direto,App,5+ anos,9,Assessoria ajudou na decisao,195.0,06/07/2025,TESOURO DIRETO,8,reclamacao atendimento,E-mail,Resolvido,Informacoes estavam faceis de encontrar,Tesouro Direto
195.0,2025-10-12 00:00:00,PRD_CAR,12.0,0.0,30.7,0.0,195,Carteira Administrada,FD00164,C00195,2025-09-03,2025T3,Alta Renda,CDB,Central de Atendimento,5+ anos,10,Informacoes estavam faceis de encontrar,195.0,06/07/2025,TESOURO DIRETO,8,reclamacao atendimento,E-mail,Resolvido,Informacoes estavam faceis de encontrar,Tesouro Direto
195.0,2025-10-12 00:00:00,PRD_CAR,12.0,0.0,30.7,0.0,195,Carteira Administrada,FD00249,C00195,2025-10-14,2025T4,Alta Renda,Carteira Administrada,App,5+ anos,9,Informacoes estavam faceis de encontrar,195.0,06/07/2025,TESOURO DIRETO,8,reclamacao atendimento,E-mail,Resolvido,Informacoes estavam faceis de encontrar,Tesouro Direto
195.0,2025-10-12 00:00:00,PRD_CAR,12.0,0.0,30.7,0.0,195,Carteira Administrada,FD00289,C00195,2025-10-11,2025T4,Alta Renda,Fundos,App,6-24 meses,6,Nao entendi a cobranca,195.0,06/07/2025,TESOURO DIRETO,8,reclamacao atendimento,E-mail,Resolvido,Informacoes estavam faceis de encontrar,Tesouro Direto
195.0,2025-10-12 00:00:00,PRD_CAR,12.0,0.0,30.7,0.0,195,Carteira Administrada,FD00724,C00195,2026-05-29,2026T2,Alta Renda,Carteira Administrada,App,6-24 meses,7,Tive duvida sobre rentabilidade,195.0,06/07/2025,TESOURO DIRETO,8,reclamacao atendimento,E-mail,Resolvido,Informacoes estavam faceis de encontrar,Tesouro Direto
195.0,2025-10-21 00:00:00,PRD_FND,9.0,0.0,21.1,0.0,195,Fundos,FD00048,C00195,2025-07-08,2025T3,Alta Renda,Tesouro Direto,App,5+ anos,9,Assessoria ajudou na decisao,195.0,06/07/2025,TESOURO DIRETO,8,reclamacao atendimento,E-mail,Resolvido,Informacoes estavam faceis de encontrar,Tesouro Direto
195.0,2025-10-21 00:00:00,PRD_FND,9.0,0.0,21.1,0.0,195,Fundos,FD00164,C00195,2025-09-03,2025T3,Alta Renda,CDB,Central de Atendimento,5+ anos,10,Informacoes estavam faceis de encontrar,195.0,06/07/2025,TESOURO DIRETO,8,reclamacao atendimento,E-mail,Resolvido,Informacoes estavam faceis de encontrar,Tesouro Direto
195.0,2025-10-21 00:00:00,PRD_FND,9.0,0.0,21.1,0.0,195,Fundos,FD00249,C00195,2025-10-14,2025T4,Alta Renda,Carteira Administrada,App,5+ anos,9,Informacoes estavam faceis de encontrar,195.0,06/07/2025,TESOURO DIRETO,8,reclamacao atendimento,E-mail,Resolvido,Informacoes estavam faceis de encontrar,Tesouro Direto
195.0,2025-10-21 00:00:00,PRD_FND,9.0,0.0,21.1,0.0,195,Fundos,FD00289,C00195,2025-10-11,2025T4,Alta Renda,Fundos,App,6-24 meses,6,Nao entendi a cobranca,195.0,06/07/2025,TESOURO DIRETO,8,reclamacao atendimento,E-mail,Resolvido,Informacoes estavam faceis de encontrar,Tesouro Direto
195.0,2025-10-21 00:00:00,PRD_FND,9.0,0.0,21.1,0.0,195,Fundos,FD00724,C00195,2026-05-29,2026T2,Alta Renda,Carteira Administrada,App,6-24 meses,7,Tive duvida sobre rentabilidade,195.0,06/07/2025,TESOURO DIRETO,8,reclamacao atendimento,E-mail,Resolvido,Informacoes estavam faceis de encontrar,Tesouro Direto
195.0,2025-07-05 00:00:00,PRD_TES,17.0,0.0,11.0,0.0,195,Tesouro Direto,FD00048,C00195,2025-07-08,2025T3,Alta Renda,Tesouro Direto,App,5+ anos,9,Assessoria ajudou na decisao,195.0,06/07/2025,TESOURO DIRETO,8,reclamacao atendimento,E-mail,Resolvido,Informacoes estavam faceis de encontrar,Tesouro Direto
195.0,2025-07-05 00:00:00,PRD_TES,17.0,0.0,11.0,0.0,195,Tesouro Direto,FD00164,C00195,2025-09-03,2025T3,Alta Renda,CDB,Central de Atendimento,5+ anos,10,Informacoes estavam faceis de encontrar,195.0,06/07/2025,TESOURO DIRETO,8,reclamacao atendimento,E-mail,Resolvido,Informacoes estavam faceis de encontrar,Tesouro Direto
195.0,2025-07-05 00:00:00,PRD_TES,17.0,0.0,11.0,0.0,195,Tesouro Direto,FD00249,C00195,2025-10-14,2025T4,Alta Renda,Carteira Administrada,App,5+ anos,9,Informacoes estavam faceis de encontrar,195.0,06/07/2025,TESOURO DIRETO,8,reclamacao atendimento,E-mail,Resolvido,Informacoes estavam faceis de encontrar,Tesouro Direto
195.0,2025-07-05 00:00:00,PRD_TES,17.0,0.0,11.0,0.0,195,Tesouro Direto,FD00289,C00195,2025-10-11,2025T4,Alta Renda,Fundos,App,6-24 meses,6,Nao entendi a cobranca,195.0,06/07/2025,TESOURO DIRETO,8,reclamacao atendimento,E-mail,Resolvido,Informacoes estavam faceis de encontrar,Tesouro Direto
195.0,2025-07-05 00:00:00,PRD_TES,17.0,0.0,11.0,0.0,195,Tesouro Direto,FD00724,C00195,2026-05-29,2026T2,Alta Renda,Carteira Administrada,App,6-24 meses,7,Tive duvida sobre rentabilidade,195.0,06/07/2025,TESOURO DIRETO,8,reclamacao atendimento,E-mail,Resolvido,Informacoes estavam faceis de encontrar,Tesouro Direto
195.0,2025-09-12 00:00:00,PRD_CDB,2.0,0.0,15.2,0.0,195,CDB,FD00048,C00195,2025-07-08,2025T3,Alta Renda,Tesouro Direto,App,5+ anos,9,Assessoria ajudou na decisao,195.0,06/07/2025,TESOURO DIRETO,8,reclamacao atendimento,E-mail,Resolvido,Informacoes estavam faceis de encontrar,Tesouro Direto
195.0,2025-09-12 00:00:00,PRD_CDB,2.0,0.0,15.2,0.0,195,CDB,FD00164,C00195,2025-09-03,2025T3,Alta Renda,CDB,Central de Atendimento,5+ anos,10,Informacoes estavam faceis de encontrar,195.0,06/07/2025,TESOURO DIRETO,8,reclamacao atendimento,E-mail,Resolvido,Informacoes estavam faceis de encontrar,Tesouro Direto
195.0,2025-09-12 00:00:00,PRD_CDB,2.0,0.0,15.2,0.0,195,CDB,FD00249,C00195,2025-10-14,2025T4,Alta Renda,Carteira Administrada,App,5+ anos,9,Informacoes estavam faceis de encontrar,195.0,06/07/2025,TESOURO DIRETO,8,reclamacao atendimento,E-mail,Resolvido,Informacoes estavam faceis de encontrar,Tesouro Direto
195.0,2025-09-12 00:00:00,PRD_CDB,2.0,0.0,15.2,0.0,195,CDB,FD00289,C00195,2025-10-11,2025T4,Alta Renda,Fundos,App,6-24 meses,6,Nao entendi a cobranca,195.0,06/07/2025,TESOURO DIRETO,8,reclamacao atendimento,E-mail,Resolvido,Informacoes estavam faceis de encontrar,Tesouro Direto
195.0,2025-09-12 00:00:00,PRD_CDB,2.0,0.0,15.2,0.0,195,CDB,FD00724,C00195,2026-05-29,2026T2,Alta Renda,Carteira Administrada,App,6-24 meses,7,Tive duvida sobre rentabilidade,195.0,06/07/2025,TESOURO DIRETO,8,reclamacao atendimento,E-mail,Resolvido,Informacoes estavam faceis de encontrar,Tesouro Direto
195.0,2026-05-19 00:00:00,PRD_CAR,9.0,0.0,57.4,0.0,195,Carteira Administrada,FD00048,C00195,2025-07-08,2025T3,Alta Renda,Tesouro Direto,App,5+ anos,9,Assessoria ajudou na decisao,195.0,06/07/2025,TESOURO DIRETO,8,reclamacao atendimento,E-mail,Resolvido,Informacoes estavam faceis de encontrar,Tesouro Direto
195.0,2026-05-19 00:00:00,PRD_CAR,9.0,0.0,57.4,0.0,195,Carteira Administrada,FD00164,C00195,2025-09-03,2025T3,Alta Renda,CDB,Central de Atendimento,5+ anos,10,Informacoes estavam faceis de encontrar,195.0,06/07/2025,TESOURO DIRETO,8,reclamacao atendimento,E-mail,Resolvido,Informacoes estavam faceis de encontrar,Tesouro Direto
195.0,2026-05-19 00:00:00,PRD_CAR,9.0,0.0,57.4,0.0,195,Carteira Administrada,FD00249,C00195,2025-10-14,2025T4,Alta Renda,Carteira Administrada,App,5+ anos,9,Informacoes estavam faceis de encontrar,195.0,06/07/2025,TESOURO DIRETO,8,reclamacao atendimento,E-mail,Resolvido,Informacoes estavam faceis de encontrar,Tesouro Direto
195.0,2026-05-19 00:00:00,PRD_CAR,9.0,0.0,57.4,0.0,195,Carteira Administrada,FD00289,C00195,2025-10-11,2025T4,Alta Renda,Fundos,App,6-24 meses,6,Nao entendi a cobranca,195.0,06/07/2025,TESOURO DIRETO,8,reclamacao atendimento,E-mail,Resolvido,Informacoes estavam faceis de encontrar,Tesouro Direto
195.0,2026-05-19 00:00:00,PRD_CAR,9.0,0.0,57.4,0.0,195,Carteira Administrada,FD00724,C00195,2026-05-29,2026T2,Alta Renda,Carteira Administrada,App,6-24 meses,7,Tive duvida sobre rentabilidade,195.0,06/07/2025,TESOURO DIRETO,8,reclamacao atendimento,E-mail,Resolvido,Informacoes estavam faceis de encontrar,Tesouro Direto
196.0,2026-01-08 00:00:00,PRD_FND,12.0,0.0,24.0,0.0,196,Fundos,FD00626,C00196,2026-01-18,2026T1,Alta Renda,Fundos,App,2-5 anos,8,Tive duvida sobre rentabilidade,196.0,2026-01-17,Fundo,9,explicacao risco,E-mail,Resolvido,Atendimento claro e rapido,Fundos
196.0,2026-01-08 00:00:00,PRD_FND,12.0,0.0,24.0,0.0,196,Fundos,FD00662,C00196,2026-01-30,2026T1,Alta Renda,CDB,App,6-24 meses,10,Assessoria ajudou na decisao,196.0,2026-01-17,Fundo,9,explicacao risco,E-mail,Resolvido,Atendimento claro e rapido,Fundos
196.0,2026-02-06 00:00:00,PRD_CDB,9.0,,32.4,1.0,196,CDB,FD00626,C00196,2026-01-18,2026T1,Alta Renda,Fundos,App,2-5 anos,8,Tive duvida sobre rentabilidade,196.0,2026-01-17,Fundo,9,explicacao risco,E-mail,Resolvido,Atendimento claro e rapido,Fundos
196.0,2026-02-06 00:00:00,PRD_CDB,9.0,,32.4,1.0,196,CDB,FD00662,C00196,2026-01-30,2026T1,Alta Renda,CDB,App,6-24 meses,10,Assessoria ajudou na decisao,196.0,2026-01-17,Fundo,9,explicacao risco,E-mail,Resolvido,Atendimento claro e rapido,Fundos
196.0,2026-01-08 00:00:00,PRD_FND,12.0,0.0,24.0,0.0,196,Fundos,FD00626,C00196,2026-01-18,2026T1,Alta Renda,Fundos,App,2-5 anos,8,Tive duvida sobre rentabilidade,196.0,2026-01-17,Fundo,9,explicacao risco,E-mail,Resolvido,Atendimento claro e rapido,Fundos
196.0,2026-01-08 00:00:00,PRD_FND,12.0,0.0,24.0,0.0,196,Fundos,FD00662,C00196,2026-01-30,2026T1,Alta Renda,CDB,App,6-24 meses,10,Assessoria ajudou na decisao,196.0,2026-01-17,Fundo,9,explicacao risco,E-mail,Resolvido,Atendimento claro e rapido,Fundos
197.0,2026-05-31 00:00:00,PRD_CDB,3.0,0.0,10.7,0.0,197,CDB,FD00864,C00197,2026-05-27,2026T2,Varejo,CDB,Internet Banking,6-24 meses,10,Boa experiencia no aplicativo,197.0,2026-05-29,cdb,10,cadastro,Agencia,Resolvido,"Atendimento resolveu, mas demorou",CDB
198.0,2025-12-27 00:00:00,PRD_TES,14.0,1.0,35.7,0.0,198,Tesouro Direto,FD00495,C00198,2026-01-04,2026T1,Novo Investidor,Tesouro Direto,App,2-5 anos,8,Aplicativo poderia explicar melhor,,,,,,,,,
200.0,2026-04-08 00:00:00,PRD_COE,6.0,0.0,11.9,0.0,200,COE,FD00302,C00200,2025-10-17,2025T4,Varejo,CDB,App,2-5 anos,5,Nao consegui falar com assessor,,,,,,,,,
200.0,2026-04-08 00:00:00,PRD_COE,6.0,0.0,11.9,0.0,200,COE,FD00303,C00200,2025-10-31,2025T4,Varejo,Fundos,App,6-24 meses,9,Consegui acompanhar minha carteira,,,,,,,,,
200.0,2026-04-08 00:00:00,PRD_COE,6.0,0.0,11.9,0.0,200,COE,FD00750,C00200,2026-04-03,2026T2,Varejo,COE,Assessoria,2-5 anos,9,Consegui acompanhar minha carteira,,,,,,,,,
200.0,2025-10-24 00:00:00,PRD_CDB,8.0,2.0,39.4,0.0,200,CDB,FD00302,C00200,2025-10-17,2025T4,Varejo,CDB,App,2-5 anos,5,Nao consegui falar com assessor,,,,,,,,,
200.0,2025-10-24 00:00:00,PRD_CDB,8.0,2.0,39.4,0.0,200,CDB,FD00303,C00200,2025-10-31,2025T4,Varejo,Fundos,App,6-24 meses,9,Consegui acompanhar minha carteira,,,,,,,,,
200.0,2025-10-24 00:00:00,PRD_CDB,8.0,2.0,39.4,0.0,200,CDB,FD00750,C00200,2026-04-03,2026T2,Varejo,COE,Assessoria,2-5 anos,9,Consegui acompanhar minha carteira,,,,,,,,,
200.0,2025-11-01 00:00:00,PRD_FND,9.0,0.0,19.1,0.0,200,Fundos,FD00302,C00200,2025-10-17,2025T4,Varejo,CDB,App,2-5 anos,5,Nao consegui falar com assessor,,,,,,,,,
200.0,2025-11-01 00:00:00,PRD_FND,9.0,0.0,19.1,0.0,200,Fundos,FD00303,C00200,2025-10-31,2025T4,Varejo,Fundos,App,6-24 meses,9,Consegui acompanhar minha carteira,,,,,,,,,
200.0,2025-11-01 00:00:00,PRD_FND,9.0,0.0,19.1,0.0,200,Fundos,FD00750,C00200,2026-04-03,2026T2,Varejo,COE,Assessoria,2-5 anos,9,Consegui acompanhar minha carteira,,,,,,,,,
201.0,2025-09-14 00:00:00,PRD_TES,4.0,0.0,2.6,0.0,201,Tesouro Direto,FD00212,C00201,2025-09-08,2025T3,Varejo,Tesouro Direto,Internet Banking,5+ anos,7,"Experiencia ok, mas poderia ser mais simples",201.0,07/09/2025,tesouro direto,8,duvida rentabilidade,Telefone,Resolvido,"Atendimento resolveu, mas demorou",Tesouro Direto
201.0,2025-09-14 00:00:00,PRD_TES,4.0,0.0,2.6,0.0,201,Tesouro Direto,FD00212,C00201,2025-09-08,2025T3,Varejo,Tesouro Direto,Internet Banking,5+ anos,7,"Experiencia ok, mas poderia ser mais simples",201.0,23/12/2025,cdb,10,resgate,Chat,Resolvido,"Experiencia ok, mas poderia ser mais simples",CDB
201.0,2025-09-14 00:00:00,PRD_TES,4.0,0.0,2.6,0.0,201,Tesouro Direto,FD00255,C00201,2025-12-24,2025T4,Varejo,CDB,App,2-5 anos,10,Boa experiencia no aplicativo,201.0,07/09/2025,tesouro direto,8,duvida rentabilidade,Telefone,Resolvido,"Atendimento resolveu, mas demorou",Tesouro Direto
201.0,2025-09-14 00:00:00,PRD_TES,4.0,0.0,2.6,0.0,201,Tesouro Direto,FD00255,C00201,2025-12-24,2025T4,Varejo,CDB,App,2-5 anos,10,Boa experiencia no aplicativo,201.0,23/12/2025,cdb,10,resgate,Chat,Resolvido,"Experiencia ok, mas poderia ser mais simples",CDB
201.0,2025-09-14 00:00:00,PRD_TES,4.0,0.0,2.6,0.0,201,Tesouro Direto,FD00438,C00201,2025-11-16,2025T4,Varejo,Fundos,App,2-5 anos,7,Tive duvida sobre rentabilidade,201.0,07/09/2025,tesouro direto,8,duvida rentabilidade,Telefone,Resolvido,"Atendimento resolveu, mas demorou",Tesouro Direto
201.0,2025-09-14 00:00:00,PRD_TES,4.0,0.0,2.6,0.0,201,Tesouro Direto,FD00438,C00201,2025-11-16,2025T4,Varejo,Fundos,App,2-5 anos,7,Tive duvida sobre rentabilidade,201.0,23/12/2025,cdb,10,resgate,Chat,Resolvido,"Experiencia ok, mas poderia ser mais simples",CDB
201.0,2025-09-14 00:00:00,PRD_TES,4.0,0.0,2.6,0.0,201,Tesouro Direto,FD00689,C00201,2026-03-18,2026T1,Varejo,Tesouro Direto,Assessoria,6-24 meses,10,Assessoria ajudou na decisao,201.0,07/09/2025,tesouro direto,8,duvida rentabilidade,Telefone,Resolvido,"Atendimento resolveu, mas demorou",Tesouro Direto
201.0,2025-09-14 00:00:00,PRD_TES,4.0,0.0,2.6,0.0,201,Tesouro Direto,FD00689,C00201,2026-03-18,2026T1,Varejo,Tesouro Direto,Assessoria,6-24 meses,10,Assessoria ajudou na decisao,201.0,23/12/2025,cdb,10,resgate,Chat,Resolvido,"Experiencia ok, mas poderia ser mais simples",CDB
201.0,2026-03-22 00:00:00,PRD_TES,6.0,0.0,1.0,0.0,201,Tesouro Direto,FD00212,C00201,2025-09-08,2025T3,Varejo,Tesouro Direto,Internet Banking,5+ anos,7,"Experiencia ok, mas poderia ser mais simples",201.0,07/09/2025,tesouro direto,8,duvida rentabilidade,Telefone,Resolvido,"Atendimento resolveu, mas demorou",Tesouro Direto
201.0,2026-03-22 00:00:00,PRD_TES,6.0,0.0,1.0,0.0,201,Tesouro Direto,FD00212,C00201,2025-09-08,2025T3,Varejo,Tesouro Direto,Internet Banking,5+ anos,7,"Experiencia ok, mas poderia ser mais simples",201.0,23/12/2025,cdb,10,resgate,Chat,Resolvido,"Experiencia ok, mas poderia ser mais simples",CDB
201.0,2026-03-22 00:00:00,PRD_TES,6.0,0.0,1.0,0.0,201,Tesouro Direto,FD00255,C00201,2025-12-24,2025T4,Varejo,CDB,App,2-5 anos,10,Boa experiencia no aplicativo,201.0,07/09/2025,tesouro direto,8,duvida rentabilidade,Telefone,Resolvido,"Atendimento resolveu, mas demorou",Tesouro Direto
201.0,2026-03-22 00:00:00,PRD_TES,6.0,0.0,1.0,0.0,201,Tesouro Direto,FD00255,C00201,2025-12-24,2025T4,Varejo,CDB,App,2-5 anos,10,Boa experiencia no aplicativo,201.0,23/12/2025,cdb,10,resgate,Chat,Resolvido,"Experiencia ok, mas poderia ser mais simples",CDB
201.0,2026-03-22 00:00:00,PRD_TES,6.0,0.0,1.0,0.0,201,Tesouro Direto,FD00438,C00201,2025-11-16,2025T4,Varejo,Fundos,App,2-5 anos,7,Tive duvida sobre rentabilidade,201.0,07/09/2025,tesouro direto,8,duvida rentabilidade,Telefone,Resolvido,"Atendimento resolveu, mas demorou",Tesouro Direto
201.0,2026-03-22 00:00:00,PRD_TES,6.0,0.0,1.0,0.0,201,Tesouro Direto,FD00438,C00201,2025-11-16,2025T4,Varejo,Fundos,App,2-5 anos,7,Tive duvida sobre rentabilidade,201.0,23/12/2025,cdb,10,resgate,Chat,Resolvido,"Experiencia ok, mas poderia ser mais simples",CDB
201.0,2026-03-22 00:00:00,PRD_TES,6.0,0.0,1.0,0.0,201,Tesouro Direto,FD00689,C00201,2026-03-18,2026T1,Varejo,Tesouro Direto,Assessoria,6-24 meses,10,Assessoria ajudou na decisao,201.0,07/09/2025,tesouro direto,8,duvida rentabilidade,Telefone,Resolvido,"Atendimento resolveu, mas demorou",Tesouro Direto
201.0,2026-03-22 00:00:00,PRD_TES,6.0,0.0,1.0,0.0,201,Tesouro Direto,FD00689,C00201,2026-03-18,2026T1,Varejo,Tesouro Direto,Assessoria,6-24 meses,10,Assessoria ajudou na decisao,201.0,23/12/2025,cdb,10,resgate,Chat,Resolvido,"Experiencia ok, mas poderia ser mais simples",CDB
201.0,2025-12-19 00:00:00,PRD_CDB,6.0,0.0,1.0,0.0,201,CDB,FD00212,C00201,2025-09-08,2025T3,Varejo,Tesouro Direto,Internet Banking,5+ anos,7,"Experiencia ok, mas poderia ser mais simples",201.0,07/09/2025,tesouro direto,8,duvida rentabilidade,Telefone,Resolvido,"Atendimento resolveu, mas demorou",Tesouro Direto
201.0,2025-12-19 00:00:00,PRD_CDB,6.0,0.0,1.0,0.0,201,CDB,FD00212,C00201,2025-09-08,2025T3,Varejo,Tesouro Direto,Internet Banking,5+ anos,7,"Experiencia ok, mas poderia ser mais simples",201.0,23/12/2025,cdb,10,resgate,Chat,Resolvido,"Experiencia ok, mas poderia ser mais simples",CDB
201.0,2025-12-19 00:00:00,PRD_CDB,6.0,0.0,1.0,0.0,201,CDB,FD00255,C00201,2025-12-24,2025T4,Varejo,CDB,App,2-5 anos,10,Boa experiencia no aplicativo,201.0,07/09/2025,tesouro direto,8,duvida rentabilidade,Telefone,Resolvido,"Atendimento resolveu, mas demorou",Tesouro Direto
201.0,2025-12-19 00:00:00,PRD_CDB,6.0,0.0,1.0,0.0,201,CDB,FD00255,C00201,2025-12-24,2025T4,Varejo,CDB,App,2-5 anos,10,Boa experiencia no aplicativo,201.0,23/12/2025,cdb,10,resgate,Chat,Resolvido,"Experiencia ok, mas poderia ser mais simples",CDB
201.0,2025-12-19 00:00:00,PRD_CDB,6.0,0.0,1.0,0.0,201,CDB,FD00438,C00201,2025-11-16,2025T4,Varejo,Fundos,App,2-5 anos,7,Tive duvida sobre rentabilidade,201.0,07/09/2025,tesouro direto,8,duvida rentabilidade,Telefone,Resolvido,"Atendimento resolveu, mas demorou",Tesouro Direto
201.0,2025-12-19 00:00:00,PRD_CDB,6.0,0.0,1.0,0.0,201,CDB,FD00438,C00201,2025-11-16,2025T4,Varejo,Fundos,App,2-5 anos,7,Tive duvida sobre rentabilidade,201.0,23/12/2025,cdb,10,resgate,Chat,Resolvido,"Experiencia ok, mas poderia ser mais simples",CDB
201.0,2025-12-19 00:00:00,PRD_CDB,6.0,0.0,1.0,0.0,201,CDB,FD00689,C00201,2026-03-18,2026T1,Varejo,Tesouro Direto,Assessoria,6-24 meses,10,Assessoria ajudou na decisao,201.0,07/09/2025,tesouro direto,8,duvida rentabilidade,Telefone,Resolvido,"Atendimento resolveu, mas demorou",Tesouro Direto
201.0,2025-12-19 00:00:00,PRD_CDB,6.0,0.0,1.0,0.0,201,CDB,FD00689,C00201,2026-03-18,2026T1,Varejo,Tesouro Direto,Assessoria,6-24 meses,10,Assessoria ajudou na decisao,201.0,23/12/2025,cdb,10,resgate,Chat,Resolvido,"Experiencia ok, mas poderia ser mais simples",CDB
201.0,2025-11-23 00:00:00,PRD_FND,8.0,0.0,1.0,0.0,201,Fundos,FD00212,C00201,2025-09-08,2025T3,Varejo,Tesouro Direto,Internet Banking,5+ anos,7,"Experiencia ok, mas poderia ser mais simples",201.0,07/09/2025,tesouro direto,8,duvida rentabilidade,Telefone,Resolvido,"Atendimento resolveu, mas demorou",Tesouro Direto
201.0,2025-11-23 00:00:00,PRD_FND,8.0,0.0,1.0,0.0,201,Fundos,FD00212,C00201,2025-09-08,2025T3,Varejo,Tesouro Direto,Internet Banking,5+ anos,7,"Experiencia ok, mas poderia ser mais simples",201.0,23/12/2025,cdb,10,resgate,Chat,Resolvido,"Experiencia ok, mas poderia ser mais simples",CDB
201.0,2025-11-23 00:00:00,PRD_FND,8.0,0.0,1.0,0.0,201,Fundos,FD00255,C00201,2025-12-24,2025T4,Varejo,CDB,App,2-5 anos,10,Boa experiencia no aplicativo,201.0,07/09/2025,tesouro direto,8,duvida rentabilidade,Telefone,Resolvido,"Atendimento resolveu, mas demorou",Tesouro Direto
201.0,2025-11-23 00:00:00,PRD_FND,8.0,0.0,1.0,0.0,201,Fundos,FD00255,C00201,2025-12-24,2025T4,Varejo,CDB,App,2-5 anos,10,Boa experiencia no aplicativo,201.0,23/12/2025,cdb,10,resgate,Chat,Resolvido,"Experiencia ok, mas poderia ser mais simples",CDB
201.0,2025-11-23 00:00:00,PRD_FND,8.0,0.0,1.0,0.0,201,Fundos,FD00438,C00201,2025-11-16,2025T4,Varejo,Fundos,App,2-5 anos,7,Tive duvida sobre rentabilidade,201.0,07/09/2025,tesouro direto,8,duvida rentabilidade,Telefone,Resolvido,"Atendimento resolveu, mas demorou",Tesouro Direto
201.0,2025-11-23 00:00:00,PRD_FND,8.0,0.0,1.0,0.0,201,Fundos,FD00438,C00201,2025-11-16,2025T4,Varejo,Fundos,App,2-5 anos,7,Tive duvida sobre rentabilidade,201.0,23/12/2025,cdb,10,resgate,Chat,Resolvido,"Experiencia ok, mas poderia ser mais simples",CDB
201.0,2025-11-23 00:00:00,PRD_FND,8.0,0.0,1.0,0.0,201,Fundos,FD00689,C00201,2026-03-18,2026T1,Varejo,Tesouro Direto,Assessoria,6-24 meses,10,Assessoria ajudou na decisao,201.0,07/09/2025,tesouro direto,8,duvida rentabilidade,Telefone,Resolvido,"Atendimento resolveu, mas demorou",Tesouro Direto
201.0,2025-11-23 00:00:00,PRD_FND,8.0,0.0,1.0,0.0,201,Fundos,FD00689,C00201,2026-03-18,2026T1,Varejo,Tesouro Direto,Assessoria,6-24 meses,10,Assessoria ajudou na decisao,201.0,23/12/2025,cdb,10,resgate,Chat,Resolvido,"Experiencia ok, mas poderia ser mais simples",CDB
202.0,2025-08-28 00:00:00,PRD_FND,10.0,0.0,6.6,0.0,202,Fundos,FD00083,C00202,2025-08-18,2025T3,Private,Fundos,App,2-5 anos,10,Informacoes estavam faceis de encontrar,202.0,,cdb,10,explicacao risco,Chat,Reaberto,Nao entendi a cobranca,CDB
202.0,2025-08-28 00:00:00,PRD_FND,10.0,0.0,6.6,0.0,202,Fundos,FD00083,C00202,2025-08-18,2025T3,Private,Fundos,App,2-5 anos,10,Informacoes estavam faceis de encontrar,202.0,04-27-2026,Fundos,10,resgate,Telefone,Resolvido,"Atendimento resolveu, mas demorou",Fundos
202.0,2025-08-28 00:00:00,PRD_FND,10.0,0.0,6.6,0.0,202,Fundos,FD00083,C00202,2025-08-18,2025T3,Private,Fundos,App,2-5 anos,10,Informacoes estavam faceis de encontrar,202.0,02-19-2026,cdb,8,reclamacao atendimento,Telefone,Resolvido,Aplicativo poderia explicar melhor,CDB
202.0,2025-08-28 00:00:00,PRD_FND,10.0,0.0,6.6,0.0,202,Fundos,FD00281,C00202,2025-12-03,2025T4,Private,Tesouro Direto,Central de Atendimento,6-24 meses,9,Consegui acompanhar minha carteira,202.0,,cdb,10,explicacao risco,Chat,Reaberto,Nao entendi a cobranca,CDB
202.0,2025-08-28 00:00:00,PRD_FND,10.0,0.0,6.6,0.0,202,Fundos,FD00281,C00202,2025-12-03,2025T4,Private,Tesouro Direto,Central de Atendimento,6-24 meses,9,Consegui acompanhar minha carteira,202.0,04-27-2026,Fundos,10,resgate,Telefone,Resolvido,"Atendimento resolveu, mas demorou",Fundos
202.0,2025-08-28 00:00:00,PRD_FND,10.0,0.0,6.6,0.0,202,Fundos,FD00281,C00202,2025-12-03,2025T4,Private,Tesouro Direto,Central de Atendimento,6-24 meses,9,Consegui acompanhar minha carteira,202.0,02-19-2026,cdb,8,reclamacao atendimento,Telefone,Resolvido,Aplicativo poderia explicar melhor,CDB
202.0,2025-08-28 00:00:00,PRD_FND,10.0,0.0,6.6,0.0,202,Fundos,FD00370,C00202,2025-10-12,2025T4,Private,CDB,App,2-5 anos,9,Assessoria ajudou na decisao,202.0,,cdb,10,explicacao risco,Chat,Reaberto,Nao entendi a cobranca,CDB
202.0,2025-08-28 00:00:00,PRD_FND,10.0,0.0,6.6,0.0,202,Fundos,FD00370,C00202,2025-10-12,2025T4,Private,CDB,App,2-5 anos,9,Assessoria ajudou na decisao,202.0,04-27-2026,Fundos,10,resgate,Telefone,Resolvido,"Atendimento resolveu, mas demorou",Fundos
202.0,2025-08-28 00:00:00,PRD_FND,10.0,0.0,6.6,0.0,202,Fundos,FD00370,C00202,2025-10-12,2025T4,Private,CDB,App,2-5 anos,9,Assessoria ajudou na decisao,202.0,02-19-2026,cdb,8,reclamacao atendimento,Telefone,Resolvido,Aplicativo poderia explicar melhor,CDB
202.0,2025-08-28 00:00:00,PRD_FND,10.0,0.0,6.6,0.0,202,Fundos,FD00482,C00202,2026-02-18,2026T1,Private,CDB,App,5+ anos,9,Boa experiencia no aplicativo,202.0,,cdb,10,explicacao risco,Chat,Reaberto,Nao entendi a cobranca,CDB
202.0,2025-08-28 00:00:00,PRD_FND,10.0,0.0,6.6,0.0,202,Fundos,FD00482,C00202,2026-02-18,2026T1,Private,CDB,App,5+ anos,9,Boa experiencia no aplicativo,202.0,04-27-2026,Fundos,10,resgate,Telefone,Resolvido,"Atendimento resolveu, mas demorou",Fundos
202.0,2025-08-28 00:00:00,PRD_FND,10.0,0.0,6.6,0.0,202,Fundos,FD00482,C00202,2026-02-18,2026T1,Private,CDB,App,5+ anos,9,Boa experiencia no aplicativo,202.0,02-19-2026,cdb,8,reclamacao atendimento,Telefone,Resolvido,Aplicativo poderia explicar melhor,CDB
202.0,2025-08-28 00:00:00,PRD_FND,10.0,0.0,6.6,0.0,202,Fundos,FD00509,C00202,2026-02-27,2026T1,Private,CDB,App,6-24 meses,10,Informacoes estavam faceis de encontrar,202.0,,cdb,10,explicacao risco,Chat,Reaberto,Nao entendi a cobranca,CDB
202.0,2025-08-28 00:00:00,PRD_FND,10.0,0.0,6.6,0.0,202,Fundos,FD00509,C00202,2026-02-27,2026T1,Private,CDB,App,6-24 meses,10,Informacoes estavam faceis de encontrar,202.0,04-27-2026,Fundos,10,resgate,Telefone,Resolvido,"Atendimento resolveu, mas demorou",Fundos
202.0,2025-08-28 00:00:00,PRD_FND,10.0,0.0,6.6,0.0,202,Fundos,FD00509,C00202,2026-02-27,2026T1,Private,CDB,App,6-24 meses,10,Informacoes estavam faceis de encontrar,202.0,02-19-2026,cdb,8,reclamacao atendimento,Telefone,Resolvido,Aplicativo poderia explicar melhor,CDB
202.0,2025-08-28 00:00:00,PRD_FND,10.0,0.0,6.6,0.0,202,Fundos,FD00544,C00202,2026-03-31,2026T1,Private,CDB,Central de Atendimento,0-6 meses,10,Assessoria ajudou na decisao,202.0,,cdb,10,explicacao risco,Chat,Reaberto,Nao entendi a cobranca,CDB
202.0,2025-08-28 00:00:00,PRD_FND,10.0,0.0,6.6,0.0,202,Fundos,FD00544,C00202,2026-03-31,2026T1,Private,CDB,Central de Atendimento,0-6 meses,10,Assessoria ajudou na decisao,202.0,04-27-2026,Fundos,10,resgate,Telefone,Resolvido,"Atendimento resolveu, mas demorou",Fundos
202.0,2025-08-28 00:00:00,PRD_FND,10.0,0.0,6.6,0.0,202,Fundos,FD00544,C00202,2026-03-31,2026T1,Private,CDB,Central de Atendimento,0-6 meses,10,Assessoria ajudou na decisao,202.0,02-19-2026,cdb,8,reclamacao atendimento,Telefone,Resolvido,Aplicativo poderia explicar melhor,CDB
202.0,2025-08-28 00:00:00,PRD_FND,10.0,0.0,6.6,0.0,202,Fundos,FD00870,C00202,2026-04-28,2026T2,Private,Fundos,App,5+ anos,10,Assessoria ajudou na decisao,202.0,,cdb,10,explicacao risco,Chat,Reaberto,Nao entendi a cobranca,CDB
202.0,2025-08-28 00:00:00,PRD_FND,10.0,0.0,6.6,0.0,202,Fundos,FD00870,C00202,2026-04-28,2026T2,Private,Fundos,App,5+ anos,10,Assessoria ajudou na decisao,202.0,04-27-2026,Fundos,10,resgate,Telefone,Resolvido,"Atendimento resolveu, mas demorou",Fundos
202.0,2025-08-28 00:00:00,PRD_FND,10.0,0.0,6.6,0.0,202,Fundos,FD00870,C00202,2026-04-28,2026T2,Private,Fundos,App,5+ anos,10,Assessoria ajudou na decisao,202.0,02-19-2026,cdb,8,reclamacao atendimento,Telefone,Resolvido,Aplicativo poderia explicar melhor,CDB
202.0,2025-08-28 00:00:00,PRD_FND,10.0,0.0,6.6,0.0,202,Fundos,FD00876,C00202,2026-05-08,2026T2,Private,Carteira Administrada,App,6-24 meses,4,Nao ficou claro o risco do produto,202.0,,cdb,10,explicacao risco,Chat,Reaberto,Nao entendi a cobranca,CDB
202.0,2025-08-28 00:00:00,PRD_FND,10.0,0.0,6.6,0.0,202,Fundos,FD00876,C00202,2026-05-08,2026T2,Private,Carteira Administrada,App,6-24 meses,4,Nao ficou claro o risco do produto,202.0,04-27-2026,Fundos,10,resgate,Telefone,Resolvido,"Atendimento resolveu, mas demorou",Fundos
202.0,2025-08-28 00:00:00,PRD_FND,10.0,0.0,6.6,0.0,202,Fundos,FD00876,C00202,2026-05-08,2026T2,Private,Carteira Administrada,App,6-24 meses,4,Nao ficou claro o risco do produto,202.0,02-19-2026,cdb,8,reclamacao atendimento,Telefone,Resolvido,Aplicativo poderia explicar melhor,CDB
202.0,2026-04-25 00:00:00,PRD_FND,10.0,0.0,9.4,0.0,202,Fundos,FD00083,C00202,2025-08-18,2025T3,Private,Fundos,App,2-5 anos,10,Informacoes estavam faceis de encontrar,202.0,,cdb,10,explicacao risco,Chat,Reaberto,Nao entendi a cobranca,CDB
202.0,2026-04-25 00:00:00,PRD_FND,10.0,0.0,9.4,0.0,202,Fundos,FD00083,C00202,2025-08-18,2025T3,Private,Fundos,App,2-5 anos,10,Informacoes estavam faceis de encontrar,202.0,04-27-2026,Fundos,10,resgate,Telefone,Resolvido,"Atendimento resolveu, mas demorou",Fundos
202.0,2026-04-25 00:00:00,PRD_FND,10.0,0.0,9.4,0.0,202,Fundos,FD00083,C00202,2025-08-18,2025T3,Private,Fundos,App,2-5 anos,10,Informacoes estavam faceis de encontrar,202.0,02-19-2026,cdb,8,reclamacao atendimento,Telefone,Resolvido,Aplicativo poderia explicar melhor,CDB
202.0,2026-04-25 00:00:00,PRD_FND,10.0,0.0,9.4,0.0,202,Fundos,FD00281,C00202,2025-12-03,2025T4,Private,Tesouro Direto,Central de Atendimento,6-24 meses,9,Consegui acompanhar minha carteira,202.0,,cdb,10,explicacao risco,Chat,Reaberto,Nao entendi a cobranca,CDB
202.0,2026-04-25 00:00:00,PRD_FND,10.0,0.0,9.4,0.0,202,Fundos,FD00281,C00202,2025-12-03,2025T4,Private,Tesouro Direto,Central de Atendimento,6-24 meses,9,Consegui acompanhar minha carteira,202.0,04-27-2026,Fundos,10,resgate,Telefone,Resolvido,"Atendimento resolveu, mas demorou",Fundos
202.0,2026-04-25 00:00:00,PRD_FND,10.0,0.0,9.4,0.0,202,Fundos,FD00281,C00202,2025-12-03,2025T4,Private,Tesouro Direto,Central de Atendimento,6-24 meses,9,Consegui acompanhar minha carteira,202.0,02-19-2026,cdb,8,reclamacao atendimento,Telefone,Resolvido,Aplicativo poderia explicar melhor,CDB
202.0,2026-04-25 00:00:00,PRD_FND,10.0,0.0,9.4,0.0,202,Fundos,FD00370,C00202,2025-10-12,2025T4,Private,CDB,App,2-5 anos,9,Assessoria ajudou na decisao,202.0,,cdb,10,explicacao risco,Chat,Reaberto,Nao entendi a cobranca,CDB
202.0,2026-04-25 00:00:00,PRD_FND,10.0,0.0,9.4,0.0,202,Fundos,FD00370,C00202,2025-10-12,2025T4,Private,CDB,App,2-5 anos,9,Assessoria ajudou na decisao,202.0,04-27-2026,Fundos,10,resgate,Telefone,Resolvido,"Atendimento resolveu, mas demorou",Fundos
202.0,2026-04-25 00:00:00,PRD_FND,10.0,0.0,9.4,0.0,202,Fundos,FD00370,C00202,2025-10-12,2025T4,Private,CDB,App,2-5 anos,9,Assessoria ajudou na decisao,202.0,02-19-2026,cdb,8,reclamacao atendimento,Telefone,Resolvido,Aplicativo poderia explicar melhor,CDB
202.0,2026-04-25 00:00:00,PRD_FND,10.0,0.0,9.4,0.0,202,Fundos,FD00482,C00202,2026-02-18,2026T1,Private,CDB,App,5+ anos,9,Boa experiencia no aplicativo,202.0,,cdb,10,explicacao risco,Chat,Reaberto,Nao entendi a cobranca,CDB
202.0,2026-04-25 00:00:00,PRD_FND,10.0,0.0,9.4,0.0,202,Fundos,FD00482,C00202,2026-02-18,2026T1,Private,CDB,App,5+ anos,9,Boa experiencia no aplicativo,202.0,04-27-2026,Fundos,10,resgate,Telefone,Resolvido,"Atendimento resolveu, mas demorou",Fundos
202.0,2026-04-25 00:00:00,PRD_FND,10.0,0.0,9.4,0.0,202,Fundos,FD00482,C00202,2026-02-18,2026T1,Private,CDB,App,5+ anos,9,Boa experiencia no aplicativo,202.0,02-19-2026,cdb,8,reclamacao atendimento,Telefone,Resolvido,Aplicativo poderia explicar melhor,CDB
202.0,2026-04-25 00:00:00,PRD_FND,10.0,0.0,9.4,0.0,202,Fundos,FD00509,C00202,2026-02-27,2026T1,Private,CDB,App,6-24 meses,10,Informacoes estavam faceis de encontrar,202.0,,cdb,10,explicacao risco,Chat,Reaberto,Nao entendi a cobranca,CDB
202.0,2026-04-25 00:00:00,PRD_FND,10.0,0.0,9.4,0.0,202,Fundos,FD00509,C00202,2026-02-27,2026T1,Private,CDB,App,6-24 meses,10,Informacoes estavam faceis de encontrar,202.0,04-27-2026,Fundos,10,resgate,Telefone,Resolvido,"Atendimento resolveu, mas demorou",Fundos
202.0,2026-04-25 00:00:00,PRD_FND,10.0,0.0,9.4,0.0,202,Fundos,FD00509,C00202,2026-02-27,2026T1,Private,CDB,App,6-24 meses,10,Informacoes estavam faceis de encontrar,202.0,02-19-2026,cdb,8,reclamacao atendimento,Telefone,Resolvido,Aplicativo poderia explicar melhor,CDB
202.0,2026-04-25 00:00:00,PRD_FND,10.0,0.0,9.4,0.0,202,Fundos,FD00544,C00202,2026-03-31,2026T1,Private,CDB,Central de Atendimento,0-6 meses,10,Assessoria ajudou na decisao,202.0,,cdb,10,explicacao risco,Chat,Reaberto,Nao entendi a cobranca,CDB
202.0,2026-04-25 00:00:00,PRD_FND,10.0,0.0,9.4,0.0,202,Fundos,FD00544,C00202,2026-03-31,2026T1,Private,CDB,Central de Atendimento,0-6 meses,10,Assessoria ajudou na decisao,202.0,04-27-2026,Fundos,10,resgate,Telefone,Resolvido,"Atendimento resolveu, mas demorou",Fundos
202.0,2026-04-25 00:00:00,PRD_FND,10.0,0.0,9.4,0.0,202,Fundos,FD00544,C00202,2026-03-31,2026T1,Private,CDB,Central de Atendimento,0-6 meses,10,Assessoria ajudou na decisao,202.0,02-19-2026,cdb,8,reclamacao atendimento,Telefone,Resolvido,Aplicativo poderia explicar melhor,CDB
202.0,2026-04-25 00:00:00,PRD_FND,10.0,0.0,9.4,0.0,202,Fundos,FD00870,C00202,2026-04-28,2026T2,Private,Fundos,App,5+ anos,10,Assessoria ajudou na decisao,202.0,,cdb,10,explicacao risco,Chat,Reaberto,Nao entendi a cobranca,CDB
202.0,2026-04-25 00:00:00,PRD_FND,10.0,0.0,9.4,0.0,202,Fundos,FD00870,C00202,2026-04-28,2026T2,Private,Fundos,App,5+ anos,10,Assessoria ajudou na decisao,202.0,04-27-2026,Fundos,10,resgate,Telefone,Resolvido,"Atendimento resolveu, mas demorou",Fundos
202.0,2026-04-25 00:00:00,PRD_FND,10.0,0.0,9.4,0.0,202,Fundos,FD00870,C00202,2026-04-28,2026T2,Private,Fundos,App,5+ anos,10,Assessoria ajudou na decisao,202.0,02-19-2026,cdb,8,reclamacao atendimento,Telefone,Resolvido,Aplicativo poderia explicar melhor,CDB
202.0,2026-04-25 00:00:00,PRD_FND,10.0,0.0,9.4,0.0,202,Fundos,FD00876,C00202,2026-05-08,2026T2,Private,Carteira Administrada,App,6-24 meses,4,Nao ficou claro o risco do produto,202.0,,cdb,10,explicacao risco,Chat,Reaberto,Nao entendi a cobranca,CDB
202.0,2026-04-25 00:00:00,PRD_FND,10.0,0.0,9.4,0.0,202,Fundos,FD00876,C00202,2026-05-08,2026T2,Private,Carteira Administrada,App,6-24 meses,4,Nao ficou claro o risco do produto,202.0,04-27-2026,Fundos,10,resgate,Telefone,Resolvido,"Atendimento resolveu, mas demorou",Fundos
202.0,2026-04-25 00:00:00,PRD_FND,10.0,0.0,9.4,0.0,202,Fundos,FD00876,C00202,2026-05-08,2026T2,Private,Carteira Administrada,App,6-24 meses,4,Nao ficou claro o risco do produto,202.0,02-19-2026,cdb,8,reclamacao atendimento,Telefone,Resolvido,Aplicativo poderia explicar melhor,CDB
202.0,2026-04-09 00:00:00,PRD_CDB,4.0,1.0,46.0,0.0,202,CDB,FD00083,C00202,2025-08-18,2025T3,Private,Fundos,App,2-5 anos,10,Informacoes estavam faceis de encontrar,202.0,,cdb,10,explicacao risco,Chat,Reaberto,Nao entendi a cobranca,CDB
202.0,2026-04-09 00:00:00,PRD_CDB,4.0,1.0,46.0,0.0,202,CDB,FD00083,C00202,2025-08-18,2025T3,Private,Fundos,App,2-5 anos,10,Informacoes estavam faceis de encontrar,202.0,04-27-2026,Fundos,10,resgate,Telefone,Resolvido,"Atendimento resolveu, mas demorou",Fundos
202.0,2026-04-09 00:00:00,PRD_CDB,4.0,1.0,46.0,0.0,202,CDB,FD00083,C00202,2025-08-18,2025T3,Private,Fundos,App,2-5 anos,10,Informacoes estavam faceis de encontrar,202.0,02-19-2026,cdb,8,reclamacao atendimento,Telefone,Resolvido,Aplicativo poderia explicar melhor,CDB
202.0,2026-04-09 00:00:00,PRD_CDB,4.0,1.0,46.0,0.0,202,CDB,FD00281,C00202,2025-12-03,2025T4,Private,Tesouro Direto,Central de Atendimento,6-24 meses,9,Consegui acompanhar minha carteira,202.0,,cdb,10,explicacao risco,Chat,Reaberto,Nao entendi a cobranca,CDB
202.0,2026-04-09 00:00:00,PRD_CDB,4.0,1.0,46.0,0.0,202,CDB,FD00281,C00202,2025-12-03,2025T4,Private,Tesouro Direto,Central de Atendimento,6-24 meses,9,Consegui acompanhar minha carteira,202.0,04-27-2026,Fundos,10,resgate,Telefone,Resolvido,"Atendimento resolveu, mas demorou",Fundos
202.0,2026-04-09 00:00:00,PRD_CDB,4.0,1.0,46.0,0.0,202,CDB,FD00281,C00202,2025-12-03,2025T4,Private,Tesouro Direto,Central de Atendimento,6-24 meses,9,Consegui acompanhar minha carteira,202.0,02-19-2026,cdb,8,reclamacao atendimento,Telefone,Resolvido,Aplicativo poderia explicar melhor,CDB
202.0,2026-04-09 00:00:00,PRD_CDB,4.0,1.0,46.0,0.0,202,CDB,FD00370,C00202,2025-10-12,2025T4,Private,CDB,App,2-5 anos,9,Assessoria ajudou na decisao,202.0,,cdb,10,explicacao risco,Chat,Reaberto,Nao entendi a cobranca,CDB
202.0,2026-04-09 00:00:00,PRD_CDB,4.0,1.0,46.0,0.0,202,CDB,FD00370,C00202,2025-10-12,2025T4,Private,CDB,App,2-5 anos,9,Assessoria ajudou na decisao,202.0,04-27-2026,Fundos,10,resgate,Telefone,Resolvido,"Atendimento resolveu, mas demorou",Fundos
202.0,2026-04-09 00:00:00,PRD_CDB,4.0,1.0,46.0,0.0,202,CDB,FD00370,C00202,2025-10-12,2025T4,Private,CDB,App,2-5 anos,9,Assessoria ajudou na decisao,202.0,02-19-2026,cdb,8,reclamacao atendimento,Telefone,Resolvido,Aplicativo poderia explicar melhor,CDB
202.0,2026-04-09 00:00:00,PRD_CDB,4.0,1.0,46.0,0.0,202,CDB,FD00482,C00202,2026-02-18,2026T1,Private,CDB,App,5+ anos,9,Boa experiencia no aplicativo,202.0,,cdb,10,explicacao risco,Chat,Reaberto,Nao entendi a cobranca,CDB
202.0,2026-04-09 00:00:00,PRD_CDB,4.0,1.0,46.0,0.0,202,CDB,FD00482,C00202,2026-02-18,2026T1,Private,CDB,App,5+ anos,9,Boa experiencia no aplicativo,202.0,04-27-2026,Fundos,10,resgate,Telefone,Resolvido,"Atendimento resolveu, mas demorou",Fundos
202.0,2026-04-09 00:00:00,PRD_CDB,4.0,1.0,46.0,0.0,202,CDB,FD00482,C00202,2026-02-18,2026T1,Private,CDB,App,5+ anos,9,Boa experiencia no aplicativo,202.0,02-19-2026,cdb,8,reclamacao atendimento,Telefone,Resolvido,Aplicativo poderia explicar melhor,CDB
202.0,2026-04-09 00:00:00,PRD_CDB,4.0,1.0,46.0,0.0,202,CDB,FD00509,C00202,2026-02-27,2026T1,Private,CDB,App,6-24 meses,10,Informacoes estavam faceis de encontrar,202.0,,cdb,10,explicacao risco,Chat,Reaberto,Nao entendi a cobranca,CDB
202.0,2026-04-09 00:00:00,PRD_CDB,4.0,1.0,46.0,0.0,202,CDB,FD00509,C00202,2026-02-27,2026T1,Private,CDB,App,6-24 meses,10,Informacoes estavam faceis de encontrar,202.0,04-27-2026,Fundos,10,resgate,Telefone,Resolvido,"Atendimento resolveu, mas demorou",Fundos
202.0,2026-04-09 00:00:00,PRD_CDB,4.0,1.0,46.0,0.0,202,CDB,FD00509,C00202,2026-02-27,2026T1,Private,CDB,App,6-24 meses,10,Informacoes estavam faceis de encontrar,202.0,02-19-2026,cdb,8,reclamacao atendimento,Telefone,Resolvido,Aplicativo poderia explicar melhor,CDB
202.0,2026-04-09 00:00:00,PRD_CDB,4.0,1.0,46.0,0.0,202,CDB,FD00544,C00202,2026-03-31,2026T1,Private,CDB,Central de Atendimento,0-6 meses,10,Assessoria ajudou na decisao,202.0,,cdb,10,explicacao risco,Chat,Reaberto,Nao entendi a cobranca,CDB
202.0,2026-04-09 00:00:00,PRD_CDB,4.0,1.0,46.0,0.0,202,CDB,FD00544,C00202,2026-03-31,2026T1,Private,CDB,Central de Atendimento,0-6 meses,10,Assessoria ajudou na decisao,202.0,04-27-2026,Fundos,10,resgate,Telefone,Resolvido,"Atendimento resolveu, mas demorou",Fundos
202.0,2026-04-09 00:00:00,PRD_CDB,4.0,1.0,46.0,0.0,202,CDB,FD00544,C00202,2026-03-31,2026T1,Private,CDB,Central de Atendimento,0-6 meses,10,Assessoria ajudou na decisao,202.0,02-19-2026,cdb,8,reclamacao atendimento,Telefone,Resolvido,Aplicativo poderia explicar melhor,CDB
202.0,2026-04-09 00:00:00,PRD_CDB,4.0,1.0,46.0,0.0,202,CDB,FD00870,C00202,2026-04-28,2026T2,Private,Fundos,App,5+ anos,10,Assessoria ajudou na decisao,202.0,,cdb,10,explicacao risco,Chat,Reaberto,Nao entendi a cobranca,CDB
202.0,2026-04-09 00:00:00,PRD_CDB,4.0,1.0,46.0,0.0,202,CDB,FD00870,C00202,2026-04-28,2026T2,Private,Fundos,App,5+ anos,10,Assessoria ajudou na decisao,202.0,04-27-2026,Fundos,10,resgate,Telefone,Resolvido,"Atendimento resolveu, mas demorou",Fundos
202.0,2026-04-09 00:00:00,PRD_CDB,4.0,1.0,46.0,0.0,202,CDB,FD00870,C00202,2026-04-28,2026T2,Private,Fundos,App,5+ anos,10,Assessoria ajudou na decisao,202.0,02-19-2026,cdb,8,reclamacao atendimento,Telefone,Resolvido,Aplicativo poderia explicar melhor,CDB
202.0,2026-04-09 00:00:00,PRD_CDB,4.0,1.0,46.0,0.0,202,CDB,FD00876,C00202,2026-05-08,2026T2,Private,Carteira Administrada,App,6-24 meses,4,Nao ficou claro o risco do produto,202.0,,cdb,10,explicacao risco,Chat,Reaberto,Nao entendi a cobranca,CDB
202.0,2026-04-09 00:00:00,PRD_CDB,4.0,1.0,46.0,0.0,202,CDB,FD00876,C00202,2026-05-08,2026T2,Private,Carteira Administrada,App,6-24 meses,4,Nao ficou claro o risco do produto,202.0,04-27-2026,Fundos,10,resgate,Telefone,Resolvido,"Atendimento resolveu, mas demorou",Fundos
202.0,2026-04-09 00:00:00,PRD_CDB,4.0,1.0,46.0,0.0,202,CDB,FD00876,C00202,2026-05-08,2026T2,Private,Carteira Administrada,App,6-24 meses,4,Nao ficou claro o risco do produto,202.0,02-19-2026,cdb,8,reclamacao atendimento,Telefone,Resolvido,Aplicativo poderia explicar melhor,CDB
202.0,2026-02-26 00:00:00,PRD_CDB,12.0,0.0,32.4,0.0,202,CDB,FD00083,C00202,2025-08-18,2025T3,Private,Fundos,App,2-5 anos,10,Informacoes estavam faceis de encontrar,202.0,,cdb,10,explicacao risco,Chat,Reaberto,Nao entendi a cobranca,CDB
202.0,2026-02-26 00:00:00,PRD_CDB,12.0,0.0,32.4,0.0,202,CDB,FD00083,C00202,2025-08-18,2025T3,Private,Fundos,App,2-5 anos,10,Informacoes estavam faceis de encontrar,202.0,04-27-2026,Fundos,10,resgate,Telefone,Resolvido,"Atendimento resolveu, mas demorou",Fundos
202.0,2026-02-26 00:00:00,PRD_CDB,12.0,0.0,32.4,0.0,202,CDB,FD00083,C00202,2025-08-18,2025T3,Private,Fundos,App,2-5 anos,10,Informacoes estavam faceis de encontrar,202.0,02-19-2026,cdb,8,reclamacao atendimento,Telefone,Resolvido,Aplicativo poderia explicar melhor,CDB
202.0,2026-02-26 00:00:00,PRD_CDB,12.0,0.0,32.4,0.0,202,CDB,FD00281,C00202,2025-12-03,2025T4,Private,Tesouro Direto,Central de Atendimento,6-24 meses,9,Consegui acompanhar minha carteira,202.0,,cdb,10,explicacao risco,Chat,Reaberto,Nao entendi a cobranca,CDB
202.0,2026-02-26 00:00:00,PRD_CDB,12.0,0.0,32.4,0.0,202,CDB,FD00281,C00202,2025-12-03,2025T4,Private,Tesouro Direto,Central de Atendimento,6-24 meses,9,Consegui acompanhar minha carteira,202.0,04-27-2026,Fundos,10,resgate,Telefone,Resolvido,"Atendimento resolveu, mas demorou",Fundos
202.0,2026-02-26 00:00:00,PRD_CDB,12.0,0.0,32.4,0.0,202,CDB,FD00281,C00202,2025-12-03,2025T4,Private,Tesouro Direto,Central de Atendimento,6-24 meses,9,Consegui acompanhar minha carteira,202.0,02-19-2026,cdb,8,reclamacao atendimento,Telefone,Resolvido,Aplicativo poderia explicar melhor,CDB
202.0,2026-02-26 00:00:00,PRD_CDB,12.0,0.0,32.4,0.0,202,CDB,FD00370,C00202,2025-10-12,2025T4,Private,CDB,App,2-5 anos,9,Assessoria ajudou na decisao,202.0,,cdb,10,explicacao risco,Chat,Reaberto,Nao entendi a cobranca,CDB
202.0,2026-02-26 00:00:00,PRD_CDB,12.0,0.0,32.4,0.0,202,CDB,FD00370,C00202,2025-10-12,2025T4,Private,CDB,App,2-5 anos,9,Assessoria ajudou na decisao,202.0,04-27-2026,Fundos,10,resgate,Telefone,Resolvido,"Atendimento resolveu, mas demorou",Fundos
202.0,2026-02-26 00:00:00,PRD_CDB,12.0,0.0,32.4,0.0,202,CDB,FD00370,C00202,2025-10-12,2025T4,Private,CDB,App,2-5 anos,9,Assessoria ajudou na decisao,202.0,02-19-2026,cdb,8,reclamacao atendimento,Telefone,Resolvido,Aplicativo poderia explicar melhor,CDB
202.0,2026-02-26 00:00:00,PRD_CDB,12.0,0.0,32.4,0.0,202,CDB,FD00482,C00202,2026-02-18,2026T1,Private,CDB,App,5+ anos,9,Boa experiencia no aplicativo,202.0,,cdb,10,explicacao risco,Chat,Reaberto,Nao entendi a cobranca,CDB
202.0,2026-02-26 00:00:00,PRD_CDB,12.0,0.0,32.4,0.0,202,CDB,FD00482,C00202,2026-02-18,2026T1,Private,CDB,App,5+ anos,9,Boa experiencia no aplicativo,202.0,04-27-2026,Fundos,10,resgate,Telefone,Resolvido,"Atendimento resolveu, mas demorou",Fundos
202.0,2026-02-26 00:00:00,PRD_CDB,12.0,0.0,32.4,0.0,202,CDB,FD00482,C00202,2026-02-18,2026T1,Private,CDB,App,5+ anos,9,Boa experiencia no aplicativo,202.0,02-19-2026,cdb,8,reclamacao atendimento,Telefone,Resolvido,Aplicativo poderia explicar melhor,CDB
202.0,2026-02-26 00:00:00,PRD_CDB,12.0,0.0,32.4,0.0,202,CDB,FD00509,C00202,2026-02-27,2026T1,Private,CDB,App,6-24 meses,10,Informacoes estavam faceis de encontrar,202.0,,cdb,10,explicacao risco,Chat,Reaberto,Nao entendi a cobranca,CDB
202.0,2026-02-26 00:00:00,PRD_CDB,12.0,0.0,32.4,0.0,202,CDB,FD00509,C00202,2026-02-27,2026T1,Private,CDB,App,6-24 meses,10,Informacoes estavam faceis de encontrar,202.0,04-27-2026,Fundos,10,resgate,Telefone,Resolvido,"Atendimento resolveu, mas demorou",Fundos
202.0,2026-02-26 00:00:00,PRD_CDB,12.0,0.0,32.4,0.0,202,CDB,FD00509,C00202,2026-02-27,2026T1,Private,CDB,App,6-24 meses,10,Informacoes estavam faceis de encontrar,202.0,02-19-2026,cdb,8,reclamacao atendimento,Telefone,Resolvido,Aplicativo poderia explicar melhor,CDB
202.0,2026-02-26 00:00:00,PRD_CDB,12.0,0.0,32.4,0.0,202,CDB,FD00544,C00202,2026-03-31,2026T1,Private,CDB,Central de Atendimento,0-6 meses,10,Assessoria ajudou na decisao,202.0,,cdb,10,explicacao risco,Chat,Reaberto,Nao entendi a cobranca,CDB
202.0,2026-02-26 00:00:00,PRD_CDB,12.0,0.0,32.4,0.0,202,CDB,FD00544,C00202,2026-03-31,2026T1,Private,CDB,Central de Atendimento,0-6 meses,10,Assessoria ajudou na decisao,202.0,04-27-2026,Fundos,10,resgate,Telefone,Resolvido,"Atendimento resolveu, mas demorou",Fundos
202.0,2026-02-26 00:00:00,PRD_CDB,12.0,0.0,32.4,0.0,202,CDB,FD00544,C00202,2026-03-31,2026T1,Private,CDB,Central de Atendimento,0-6 meses,10,Assessoria ajudou na decisao,202.0,02-19-2026,cdb,8,reclamacao atendimento,Telefone,Resolvido,Aplicativo poderia explicar melhor,CDB
202.0,2026-02-26 00:00:00,PRD_CDB,12.0,0.0,32.4,0.0,202,CDB,FD00870,C00202,2026-04-28,2026T2,Private,Fundos,App,5+ anos,10,Assessoria ajudou na decisao,202.0,,cdb,10,explicacao risco,Chat,Reaberto,Nao entendi a cobranca,CDB
202.0,2026-02-26 00:00:00,PRD_CDB,12.0,0.0,32.4,0.0,202,CDB,FD00870,C00202,2026-04-28,2026T2,Private,Fundos,App,5+ anos,10,Assessoria ajudou na decisao,202.0,04-27-2026,Fundos,10,resgate,Telefone,Resolvido,"Atendimento resolveu, mas demorou",Fundos
202.0,2026-02-26 00:00:00,PRD_CDB,12.0,0.0,32.4,0.0,202,CDB,FD00870,C00202,2026-04-28,2026T2,Private,Fundos,App,5+ anos,10,Assessoria ajudou na decisao,202.0,02-19-2026,cdb,8,reclamacao atendimento,Telefone,Resolvido,Aplicativo poderia explicar melhor,CDB
202.0,2026-02-26 00:00:00,PRD_CDB,12.0,0.0,32.4,0.0,202,CDB,FD00876,C00202,2026-05-08,2026T2,Private,Carteira Administrada,App,6-24 meses,4,Nao ficou claro o risco do produto,202.0,,cdb,10,explicacao risco,Chat,Reaberto,Nao entendi a cobranca,CDB
202.0,2026-02-26 00:00:00,PRD_CDB,12.0,0.0,32.4,0.0,202,CDB,FD00876,C00202,2026-05-08,2026T2,Private,Carteira Administrada,App,6-24 meses,4,Nao ficou claro o risco do produto,202.0,04-27-2026,Fundos,10,resgate,Telefone,Resolvido,"Atendimento resolveu, mas demorou",Fundos
202.0,2026-02-26 00:00:00,PRD_CDB,12.0,0.0,32.4,0.0,202,CDB,FD00876,C00202,2026-05-08,2026T2,Private,Carteira Administrada,App,6-24 meses,4,Nao ficou claro o risco do produto,202.0,02-19-2026,cdb,8,reclamacao atendimento,Telefone,Resolvido,Aplicativo poderia explicar melhor,CDB
202.0,2026-02-10 00:00:00,PRD_CDB,3.0,0.0,36.5,0.0,202,CDB,FD00083,C00202,2025-08-18,2025T3,Private,Fundos,App,2-5 anos,10,Informacoes estavam faceis de encontrar,202.0,,cdb,10,explicacao risco,Chat,Reaberto,Nao entendi a cobranca,CDB
202.0,2026-02-10 00:00:00,PRD_CDB,3.0,0.0,36.5,0.0,202,CDB,FD00083,C00202,2025-08-18,2025T3,Private,Fundos,App,2-5 anos,10,Informacoes estavam faceis de encontrar,202.0,04-27-2026,Fundos,10,resgate,Telefone,Resolvido,"Atendimento resolveu, mas demorou",Fundos
202.0,2026-02-10 00:00:00,PRD_CDB,3.0,0.0,36.5,0.0,202,CDB,FD00083,C00202,2025-08-18,2025T3,Private,Fundos,App,2-5 anos,10,Informacoes estavam faceis de encontrar,202.0,02-19-2026,cdb,8,reclamacao atendimento,Telefone,Resolvido,Aplicativo poderia explicar melhor,CDB
202.0,2026-02-10 00:00:00,PRD_CDB,3.0,0.0,36.5,0.0,202,CDB,FD00281,C00202,2025-12-03,2025T4,Private,Tesouro Direto,Central de Atendimento,6-24 meses,9,Consegui acompanhar minha carteira,202.0,,cdb,10,explicacao risco,Chat,Reaberto,Nao entendi a cobranca,CDB
202.0,2026-02-10 00:00:00,PRD_CDB,3.0,0.0,36.5,0.0,202,CDB,FD00281,C00202,2025-12-03,2025T4,Private,Tesouro Direto,Central de Atendimento,6-24 meses,9,Consegui acompanhar minha carteira,202.0,04-27-2026,Fundos,10,resgate,Telefone,Resolvido,"Atendimento resolveu, mas demorou",Fundos
202.0,2026-02-10 00:00:00,PRD_CDB,3.0,0.0,36.5,0.0,202,CDB,FD00281,C00202,2025-12-03,2025T4,Private,Tesouro Direto,Central de Atendimento,6-24 meses,9,Consegui acompanhar minha carteira,202.0,02-19-2026,cdb,8,reclamacao atendimento,Telefone,Resolvido,Aplicativo poderia explicar melhor,CDB
202.0,2026-02-10 00:00:00,PRD_CDB,3.0,0.0,36.5,0.0,202,CDB,FD00370,C00202,2025-10-12,2025T4,Private,CDB,App,2-5 anos,9,Assessoria ajudou na decisao,202.0,,cdb,10,explicacao risco,Chat,Reaberto,Nao entendi a cobranca,CDB
202.0,2026-02-10 00:00:00,PRD_CDB,3.0,0.0,36.5,0.0,202,CDB,FD00370,C00202,2025-10-12,2025T4,Private,CDB,App,2-5 anos,9,Assessoria ajudou na decisao,202.0,04-27-2026,Fundos,10,resgate,Telefone,Resolvido,"Atendimento resolveu, mas demorou",Fundos
202.0,2026-02-10 00:00:00,PRD_CDB,3.0,0.0,36.5,0.0,202,CDB,FD00370,C00202,2025-10-12,2025T4,Private,CDB,App,2-5 anos,9,Assessoria ajudou na decisao,202.0,02-19-2026,cdb,8,reclamacao atendimento,Telefone,Resolvido,Aplicativo poderia explicar melhor,CDB
202.0,2026-02-10 00:00:00,PRD_CDB,3.0,0.0,36.5,0.0,202,CDB,FD00482,C00202,2026-02-18,2026T1,Private,CDB,App,5+ anos,9,Boa experiencia no aplicativo,202.0,,cdb,10,explicacao risco,Chat,Reaberto,Nao entendi a cobranca,CDB
202.0,2026-02-10 00:00:00,PRD_CDB,3.0,0.0,36.5,0.0,202,CDB,FD00482,C00202,2026-02-18,2026T1,Private,CDB,App,5+ anos,9,Boa experiencia no aplicativo,202.0,04-27-2026,Fundos,10,resgate,Telefone,Resolvido,"Atendimento resolveu, mas demorou",Fundos
202.0,2026-02-10 00:00:00,PRD_CDB,3.0,0.0,36.5,0.0,202,CDB,FD00482,C00202,2026-02-18,2026T1,Private,CDB,App,5+ anos,9,Boa experiencia no aplicativo,202.0,02-19-2026,cdb,8,reclamacao atendimento,Telefone,Resolvido,Aplicativo poderia explicar melhor,CDB
202.0,2026-02-10 00:00:00,PRD_CDB,3.0,0.0,36.5,0.0,202,CDB,FD00509,C00202,2026-02-27,2026T1,Private,CDB,App,6-24 meses,10,Informacoes estavam faceis de encontrar,202.0,,cdb,10,explicacao risco,Chat,Reaberto,Nao entendi a cobranca,CDB
202.0,2026-02-10 00:00:00,PRD_CDB,3.0,0.0,36.5,0.0,202,CDB,FD00509,C00202,2026-02-27,2026T1,Private,CDB,App,6-24 meses,10,Informacoes estavam faceis de encontrar,202.0,04-27-2026,Fundos,10,resgate,Telefone,Resolvido,"Atendimento resolveu, mas demorou",Fundos
202.0,2026-02-10 00:00:00,PRD_CDB,3.0,0.0,36.5,0.0,202,CDB,FD00509,C00202,2026-02-27,2026T1,Private,CDB,App,6-24 meses,10,Informacoes estavam faceis de encontrar,202.0,02-19-2026,cdb,8,reclamacao atendimento,Telefone,Resolvido,Aplicativo poderia explicar melhor,CDB
202.0,2026-02-10 00:00:00,PRD_CDB,3.0,0.0,36.5,0.0,202,CDB,FD00544,C00202,2026-03-31,2026T1,Private,CDB,Central de Atendimento,0-6 meses,10,Assessoria ajudou na decisao,202.0,,cdb,10,explicacao risco,Chat,Reaberto,Nao entendi a cobranca,CDB
202.0,2026-02-10 00:00:00,PRD_CDB,3.0,0.0,36.5,0.0,202,CDB,FD00544,C00202,2026-03-31,2026T1,Private,CDB,Central de Atendimento,0-6 meses,10,Assessoria ajudou na decisao,202.0,04-27-2026,Fundos,10,resgate,Telefone,Resolvido,"Atendimento resolveu, mas demorou",Fundos
202.0,2026-02-10 00:00:00,PRD_CDB,3.0,0.0,36.5,0.0,202,CDB,FD00544,C00202,2026-03-31,2026T1,Private,CDB,Central de Atendimento,0-6 meses,10,Assessoria ajudou na decisao,202.0,02-19-2026,cdb,8,reclamacao atendimento,Telefone,Resolvido,Aplicativo poderia explicar melhor,CDB
202.0,2026-02-10 00:00:00,PRD_CDB,3.0,0.0,36.5,0.0,202,CDB,FD00870,C00202,2026-04-28,2026T2,Private,Fundos,App,5+ anos,10,Assessoria ajudou na decisao,202.0,,cdb,10,explicacao risco,Chat,Reaberto,Nao entendi a cobranca,CDB
202.0,2026-02-10 00:00:00,PRD_CDB,3.0,0.0,36.5,0.0,202,CDB,FD00870,C00202,2026-04-28,2026T2,Private,Fundos,App,5+ anos,10,Assessoria ajudou na decisao,202.0,04-27-2026,Fundos,10,resgate,Telefone,Resolvido,"Atendimento resolveu, mas demorou",Fundos
202.0,2026-02-10 00:00:00,PRD_CDB,3.0,0.0,36.5,0.0,202,CDB,FD00870,C00202,2026-04-28,2026T2,Private,Fundos,App,5+ anos,10,Assessoria ajudou na decisao,202.0,02-19-2026,cdb,8,reclamacao atendimento,Telefone,Resolvido,Aplicativo poderia explicar melhor,CDB
202.0,2026-02-10 00:00:00,PRD_CDB,3.0,0.0,36.5,0.0,202,CDB,FD00876,C00202,2026-05-08,2026T2,Private,Carteira Administrada,App,6-24 meses,4,Nao ficou claro o risco do produto,202.0,,cdb,10,explicacao risco,Chat,Reaberto,Nao entendi a cobranca,CDB
202.0,2026-02-10 00:00:00,PRD_CDB,3.0,0.0,36.5,0.0,202,CDB,FD00876,C00202,2026-05-08,2026T2,Private,Carteira Administrada,App,6-24 meses,4,Nao ficou claro o risco do produto,202.0,04-27-2026,Fundos,10,resgate,Telefone,Resolvido,"Atendimento resolveu, mas demorou",Fundos
202.0,2026-02-10 00:00:00,PRD_CDB,3.0,0.0,36.5,0.0,202,CDB,FD00876,C00202,2026-05-08,2026T2,Private,Carteira Administrada,App,6-24 meses,4,Nao ficou claro o risco do produto,202.0,02-19-2026,cdb,8,reclamacao atendimento,Telefone,Resolvido,Aplicativo poderia explicar melhor,CDB
202.0,2026-05-10 00:00:00,PRD_CAR,12.0,1.0,73.3,0.0,202,Carteira Administrada,FD00083,C00202,2025-08-18,2025T3,Private,Fundos,App,2-5 anos,10,Informacoes estavam faceis de encontrar,202.0,,cdb,10,explicacao risco,Chat,Reaberto,Nao entendi a cobranca,CDB
202.0,2026-05-10 00:00:00,PRD_CAR,12.0,1.0,73.3,0.0,202,Carteira Administrada,FD00083,C00202,2025-08-18,2025T3,Private,Fundos,App,2-5 anos,10,Informacoes estavam faceis de encontrar,202.0,04-27-2026,Fundos,10,resgate,Telefone,Resolvido,"Atendimento resolveu, mas demorou",Fundos
202.0,2026-05-10 00:00:00,PRD_CAR,12.0,1.0,73.3,0.0,202,Carteira Administrada,FD00083,C00202,2025-08-18,2025T3,Private,Fundos,App,2-5 anos,10,Informacoes estavam faceis de encontrar,202.0,02-19-2026,cdb,8,reclamacao atendimento,Telefone,Resolvido,Aplicativo poderia explicar melhor,CDB
202.0,2026-05-10 00:00:00,PRD_CAR,12.0,1.0,73.3,0.0,202,Carteira Administrada,FD00281,C00202,2025-12-03,2025T4,Private,Tesouro Direto,Central de Atendimento,6-24 meses,9,Consegui acompanhar minha carteira,202.0,,cdb,10,explicacao risco,Chat,Reaberto,Nao entendi a cobranca,CDB
202.0,2026-05-10 00:00:00,PRD_CAR,12.0,1.0,73.3,0.0,202,Carteira Administrada,FD00281,C00202,2025-12-03,2025T4,Private,Tesouro Direto,Central de Atendimento,6-24 meses,9,Consegui acompanhar minha carteira,202.0,04-27-2026,Fundos,10,resgate,Telefone,Resolvido,"Atendimento resolveu, mas demorou",Fundos
202.0,2026-05-10 00:00:00,PRD_CAR,12.0,1.0,73.3,0.0,202,Carteira Administrada,FD00281,C00202,2025-12-03,2025T4,Private,Tesouro Direto,Central de Atendimento,6-24 meses,9,Consegui acompanhar minha carteira,202.0,02-19-2026,cdb,8,reclamacao atendimento,Telefone,Resolvido,Aplicativo poderia explicar melhor,CDB
202.0,2026-05-10 00:00:00,PRD_CAR,12.0,1.0,73.3,0.0,202,Carteira Administrada,FD00370,C00202,2025-10-12,2025T4,Private,CDB,App,2-5 anos,9,Assessoria ajudou na decisao,202.0,,cdb,10,explicacao risco,Chat,Reaberto,Nao entendi a cobranca,CDB
202.0,2026-05-10 00:00:00,PRD_CAR,12.0,1.0,73.3,0.0,202,Carteira Administrada,FD00370,C00202,2025-10-12,2025T4,Private,CDB,App,2-5 anos,9,Assessoria ajudou na decisao,202.0,04-27-2026,Fundos,10,resgate,Telefone,Resolvido,"Atendimento resolveu, mas demorou",Fundos
202.0,2026-05-10 00:00:00,PRD_CAR,12.0,1.0,73.3,0.0,202,Carteira Administrada,FD00370,C00202,2025-10-12,2025T4,Private,CDB,App,2-5 anos,9,Assessoria ajudou na decisao,202.0,02-19-2026,cdb,8,reclamacao atendimento,Telefone,Resolvido,Aplicativo poderia explicar melhor,CDB
202.0,2026-05-10 00:00:00,PRD_CAR,12.0,1.0,73.3,0.0,202,Carteira Administrada,FD00482,C00202,2026-02-18,2026T1,Private,CDB,App,5+ anos,9,Boa experiencia no aplicativo,202.0,,cdb,10,explicacao risco,Chat,Reaberto,Nao entendi a cobranca,CDB
202.0,2026-05-10 00:00:00,PRD_CAR,12.0,1.0,73.3,0.0,202,Carteira Administrada,FD00482,C00202,2026-02-18,2026T1,Private,CDB,App,5+ anos,9,Boa experiencia no aplicativo,202.0,04-27-2026,Fundos,10,resgate,Telefone,Resolvido,"Atendimento resolveu, mas demorou",Fundos
202.0,2026-05-10 00:00:00,PRD_CAR,12.0,1.0,73.3,0.0,202,Carteira Administrada,FD00482,C00202,2026-02-18,2026T1,Private,CDB,App,5+ anos,9,Boa experiencia no aplicativo,202.0,02-19-2026,cdb,8,reclamacao atendimento,Telefone,Resolvido,Aplicativo poderia explicar melhor,CDB
202.0,2026-05-10 00:00:00,PRD_CAR,12.0,1.0,73.3,0.0,202,Carteira Administrada,FD00509,C00202,2026-02-27,2026T1,Private,CDB,App,6-24 meses,10,Informacoes estavam faceis de encontrar,202.0,,cdb,10,explicacao risco,Chat,Reaberto,Nao entendi a cobranca,CDB
202.0,2026-05-10 00:00:00,PRD_CAR,12.0,1.0,73.3,0.0,202,Carteira Administrada,FD00509,C00202,2026-02-27,2026T1,Private,CDB,App,6-24 meses,10,Informacoes estavam faceis de encontrar,202.0,04-27-2026,Fundos,10,resgate,Telefone,Resolvido,"Atendimento resolveu, mas demorou",Fundos
202.0,2026-05-10 00:00:00,PRD_CAR,12.0,1.0,73.3,0.0,202,Carteira Administrada,FD00509,C00202,2026-02-27,2026T1,Private,CDB,App,6-24 meses,10,Informacoes estavam faceis de encontrar,202.0,02-19-2026,cdb,8,reclamacao atendimento,Telefone,Resolvido,Aplicativo poderia explicar melhor,CDB
202.0,2026-05-10 00:00:00,PRD_CAR,12.0,1.0,73.3,0.0,202,Carteira Administrada,FD00544,C00202,2026-03-31,2026T1,Private,CDB,Central de Atendimento,0-6 meses,10,Assessoria ajudou na decisao,202.0,,cdb,10,explicacao risco,Chat,Reaberto,Nao entendi a cobranca,CDB
202.0,2026-05-10 00:00:00,PRD_CAR,12.0,1.0,73.3,0.0,202,Carteira Administrada,FD00544,C00202,2026-03-31,2026T1,Private,CDB,Central de Atendimento,0-6 meses,10,Assessoria ajudou na decisao,202.0,04-27-2026,Fundos,10,resgate,Telefone,Resolvido,"Atendimento resolveu, mas demorou",Fundos
202.0,2026-05-10 00:00:00,PRD_CAR,12.0,1.0,73.3,0.0,202,Carteira Administrada,FD00544,C00202,2026-03-31,2026T1,Private,CDB,Central de Atendimento,0-6 meses,10,Assessoria ajudou na decisao,202.0,02-19-2026,cdb,8,reclamacao atendimento,Telefone,Resolvido,Aplicativo poderia explicar melhor,CDB
202.0,2026-05-10 00:00:00,PRD_CAR,12.0,1.0,73.3,0.0,202,Carteira Administrada,FD00870,C00202,2026-04-28,2026T2,Private,Fundos,App,5+ anos,10,Assessoria ajudou na decisao,202.0,,cdb,10,explicacao risco,Chat,Reaberto,Nao entendi a cobranca,CDB
202.0,2026-05-10 00:00:00,PRD_CAR,12.0,1.0,73.3,0.0,202,Carteira Administrada,FD00870,C00202,2026-04-28,2026T2,Private,Fundos,App,5+ anos,10,Assessoria ajudou na decisao,202.0,04-27-2026,Fundos,10,resgate,Telefone,Resolvido,"Atendimento resolveu, mas demorou",Fundos
202.0,2026-05-10 00:00:00,PRD_CAR,12.0,1.0,73.3,0.0,202,Carteira Administrada,FD00870,C00202,2026-04-28,2026T2,Private,Fundos,App,5+ anos,10,Assessoria ajudou na decisao,202.0,02-19-2026,cdb,8,reclamacao atendimento,Telefone,Resolvido,Aplicativo poderia explicar melhor,CDB
202.0,2026-05-10 00:00:00,PRD_CAR,12.0,1.0,73.3,0.0,202,Carteira Administrada,FD00876,C00202,2026-05-08,2026T2,Private,Carteira Administrada,App,6-24 meses,4,Nao ficou claro o risco do produto,202.0,,cdb,10,explicacao risco,Chat,Reaberto,Nao entendi a cobranca,CDB
202.0,2026-05-10 00:00:00,PRD_CAR,12.0,1.0,73.3,0.0,202,Carteira Administrada,FD00876,C00202,2026-05-08,2026T2,Private,Carteira Administrada,App,6-24 meses,4,Nao ficou claro o risco do produto,202.0,04-27-2026,Fundos,10,resgate,Telefone,Resolvido,"Atendimento resolveu, mas demorou",Fundos
202.0,2026-05-10 00:00:00,PRD_CAR,12.0,1.0,73.3,0.0,202,Carteira Administrada,FD00876,C00202,2026-05-08,2026T2,Private,Carteira Administrada,App,6-24 meses,4,Nao ficou claro o risco do produto,202.0,02-19-2026,cdb,8,reclamacao atendimento,Telefone,Resolvido,Aplicativo poderia explicar melhor,CDB
203.0,2025-07-26 00:00:00,PRD_FND,4.0,0.0,26.5,0.0,203,Fundos,FD00039,C00203,2025-07-01,2025T3,Private,CDB,App,0-6 meses,8,Tive duvida sobre rentabilidade,,,,,,,,,
203.0,2025-07-26 00:00:00,PRD_FND,4.0,0.0,26.5,0.0,203,Fundos,FD00110,C00203,2025-08-02,2025T3,Private,Fundos,App,2-5 anos,9,Assessoria ajudou na decisao,,,,,,,,,
203.0,2025-07-26 00:00:00,PRD_FND,4.0,0.0,26.5,0.0,203,Fundos,FD00167,C00203,2025-09-20,2025T3,Private,Tesouro Direto,Assessoria,2-5 anos,10,Consegui acompanhar minha carteira,,,,,,,,,
203.0,2025-07-26 00:00:00,PRD_FND,4.0,0.0,26.5,0.0,203,Fundos,FD00263,C00203,2025-11-12,2025T4,Private,Tesouro Direto,App,5+ anos,9,Boa experiencia no aplicativo,,,,,,,,,
203.0,2025-07-26 00:00:00,PRD_FND,4.0,0.0,26.5,0.0,203,Fundos,FD00539,C00203,2026-02-15,2026T1,Private,Fundos,Central de Atendimento,0-6 meses,9,Informacoes estavam faceis de encontrar,,,,,,,,,
203.0,2026-02-05 00:00:00,PRD_FND,5.0,0.0,2.7,0.0,203,Fundos,FD00039,C00203,2025-07-01,2025T3,Private,CDB,App,0-6 meses,8,Tive duvida sobre rentabilidade,,,,,,,,,
203.0,2026-02-05 00:00:00,PRD_FND,5.0,0.0,2.7,0.0,203,Fundos,FD00110,C00203,2025-08-02,2025T3,Private,Fundos,App,2-5 anos,9,Assessoria ajudou na decisao,,,,,,,,,
203.0,2026-02-05 00:00:00,PRD_FND,5.0,0.0,2.7,0.0,203,Fundos,FD00167,C00203,2025-09-20,2025T3,Private,Tesouro Direto,Assessoria,2-5 anos,10,Consegui acompanhar minha carteira,,,,,,,,,
203.0,2026-02-05 00:00:00,PRD_FND,5.0,0.0,2.7,0.0,203,Fundos,FD00263,C00203,2025-11-12,2025T4,Private,Tesouro Direto,App,5+ anos,9,Boa experiencia no aplicativo,,,,,,,,,
203.0,2026-02-05 00:00:00,PRD_FND,5.0,0.0,2.7,0.0,203,Fundos,FD00539,C00203,2026-02-15,2026T1,Private,Fundos,Central de Atendimento,0-6 meses,9,Informacoes estavam faceis de encontrar,,,,,,,,,
203.0,2025-07-05 00:00:00,PRD_CDB,4.0,0.0,32.2,0.0,203,CDB,FD00039,C00203,2025-07-01,2025T3,Private,CDB,App,0-6 meses,8,Tive duvida sobre rentabilidade,,,,,,,,,
203.0,2025-07-05 00:00:00,PRD_CDB,4.0,0.0,32.2,0.0,203,CDB,FD00110,C00203,2025-08-02,2025T3,Private,Fundos,App,2-5 anos,9,Assessoria ajudou na decisao,,,,,,,,,
203.0,2025-07-05 00:00:00,PRD_CDB,4.0,0.0,32.2,0.0,203,CDB,FD00167,C00203,2025-09-20,2025T3,Private,Tesouro Direto,Assessoria,2-5 anos,10,Consegui acompanhar minha carteira,,,,,,,,,
203.0,2025-07-05 00:00:00,PRD_CDB,4.0,0.0,32.2,0.0,203,CDB,FD00263,C00203,2025-11-12,2025T4,Private,Tesouro Direto,App,5+ anos,9,Boa experiencia no aplicativo,,,,,,,,,
203.0,2025-07-05 00:00:00,PRD_CDB,4.0,0.0,32.2,0.0,203,CDB,FD00539,C00203,2026-02-15,2026T1,Private,Fundos,Central de Atendimento,0-6 meses,9,Informacoes estavam faceis de encontrar,,,,,,,,,
203.0,2025-09-21 00:00:00,PRD_TES,7.0,0.0,1.0,0.0,203,Tesouro Direto,FD00039,C00203,2025-07-01,2025T3,Private,CDB,App,0-6 meses,8,Tive duvida sobre rentabilidade,,,,,,,,,
203.0,2025-09-21 00:00:00,PRD_TES,7.0,0.0,1.0,0.0,203,Tesouro Direto,FD00110,C00203,2025-08-02,2025T3,Private,Fundos,App,2-5 anos,9,Assessoria ajudou na decisao,,,,,,,,,
203.0,2025-09-21 00:00:00,PRD_TES,7.0,0.0,1.0,0.0,203,Tesouro Direto,FD00167,C00203,2025-09-20,2025T3,Private,Tesouro Direto,Assessoria,2-5 anos,10,Consegui acompanhar minha carteira,,,,,,,,,
203.0,2025-09-21 00:00:00,PRD_TES,7.0,0.0,1.0,0.0,203,Tesouro Direto,FD00263,C00203,2025-11-12,2025T4,Private,Tesouro Direto,App,5+ anos,9,Boa experiencia no aplicativo,,,,,,,,,
203.0,2025-09-21 00:00:00,PRD_TES,7.0,0.0,1.0,0.0,203,Tesouro Direto,FD00539,C00203,2026-02-15,2026T1,Private,Fundos,Central de Atendimento,0-6 meses,9,Informacoes estavam faceis de encontrar,,,,,,,,,
206.0,2025-09-12 00:00:00,PRD_FND,4.0,1.0,25.5,0.0,206,Fundos,FD00096,C00206,2025-09-06,2025T3,Private,Fundos,Assessoria,6-24 meses,10,Boa experiencia no aplicativo,,,,,,,,,
206.0,2025-09-12 00:00:00,PRD_FND,4.0,1.0,25.5,0.0,206,Fundos,FD00096,C00206,2025-09-06,2025T3,Private,Fundos,Assessoria,6-24 meses,10,Boa experiencia no aplicativo,,,,,,,,,
207.0,2025-11-20 00:00:00,PRD_CDB,4.0,0.0,13.9,0.0,207,CDB,FD00320,C00207,2025-11-22,2025T4,Private,CDB,Internet Banking,6-24 meses,10,Atendimento claro e rapido,207.0,21/11/2025,cdb,10,explicacao risco,Telefone,Resolvido,Demora para resolver meu problema,CDB
207.0,2025-11-20 00:00:00,PRD_CDB,4.0,0.0,13.9,0.0,207,CDB,FD00320,C00207,2025-11-22,2025T4,Private,CDB,Internet Banking,6-24 meses,10,Atendimento claro e rapido,207.0,12/04/2026,Carteira Administrada,9,cadastro,Agencia,Resolvido,,Carteira Administrada
207.0,2025-11-20 00:00:00,PRD_CDB,4.0,0.0,13.9,0.0,207,CDB,FD00990,C00207,2026-04-13,2026T2,Private,Carteira Administrada,App,5+ anos,9,Boa experiencia no aplicativo,207.0,21/11/2025,cdb,10,explicacao risco,Telefone,Resolvido,Demora para resolver meu problema,CDB
207.0,2025-11-20 00:00:00,PRD_CDB,4.0,0.0,13.9,0.0,207,CDB,FD00990,C00207,2026-04-13,2026T2,Private,Carteira Administrada,App,5+ anos,9,Boa experiencia no aplicativo,207.0,12/04/2026,Carteira Administrada,9,cadastro,Agencia,Resolvido,,Carteira Administrada
207.0,2026-04-08 00:00:00,PRD_CAR,10.0,0.0,70.7,0.0,207,Carteira Administrada,FD00320,C00207,2025-11-22,2025T4,Private,CDB,Internet Banking,6-24 meses,10,Atendimento claro e rapido,207.0,21/11/2025,cdb,10,explicacao risco,Telefone,Resolvido,Demora para resolver meu problema,CDB
207.0,2026-04-08 00:00:00,PRD_CAR,10.0,0.0,70.7,0.0,207,Carteira Administrada,FD00320,C00207,2025-11-22,2025T4,Private,CDB,Internet Banking,6-24 meses,10,Atendimento claro e rapido,207.0,12/04/2026,Carteira Administrada,9,cadastro,Agencia,Resolvido,,Carteira Administrada
207.0,2026-04-08 00:00:00,PRD_CAR,10.0,0.0,70.7,0.0,207,Carteira Administrada,FD00990,C00207,2026-04-13,2026T2,Private,Carteira Administrada,App,5+ anos,9,Boa experiencia no aplicativo,207.0,21/11/2025,cdb,10,explicacao risco,Telefone,Resolvido,Demora para resolver meu problema,CDB
207.0,2026-04-08 00:00:00,PRD_CAR,10.0,0.0,70.7,0.0,207,Carteira Administrada,FD00990,C00207,2026-04-13,2026T2,Private,Carteira Administrada,App,5+ anos,9,Boa experiencia no aplicativo,207.0,12/04/2026,Carteira Administrada,9,cadastro,Agencia,Resolvido,,Carteira Administrada
208.0,2026-03-16 00:00:00,PRD_TES,14.0,1.0,48.1,0.0,208,Tesouro Direto,FD00546,C00208,2026-03-17,2026T1,Varejo,Tesouro Direto,App,2-5 anos,9,Assessoria ajudou na decisao,,,,,,,,,
209.0,2026-03-15 00:00:00,PRD_TES,8.0,0.0,16.1,0.0,209,Tesouro Direto,FD00547,C00209,2026-02-12,2026T1,Private,Carteira Administrada,App,6-24 meses,1,Nao consegui falar com assessor,209.0,22-Mar-26,TESOURO DIRETO,10,reclamacao atendimento,Chat,Resolvido,Assessoria ajudou na decisao,Tesouro Direto
209.0,2026-03-15 00:00:00,PRD_TES,8.0,0.0,16.1,0.0,209,Tesouro Direto,FD00548,C00209,2026-03-24,2026T1,Private,Tesouro Direto,App,6-24 meses,10,Atendimento claro e rapido,209.0,22-Mar-26,TESOURO DIRETO,10,reclamacao atendimento,Chat,Resolvido,Assessoria ajudou na decisao,Tesouro Direto
209.0,2026-03-15 00:00:00,PRD_TES,8.0,0.0,16.1,0.0,209,Tesouro Direto,FD00725,C00209,2026-05-09,2026T2,Private,Fundos,Assessoria,5+ anos,10,Consegui acompanhar minha carteira,209.0,22-Mar-26,TESOURO DIRETO,10,reclamacao atendimento,Chat,Resolvido,Assessoria ajudou na decisao,Tesouro Direto
209.0,2026-02-08 00:00:00,PRD_CAR,10.0,0.0,50.8,0.0,209,Carteira Administrada,FD00547,C00209,2026-02-12,2026T1,Private,Carteira Administrada,App,6-24 meses,1,Nao consegui falar com assessor,209.0,22-Mar-26,TESOURO DIRETO,10,reclamacao atendimento,Chat,Resolvido,Assessoria ajudou na decisao,Tesouro Direto
209.0,2026-02-08 00:00:00,PRD_CAR,10.0,0.0,50.8,0.0,209,Carteira Administrada,FD00548,C00209,2026-03-24,2026T1,Private,Tesouro Direto,App,6-24 meses,10,Atendimento claro e rapido,209.0,22-Mar-26,TESOURO DIRETO,10,reclamacao atendimento,Chat,Resolvido,Assessoria ajudou na decisao,Tesouro Direto
209.0,2026-02-08 00:00:00,PRD_CAR,10.0,0.0,50.8,0.0,209,Carteira Administrada,FD00725,C00209,2026-05-09,2026T2,Private,Fundos,Assessoria,5+ anos,10,Consegui acompanhar minha carteira,209.0,22-Mar-26,TESOURO DIRETO,10,reclamacao atendimento,Chat,Resolvido,Assessoria ajudou na decisao,Tesouro Direto
210.0,2025-11-26 00:00:00,PRD_CDB,4.0,0.0,18.4,0.0,210,CDB,FD00315,C00210,2025-11-17,2025T4,Private,CDB,Assessoria,6-24 meses,9,Assessoria ajudou na decisao,,,,,,,,,
211.0,2026-02-19 00:00:00,PRD_CDB,10.0,0.0,11.9,1.0,211,CDB,FD00042,C00211,2025-08-03,2025T3,Alta Renda,Tesouro Direto,Central de Atendimento,5+ anos,9,Consegui acompanhar minha carteira,211.0,26/10/2025,CDB,9,duvida rentabilidade,Chat,Pendente,Informacoes divergentes sobre o produto,CDB
211.0,2026-02-19 00:00:00,PRD_CDB,10.0,0.0,11.9,1.0,211,CDB,FD00376,C00211,2025-10-24,2025T4,Alta Renda,CDB,App,2-5 anos,9,Assessoria ajudou na decisao,211.0,26/10/2025,CDB,9,duvida rentabilidade,Chat,Pendente,Informacoes divergentes sobre o produto,CDB
211.0,2026-02-19 00:00:00,PRD_CDB,10.0,0.0,11.9,1.0,211,CDB,FD00595,C00211,2026-02-18,2026T1,Alta Renda,CDB,App,5+ anos,9,Atendimento claro e rapido,211.0,26/10/2025,CDB,9,duvida rentabilidade,Chat,Pendente,Informacoes divergentes sobre o produto,CDB
211.0,2025-07-31 00:00:00-03:00,PRD_TES,3.0,0.0,24.6,0.0,211,Tesouro Direto,FD00042,C00211,2025-08-03,2025T3,Alta Renda,Tesouro Direto,Central de Atendimento,5+ anos,9,Consegui acompanhar minha carteira,211.0,26/10/2025,CDB,9,duvida rentabilidade,Chat,Pendente,Informacoes divergentes sobre o produto,CDB
211.0,2025-07-31 00:00:00-03:00,PRD_TES,3.0,0.0,24.6,0.0,211,Tesouro Direto,FD00376,C00211,2025-10-24,2025T4,Alta Renda,CDB,App,2-5 anos,9,Assessoria ajudou na decisao,211.0,26/10/2025,CDB,9,duvida rentabilidade,Chat,Pendente,Informacoes divergentes sobre o produto,CDB
211.0,2025-07-31 00:00:00-03:00,PRD_TES,3.0,0.0,24.6,0.0,211,Tesouro Direto,FD00595,C00211,2026-02-18,2026T1,Alta Renda,CDB,App,5+ anos,9,Atendimento claro e rapido,211.0,26/10/2025,CDB,9,duvida rentabilidade,Chat,Pendente,Informacoes divergentes sobre o produto,CDB
211.0,2025-10-31 00:00:00,PRD_CDB,12.0,0.0,1.0,0.0,211,CDB,FD00042,C00211,2025-08-03,2025T3,Alta Renda,Tesouro Direto,Central de Atendimento,5+ anos,9,Consegui acompanhar minha carteira,211.0,26/10/2025,CDB,9,duvida rentabilidade,Chat,Pendente,Informacoes divergentes sobre o produto,CDB
211.0,2025-10-31 00:00:00,PRD_CDB,12.0,0.0,1.0,0.0,211,CDB,FD00376,C00211,2025-10-24,2025T4,Alta Renda,CDB,App,2-5 anos,9,Assessoria ajudou na decisao,211.0,26/10/2025,CDB,9,duvida rentabilidade,Chat,Pendente,Informacoes divergentes sobre o produto,CDB
211.0,2025-10-31 00:00:00,PRD_CDB,12.0,0.0,1.0,0.0,211,CDB,FD00595,C00211,2026-02-18,2026T1,Alta Renda,CDB,App,5+ anos,9,Atendimento claro e rapido,211.0,26/10/2025,CDB,9,duvida rentabilidade,Chat,Pendente,Informacoes divergentes sobre o produto,CDB
212.0,2026-04-15 00:00:00,PRD_CDB,10.0,0.0,18.3,0.0,212,CDB,FD00757,C00212,2026-06-19,2026T2,Varejo,CDB,Internet Banking,2-5 anos,8,"Experiencia ok, mas poderia ser mais simples",,,,,,,,,
212.0,2026-04-15 00:00:00,PRD_CDB,10.0,0.0,18.3,0.0,212,CDB,FD00853,C00212,2026-04-19,2026T2,Varejo,CDB,Assessoria,5+ anos,7,"Atendimento resolveu, mas demorou",,,,,,,,,
212.0,2026-06-10 00:00:00,PRD_CDB,4.0,0.0,23.1,0.0,212,CDB,FD00757,C00212,2026-06-19,2026T2,Varejo,CDB,Internet Banking,2-5 anos,8,"Experiencia ok, mas poderia ser mais simples",,,,,,,,,
212.0,2026-06-10 00:00:00,PRD_CDB,4.0,0.0,23.1,0.0,212,CDB,FD00853,C00212,2026-04-19,2026T2,Varejo,CDB,Assessoria,5+ anos,7,"Atendimento resolveu, mas demorou",,,,,,,,,
213.0,2025-09-29 00:00:00,PRD_FND,3.0,0.0,21.5,0.0,213,Fundos,FD00157,C00213,2025-09-28,2025T3,Varejo,Fundos,Central de Atendimento,6-24 meses,9,Consegui acompanhar minha carteira,,,,,,,,,
214.0,2025-08-16 00:00:00,PRD_CAR,6.0,0.0,27.4,0.0,214,Carteira Administrada,FD00089,C00214,2025-08-09,2025T3,Private,Carteira Administrada,App,2-5 anos,8,Aplicativo poderia explicar melhor,,,,,,,,,
214.0,2025-08-16 00:00:00,PRD_CAR,6.0,0.0,27.4,0.0,214,Carteira Administrada,FD00134,C00214,2025-07-01,2025T3,Private,Fundos,App,2-5 anos,10,Assessoria ajudou na decisao,,,,,,,,,
214.0,2025-08-16 00:00:00,PRD_CAR,6.0,0.0,27.4,0.0,214,Carteira Administrada,FD00523,C00214,2026-03-09,2026T1,Private,COE,App,5+ anos,10,Consegui acompanhar minha carteira,,,,,,,,,
214.0,2025-08-16 00:00:00,PRD_CAR,6.0,0.0,27.4,0.0,214,Carteira Administrada,FD00588,C00214,2026-03-06,2026T1,Private,Fundos,Internet Banking,6-24 meses,9,Informacoes estavam faceis de encontrar,,,,,,,,,
214.0,2026-03-07 00:00:00,PRD_FND,5.0,0.0,11.6,0.0,214,Fundos,FD00089,C00214,2025-08-09,2025T3,Private,Carteira Administrada,App,2-5 anos,8,Aplicativo poderia explicar melhor,,,,,,,,,
214.0,2026-03-07 00:00:00,PRD_FND,5.0,0.0,11.6,0.0,214,Fundos,FD00134,C00214,2025-07-01,2025T3,Private,Fundos,App,2-5 anos,10,Assessoria ajudou na decisao,,,,,,,,,
214.0,2026-03-07 00:00:00,PRD_FND,5.0,0.0,11.6,0.0,214,Fundos,FD00523,C00214,2026-03-09,2026T1,Private,COE,App,5+ anos,10,Consegui acompanhar minha carteira,,,,,,,,,
214.0,2026-03-07 00:00:00,PRD_FND,5.0,0.0,11.6,0.0,214,Fundos,FD00588,C00214,2026-03-06,2026T1,Private,Fundos,Internet Banking,6-24 meses,9,Informacoes estavam faceis de encontrar,,,,,,,,,
214.0,2026-03-19 00:00:00,PRD_COE,7.0,0.0,25.4,0.0,214,COE,FD00089,C00214,2025-08-09,2025T3,Private,Carteira Administrada,App,2-5 anos,8,Aplicativo poderia explicar melhor,,,,,,,,,
214.0,2026-03-19 00:00:00,PRD_COE,7.0,0.0,25.4,0.0,214,COE,FD00134,C00214,2025-07-01,2025T3,Private,Fundos,App,2-5 anos,10,Assessoria ajudou na decisao,,,,,,,,,
214.0,2026-03-19 00:00:00,PRD_COE,7.0,0.0,25.4,0.0,214,COE,FD00523,C00214,2026-03-09,2026T1,Private,COE,App,5+ anos,10,Consegui acompanhar minha carteira,,,,,,,,,
214.0,2026-03-19 00:00:00,PRD_COE,7.0,0.0,25.4,0.0,214,COE,FD00588,C00214,2026-03-06,2026T1,Private,Fundos,Internet Banking,6-24 meses,9,Informacoes estavam faceis de encontrar,,,,,,,,,
214.0,2025-07-02 00:00:00,PRD_FND,8.0,0.0,32.3,0.0,214,Fundos,FD00089,C00214,2025-08-09,2025T3,Private,Carteira Administrada,App,2-5 anos,8,Aplicativo poderia explicar melhor,,,,,,,,,
214.0,2025-07-02 00:00:00,PRD_FND,8.0,0.0,32.3,0.0,214,Fundos,FD00134,C00214,2025-07-01,2025T3,Private,Fundos,App,2-5 anos,10,Assessoria ajudou na decisao,,,,,,,,,
214.0,2025-07-02 00:00:00,PRD_FND,8.0,0.0,32.3,0.0,214,Fundos,FD00523,C00214,2026-03-09,2026T1,Private,COE,App,5+ anos,10,Consegui acompanhar minha carteira,,,,,,,,,
214.0,2025-07-02 00:00:00,PRD_FND,8.0,0.0,32.3,0.0,214,Fundos,FD00588,C00214,2026-03-06,2026T1,Private,Fundos,Internet Banking,6-24 meses,9,Informacoes estavam faceis de encontrar,,,,,,,,,
215.0,2025-10-03 00:00:00,PRD_CDB,10.0,0.0,14.8,1.0,215,CDB,FD00359,C00215,2025-10-10,2025T4,Varejo,CDB,App,2-5 anos,9,Assessoria ajudou na decisao,,,,,,,,,
216.0,2026-02-07 00:00:00,PRD_FND,9.0,0.0,23.1,0.0,216,Fundos,FD00206,C00216,2025-09-12,2025T3,Private,CDB,Internet Banking,2-5 anos,9,Boa experiencia no aplicativo,,,,,,,,,
216.0,2026-02-07 00:00:00,PRD_FND,9.0,0.0,23.1,0.0,216,Fundos,FD00478,C00216,2026-02-03,2026T1,Private,Fundos,App,6-24 meses,4,Aplicativo travou durante consulta,,,,,,,,,
217.0,2025-11-19 00:00:00,PRD_TES,4.0,0.0,20.8,0.0,217,Tesouro Direto,FD00417,C00217,2025-11-27,2025T4,Alta Renda,Tesouro Direto,App,2-5 anos,9,Informacoes estavam faceis de encontrar,217.0,19/02/2026,C.D.B.,9,reclamacao atendimento,Telefone,Resolvido,Aplicativo poderia explicar melhor,CDB
217.0,2025-11-19 00:00:00,PRD_TES,4.0,0.0,20.8,0.0,217,Tesouro Direto,FD00417,C00217,2025-11-27,2025T4,Alta Renda,Tesouro Direto,App,2-5 anos,9,Informacoes estavam faceis de encontrar,217.0,19/04/2026,cdb,2,resgate,E-mail,Resolvido,Nao entendi a cobranca,CDB
217.0,2025-11-19 00:00:00,PRD_TES,4.0,0.0,20.8,0.0,217,Tesouro Direto,FD00486,C00217,2026-02-22,2026T1,Alta Renda,CDB,Assessoria,2-5 anos,9,Atendimento claro e rapido,217.0,19/02/2026,C.D.B.,9,reclamacao atendimento,Telefone,Resolvido,Aplicativo poderia explicar melhor,CDB
217.0,2025-11-19 00:00:00,PRD_TES,4.0,0.0,20.8,0.0,217,Tesouro Direto,FD00486,C00217,2026-02-22,2026T1,Alta Renda,CDB,Assessoria,2-5 anos,9,Atendimento claro e rapido,217.0,19/04/2026,cdb,2,resgate,E-mail,Resolvido,Nao entendi a cobranca,CDB
217.0,2025-11-19 00:00:00,PRD_TES,4.0,0.0,20.8,0.0,217,Tesouro Direto,FD00685,C00217,2026-02-22,2026T1,Alta Renda,Fundos,App,0-6 meses,10,Atendimento claro e rapido,217.0,19/02/2026,C.D.B.,9,reclamacao atendimento,Telefone,Resolvido,Aplicativo poderia explicar melhor,CDB
217.0,2025-11-19 00:00:00,PRD_TES,4.0,0.0,20.8,0.0,217,Tesouro Direto,FD00685,C00217,2026-02-22,2026T1,Alta Renda,Fundos,App,0-6 meses,10,Atendimento claro e rapido,217.0,19/04/2026,cdb,2,resgate,E-mail,Resolvido,Nao entendi a cobranca,CDB
217.0,2025-11-19 00:00:00,PRD_TES,4.0,0.0,20.8,0.0,217,Tesouro Direto,FD00964,C00217,2026-04-22,2026T2,Alta Renda,CDB,App,2-5 anos,3,Nao entendi a cobranca,217.0,19/02/2026,C.D.B.,9,reclamacao atendimento,Telefone,Resolvido,Aplicativo poderia explicar melhor,CDB
217.0,2025-11-19 00:00:00,PRD_TES,4.0,0.0,20.8,0.0,217,Tesouro Direto,FD00964,C00217,2026-04-22,2026T2,Alta Renda,CDB,App,2-5 anos,3,Nao entendi a cobranca,217.0,19/04/2026,cdb,2,resgate,E-mail,Resolvido,Nao entendi a cobranca,CDB
217.0,2026-04-15 00:00:00,PRD_CDB,11.0,0.0,21.0,1.0,217,CDB,FD00417,C00217,2025-11-27,2025T4,Alta Renda,Tesouro Direto,App,2-5 anos,9,Informacoes estavam faceis de encontrar,217.0,19/02/2026,C.D.B.,9,reclamacao atendimento,Telefone,Resolvido,Aplicativo poderia explicar melhor,CDB
217.0,2026-04-15 00:00:00,PRD_CDB,11.0,0.0,21.0,1.0,217,CDB,FD00417,C00217,2025-11-27,2025T4,Alta Renda,Tesouro Direto,App,2-5 anos,9,Informacoes estavam faceis de encontrar,217.0,19/04/2026,cdb,2,resgate,E-mail,Resolvido,Nao entendi a cobranca,CDB
217.0,2026-04-15 00:00:00,PRD_CDB,11.0,0.0,21.0,1.0,217,CDB,FD00486,C00217,2026-02-22,2026T1,Alta Renda,CDB,Assessoria,2-5 anos,9,Atendimento claro e rapido,217.0,19/02/2026,C.D.B.,9,reclamacao atendimento,Telefone,Resolvido,Aplicativo poderia explicar melhor,CDB
217.0,2026-04-15 00:00:00,PRD_CDB,11.0,0.0,21.0,1.0,217,CDB,FD00486,C00217,2026-02-22,2026T1,Alta Renda,CDB,Assessoria,2-5 anos,9,Atendimento claro e rapido,217.0,19/04/2026,cdb,2,resgate,E-mail,Resolvido,Nao entendi a cobranca,CDB
217.0,2026-04-15 00:00:00,PRD_CDB,11.0,0.0,21.0,1.0,217,CDB,FD00685,C00217,2026-02-22,2026T1,Alta Renda,Fundos,App,0-6 meses,10,Atendimento claro e rapido,217.0,19/02/2026,C.D.B.,9,reclamacao atendimento,Telefone,Resolvido,Aplicativo poderia explicar melhor,CDB
217.0,2026-04-15 00:00:00,PRD_CDB,11.0,0.0,21.0,1.0,217,CDB,FD00685,C00217,2026-02-22,2026T1,Alta Renda,Fundos,App,0-6 meses,10,Atendimento claro e rapido,217.0,19/04/2026,cdb,2,resgate,E-mail,Resolvido,Nao entendi a cobranca,CDB
217.0,2026-04-15 00:00:00,PRD_CDB,11.0,0.0,21.0,1.0,217,CDB,FD00964,C00217,2026-04-22,2026T2,Alta Renda,CDB,App,2-5 anos,3,Nao entendi a cobranca,217.0,19/02/2026,C.D.B.,9,reclamacao atendimento,Telefone,Resolvido,Aplicativo poderia explicar melhor,CDB
217.0,2026-04-15 00:00:00,PRD_CDB,11.0,0.0,21.0,1.0,217,CDB,FD00964,C00217,2026-04-22,2026T2,Alta Renda,CDB,App,2-5 anos,3,Nao entendi a cobranca,217.0,19/04/2026,cdb,2,resgate,E-mail,Resolvido,Nao entendi a cobranca,CDB
217.0,2026-02-12 00:00:00,PRD_CDB,6.0,0.0,20.0,0.0,217,CDB,FD00417,C00217,2025-11-27,2025T4,Alta Renda,Tesouro Direto,App,2-5 anos,9,Informacoes estavam faceis de encontrar,217.0,19/02/2026,C.D.B.,9,reclamacao atendimento,Telefone,Resolvido,Aplicativo poderia explicar melhor,CDB
217.0,2026-02-12 00:00:00,PRD_CDB,6.0,0.0,20.0,0.0,217,CDB,FD00417,C00217,2025-11-27,2025T4,Alta Renda,Tesouro Direto,App,2-5 anos,9,Informacoes estavam faceis de encontrar,217.0,19/04/2026,cdb,2,resgate,E-mail,Resolvido,Nao entendi a cobranca,CDB
217.0,2026-02-12 00:00:00,PRD_CDB,6.0,0.0,20.0,0.0,217,CDB,FD00486,C00217,2026-02-22,2026T1,Alta Renda,CDB,Assessoria,2-5 anos,9,Atendimento claro e rapido,217.0,19/02/2026,C.D.B.,9,reclamacao atendimento,Telefone,Resolvido,Aplicativo poderia explicar melhor,CDB
217.0,2026-02-12 00:00:00,PRD_CDB,6.0,0.0,20.0,0.0,217,CDB,FD00486,C00217,2026-02-22,2026T1,Alta Renda,CDB,Assessoria,2-5 anos,9,Atendimento claro e rapido,217.0,19/04/2026,cdb,2,resgate,E-mail,Resolvido,Nao entendi a cobranca,CDB
217.0,2026-02-12 00:00:00,PRD_CDB,6.0,0.0,20.0,0.0,217,CDB,FD00685,C00217,2026-02-22,2026T1,Alta Renda,Fundos,App,0-6 meses,10,Atendimento claro e rapido,217.0,19/02/2026,C.D.B.,9,reclamacao atendimento,Telefone,Resolvido,Aplicativo poderia explicar melhor,CDB
217.0,2026-02-12 00:00:00,PRD_CDB,6.0,0.0,20.0,0.0,217,CDB,FD00685,C00217,2026-02-22,2026T1,Alta Renda,Fundos,App,0-6 meses,10,Atendimento claro e rapido,217.0,19/04/2026,cdb,2,resgate,E-mail,Resolvido,Nao entendi a cobranca,CDB
217.0,2026-02-12 00:00:00,PRD_CDB,6.0,0.0,20.0,0.0,217,CDB,FD00964,C00217,2026-04-22,2026T2,Alta Renda,CDB,App,2-5 anos,3,Nao entendi a cobranca,217.0,19/02/2026,C.D.B.,9,reclamacao atendimento,Telefone,Resolvido,Aplicativo poderia explicar melhor,CDB
217.0,2026-02-12 00:00:00,PRD_CDB,6.0,0.0,20.0,0.0,217,CDB,FD00964,C00217,2026-04-22,2026T2,Alta Renda,CDB,App,2-5 anos,3,Nao entendi a cobranca,217.0,19/04/2026,cdb,2,resgate,E-mail,Resolvido,Nao entendi a cobranca,CDB
218.0,2025-10-01 00:00:00,PRD_CDB,8.0,1.0,32.2,0.0,218,CDB,FD00198,C00218,2025-09-23,2025T3,Varejo,CDB,App,2-5 anos,7,"Experiencia ok, mas poderia ser mais simples",,,,,,,,,
219.0,2025-10-11 00:00:00,PRD_FND,9.0,0.0,2.9,0.0,219,Fundos,FD00065,C00219,2025-09-04,2025T3,Varejo,Carteira Administrada,Central de Atendimento,0-6 meses,10,Informacoes estavam faceis de encontrar,219.0,06/05/2026,fundos de investimento,9,resgate,Chat,Resolvido,Nao entendi a cobranca,Fundos
219.0,2025-10-11 00:00:00,PRD_FND,9.0,0.0,2.9,0.0,219,Fundos,FD00065,C00219,2025-09-04,2025T3,Varejo,Carteira Administrada,Central de Atendimento,0-6 meses,10,Informacoes estavam faceis de encontrar,219.0,06/05/2026,fundos de investimento,9,resgate,Chat,Resolvido,Nao entendi a cobranca,Fundos
219.0,2025-10-11 00:00:00,PRD_FND,9.0,0.0,2.9,0.0,219,Fundos,FD00451,C00219,2025-10-10,2025T4,Varejo,Fundos,Internet Banking,2-5 anos,10,Atendimento claro e rapido,219.0,06/05/2026,fundos de investimento,9,resgate,Chat,Resolvido,Nao entendi a cobranca,Fundos
219.0,2025-10-11 00:00:00,PRD_FND,9.0,0.0,2.9,0.0,219,Fundos,FD00451,C00219,2025-10-10,2025T4,Varejo,Fundos,Internet Banking,2-5 anos,10,Atendimento claro e rapido,219.0,06/05/2026,fundos de investimento,9,resgate,Chat,Resolvido,Nao entendi a cobranca,Fundos
219.0,2025-10-11 00:00:00,PRD_FND,9.0,0.0,2.9,0.0,219,Fundos,FD00631,C00219,2026-03-09,2026T1,Varejo,Tesouro Direto,Internet Banking,5+ anos,10,Boa experiencia no aplicativo,219.0,06/05/2026,fundos de investimento,9,resgate,Chat,Resolvido,Nao entendi a cobranca,Fundos
219.0,2025-10-11 00:00:00,PRD_FND,9.0,0.0,2.9,0.0,219,Fundos,FD00631,C00219,2026-03-09,2026T1,Varejo,Tesouro Direto,Internet Banking,5+ anos,10,Boa experiencia no aplicativo,219.0,06/05/2026,fundos de investimento,9,resgate,Chat,Resolvido,Nao entendi a cobranca,Fundos
219.0,2025-10-11 00:00:00,PRD_FND,9.0,0.0,2.9,0.0,219,Fundos,FD00889,C00219,2026-05-06,2026T2,Varejo,Fundos,App,6-24 meses,9,Atendimento claro e rapido,219.0,06/05/2026,fundos de investimento,9,resgate,Chat,Resolvido,Nao entendi a cobranca,Fundos
219.0,2025-10-11 00:00:00,PRD_FND,9.0,0.0,2.9,0.0,219,Fundos,FD00889,C00219,2026-05-06,2026T2,Varejo,Fundos,App,6-24 meses,9,Atendimento claro e rapido,219.0,06/05/2026,fundos de investimento,9,resgate,Chat,Resolvido,Nao entendi a cobranca,Fundos
219.0,2025-10-11 00:00:00,PRD_FND,9.0,0.0,2.9,0.0,219,Fundos,FD00906,C00219,2026-06-09,2026T2,Varejo,Tesouro Direto,Assessoria,5+ anos,9,Atendimento claro e rapido,219.0,06/05/2026,fundos de investimento,9,resgate,Chat,Resolvido,Nao entendi a cobranca,Fundos
219.0,2025-10-11 00:00:00,PRD_FND,9.0,0.0,2.9,0.0,219,Fundos,FD00906,C00219,2026-06-09,2026T2,Varejo,Tesouro Direto,Assessoria,5+ anos,9,Atendimento claro e rapido,219.0,06/05/2026,fundos de investimento,9,resgate,Chat,Resolvido,Nao entendi a cobranca,Fundos
219.0,2026-06-18 00:00:00,PRD_TES,2.0,0.0,18.8,0.0,219,Tesouro Direto,FD00065,C00219,2025-09-04,2025T3,Varejo,Carteira Administrada,Central de Atendimento,0-6 meses,10,Informacoes estavam faceis de encontrar,219.0,06/05/2026,fundos de investimento,9,resgate,Chat,Resolvido,Nao entendi a cobranca,Fundos
219.0,2026-06-18 00:00:00,PRD_TES,2.0,0.0,18.8,0.0,219,Tesouro Direto,FD00065,C00219,2025-09-04,2025T3,Varejo,Carteira Administrada,Central de Atendimento,0-6 meses,10,Informacoes estavam faceis de encontrar,219.0,06/05/2026,fundos de investimento,9,resgate,Chat,Resolvido,Nao entendi a cobranca,Fundos
219.0,2026-06-18 00:00:00,PRD_TES,2.0,0.0,18.8,0.0,219,Tesouro Direto,FD00451,C00219,2025-10-10,2025T4,Varejo,Fundos,Internet Banking,2-5 anos,10,Atendimento claro e rapido,219.0,06/05/2026,fundos de investimento,9,resgate,Chat,Resolvido,Nao entendi a cobranca,Fundos
219.0,2026-06-18 00:00:00,PRD_TES,2.0,0.0,18.8,0.0,219,Tesouro Direto,FD00451,C00219,2025-10-10,2025T4,Varejo,Fundos,Internet Banking,2-5 anos,10,Atendimento claro e rapido,219.0,06/05/2026,fundos de investimento,9,resgate,Chat,Resolvido,Nao entendi a cobranca,Fundos
219.0,2026-06-18 00:00:00,PRD_TES,2.0,0.0,18.8,0.0,219,Tesouro Direto,FD00631,C00219,2026-03-09,2026T1,Varejo,Tesouro Direto,Internet Banking,5+ anos,10,Boa experiencia no aplicativo,219.0,06/05/2026,fundos de investimento,9,resgate,Chat,Resolvido,Nao entendi a cobranca,Fundos
219.0,2026-06-18 00:00:00,PRD_TES,2.0,0.0,18.8,0.0,219,Tesouro Direto,FD00631,C00219,2026-03-09,2026T1,Varejo,Tesouro Direto,Internet Banking,5+ anos,10,Boa experiencia no aplicativo,219.0,06/05/2026,fundos de investimento,9,resgate,Chat,Resolvido,Nao entendi a cobranca,Fundos
219.0,2026-06-18 00:00:00,PRD_TES,2.0,0.0,18.8,0.0,219,Tesouro Direto,FD00889,C00219,2026-05-06,2026T2,Varejo,Fundos,App,6-24 meses,9,Atendimento claro e rapido,219.0,06/05/2026,fundos de investimento,9,resgate,Chat,Resolvido,Nao entendi a cobranca,Fundos
219.0,2026-06-18 00:00:00,PRD_TES,2.0,0.0,18.8,0.0,219,Tesouro Direto,FD00889,C00219,2026-05-06,2026T2,Varejo,Fundos,App,6-24 meses,9,Atendimento claro e rapido,219.0,06/05/2026,fundos de investimento,9,resgate,Chat,Resolvido,Nao entendi a cobranca,Fundos
219.0,2026-06-18 00:00:00,PRD_TES,2.0,0.0,18.8,0.0,219,Tesouro Direto,FD00906,C00219,2026-06-09,2026T2,Varejo,Tesouro Direto,Assessoria,5+ anos,9,Atendimento claro e rapido,219.0,06/05/2026,fundos de investimento,9,resgate,Chat,Resolvido,Nao entendi a cobranca,Fundos
219.0,2026-06-18 00:00:00,PRD_TES,2.0,0.0,18.8,0.0,219,Tesouro Direto,FD00906,C00219,2026-06-09,2026T2,Varejo,Tesouro Direto,Assessoria,5+ anos,9,Atendimento claro e rapido,219.0,06/05/2026,fundos de investimento,9,resgate,Chat,Resolvido,Nao entendi a cobranca,Fundos
219.0,2025-08-27 00:00:00,PRD_CAR,4.0,0.0,25.7,0.0,219,Carteira Administrada,FD00065,C00219,2025-09-04,2025T3,Varejo,Carteira Administrada,Central de Atendimento,0-6 meses,10,Informacoes estavam faceis de encontrar,219.0,06/05/2026,fundos de investimento,9,resgate,Chat,Resolvido,Nao entendi a cobranca,Fundos
219.0,2025-08-27 00:00:00,PRD_CAR,4.0,0.0,25.7,0.0,219,Carteira Administrada,FD00065,C00219,2025-09-04,2025T3,Varejo,Carteira Administrada,Central de Atendimento,0-6 meses,10,Informacoes estavam faceis de encontrar,219.0,06/05/2026,fundos de investimento,9,resgate,Chat,Resolvido,Nao entendi a cobranca,Fundos
219.0,2025-08-27 00:00:00,PRD_CAR,4.0,0.0,25.7,0.0,219,Carteira Administrada,FD00451,C00219,2025-10-10,2025T4,Varejo,Fundos,Internet Banking,2-5 anos,10,Atendimento claro e rapido,219.0,06/05/2026,fundos de investimento,9,resgate,Chat,Resolvido,Nao entendi a cobranca,Fundos
219.0,2025-08-27 00:00:00,PRD_CAR,4.0,0.0,25.7,0.0,219,Carteira Administrada,FD00451,C00219,2025-10-10,2025T4,Varejo,Fundos,Internet Banking,2-5 anos,10,Atendimento claro e rapido,219.0,06/05/2026,fundos de investimento,9,resgate,Chat,Resolvido,Nao entendi a cobranca,Fundos
219.0,2025-08-27 00:00:00,PRD_CAR,4.0,0.0,25.7,0.0,219,Carteira Administrada,FD00631,C00219,2026-03-09,2026T1,Varejo,Tesouro Direto,Internet Banking,5+ anos,10,Boa experiencia no aplicativo,219.0,06/05/2026,fundos de investimento,9,resgate,Chat,Resolvido,Nao entendi a cobranca,Fundos
219.0,2025-08-27 00:00:00,PRD_CAR,4.0,0.0,25.7,0.0,219,Carteira Administrada,FD00631,C00219,2026-03-09,2026T1,Varejo,Tesouro Direto,Internet Banking,5+ anos,10,Boa experiencia no aplicativo,219.0,06/05/2026,fundos de investimento,9,resgate,Chat,Resolvido,Nao entendi a cobranca,Fundos
219.0,2025-08-27 00:00:00,PRD_CAR,4.0,0.0,25.7,0.0,219,Carteira Administrada,FD00889,C00219,2026-05-06,2026T2,Varejo,Fundos,App,6-24 meses,9,Atendimento claro e rapido,219.0,06/05/2026,fundos de investimento,9,resgate,Chat,Resolvido,Nao entendi a cobranca,Fundos
219.0,2025-08-27 00:00:00,PRD_CAR,4.0,0.0,25.7,0.0,219,Carteira Administrada,FD00889,C00219,2026-05-06,2026T2,Varejo,Fundos,App,6-24 meses,9,Atendimento claro e rapido,219.0,06/05/2026,fundos de investimento,9,resgate,Chat,Resolvido,Nao entendi a cobranca,Fundos
219.0,2025-08-27 00:00:00,PRD_CAR,4.0,0.0,25.7,0.0,219,Carteira Administrada,FD00906,C00219,2026-06-09,2026T2,Varejo,Tesouro Direto,Assessoria,5+ anos,9,Atendimento claro e rapido,219.0,06/05/2026,fundos de investimento,9,resgate,Chat,Resolvido,Nao entendi a cobranca,Fundos
219.0,2025-08-27 00:00:00,PRD_CAR,4.0,0.0,25.7,0.0,219,Carteira Administrada,FD00906,C00219,2026-06-09,2026T2,Varejo,Tesouro Direto,Assessoria,5+ anos,9,Atendimento claro e rapido,219.0,06/05/2026,fundos de investimento,9,resgate,Chat,Resolvido,Nao entendi a cobranca,Fundos
219.0,2026-03-17 00:00:00,PRD_TES,7.0,0.0,29.5,0.0,219,Tesouro Direto,FD00065,C00219,2025-09-04,2025T3,Varejo,Carteira Administrada,Central de Atendimento,0-6 meses,10,Informacoes estavam faceis de encontrar,219.0,06/05/2026,fundos de investimento,9,resgate,Chat,Resolvido,Nao entendi a cobranca,Fundos
219.0,2026-03-17 00:00:00,PRD_TES,7.0,0.0,29.5,0.0,219,Tesouro Direto,FD00065,C00219,2025-09-04,2025T3,Varejo,Carteira Administrada,Central de Atendimento,0-6 meses,10,Informacoes estavam faceis de encontrar,219.0,06/05/2026,fundos de investimento,9,resgate,Chat,Resolvido,Nao entendi a cobranca,Fundos
219.0,2026-03-17 00:00:00,PRD_TES,7.0,0.0,29.5,0.0,219,Tesouro Direto,FD00451,C00219,2025-10-10,2025T4,Varejo,Fundos,Internet Banking,2-5 anos,10,Atendimento claro e rapido,219.0,06/05/2026,fundos de investimento,9,resgate,Chat,Resolvido,Nao entendi a cobranca,Fundos
219.0,2026-03-17 00:00:00,PRD_TES,7.0,0.0,29.5,0.0,219,Tesouro Direto,FD00451,C00219,2025-10-10,2025T4,Varejo,Fundos,Internet Banking,2-5 anos,10,Atendimento claro e rapido,219.0,06/05/2026,fundos de investimento,9,resgate,Chat,Resolvido,Nao entendi a cobranca,Fundos
219.0,2026-03-17 00:00:00,PRD_TES,7.0,0.0,29.5,0.0,219,Tesouro Direto,FD00631,C00219,2026-03-09,2026T1,Varejo,Tesouro Direto,Internet Banking,5+ anos,10,Boa experiencia no aplicativo,219.0,06/05/2026,fundos de investimento,9,resgate,Chat,Resolvido,Nao entendi a cobranca,Fundos
219.0,2026-03-17 00:00:00,PRD_TES,7.0,0.0,29.5,0.0,219,Tesouro Direto,FD00631,C00219,2026-03-09,2026T1,Varejo,Tesouro Direto,Internet Banking,5+ anos,10,Boa experiencia no aplicativo,219.0,06/05/2026,fundos de investimento,9,resgate,Chat,Resolvido,Nao entendi a cobranca,Fundos
219.0,2026-03-17 00:00:00,PRD_TES,7.0,0.0,29.5,0.0,219,Tesouro Direto,FD00889,C00219,2026-05-06,2026T2,Varejo,Fundos,App,6-24 meses,9,Atendimento claro e rapido,219.0,06/05/2026,fundos de investimento,9,resgate,Chat,Resolvido,Nao entendi a cobranca,Fundos
219.0,2026-03-17 00:00:00,PRD_TES,7.0,0.0,29.5,0.0,219,Tesouro Direto,FD00889,C00219,2026-05-06,2026T2,Varejo,Fundos,App,6-24 meses,9,Atendimento claro e rapido,219.0,06/05/2026,fundos de investimento,9,resgate,Chat,Resolvido,Nao entendi a cobranca,Fundos
219.0,2026-03-17 00:00:00,PRD_TES,7.0,0.0,29.5,0.0,219,Tesouro Direto,FD00906,C00219,2026-06-09,2026T2,Varejo,Tesouro Direto,Assessoria,5+ anos,9,Atendimento claro e rapido,219.0,06/05/2026,fundos de investimento,9,resgate,Chat,Resolvido,Nao entendi a cobranca,Fundos
219.0,2026-03-17 00:00:00,PRD_TES,7.0,0.0,29.5,0.0,219,Tesouro Direto,FD00906,C00219,2026-06-09,2026T2,Varejo,Tesouro Direto,Assessoria,5+ anos,9,Atendimento claro e rapido,219.0,06/05/2026,fundos de investimento,9,resgate,Chat,Resolvido,Nao entendi a cobranca,Fundos
221.0,2025-12-08 00:00:00,PRD_CDB,4.0,1.0,18.8,0.0,221,CDB,FD00278,C00221,2025-12-13,2025T4,Varejo,CDB,Assessoria,2-5 anos,4,,221.0,14/12/2025,cdb,3,resgate,Chat,Resolvido,Aplicativo travou durante consulta,CDB
222.0,2026-02-18 00:00:00,PRD_CDB,11.0,0.0,24.3,0.0,222,CDB,FD00222,C00222,2025-08-06,2025T3,Varejo,Tesouro Direto,Assessoria,5+ anos,8,"Experiencia ok, mas poderia ser mais simples",,,,,,,,,
222.0,2026-02-18 00:00:00,PRD_CDB,11.0,0.0,24.3,0.0,222,CDB,FD00637,C00222,2026-02-21,2026T1,Varejo,CDB,App,5+ anos,3,Nao entendi a cobranca,,,,,,,,,
222.0,2025-07-30 00:00:00,PRD_TES,4.0,0.0,38.4,0.0,222,Tesouro Direto,FD00222,C00222,2025-08-06,2025T3,Varejo,Tesouro Direto,Assessoria,5+ anos,8,"Experiencia ok, mas poderia ser mais simples",,,,,,,,,
222.0,2025-07-30 00:00:00,PRD_TES,4.0,0.0,38.4,0.0,222,Tesouro Direto,FD00637,C00222,2026-02-21,2026T1,Varejo,CDB,App,5+ anos,3,Nao entendi a cobranca,,,,,,,,,
223.0,2026-03-01 00:00:00,PRD_CDB,5.0,0.0,10.8,0.0,223,CDB,FD00284,C00223,2025-11-18,2025T4,Private,CDB,Central de Atendimento,2-5 anos,10,Consegui acompanhar minha carteira,223.0,30/10/2025,carteira administrada,10,acesso app,Agencia,Resolvido,Aplicativo travou durante consulta,Carteira Administrada
223.0,2026-03-01 00:00:00,PRD_CDB,5.0,0.0,10.8,0.0,223,CDB,FD00284,C00223,2025-11-18,2025T4,Private,CDB,Central de Atendimento,2-5 anos,10,Consegui acompanhar minha carteira,223.0,20/11/2025,C.D.B.,10,reclamacao atendimento,E-mail,Resolvido,Nao consegui falar com assessor,CDB
223.0,2026-03-01 00:00:00,PRD_CDB,5.0,0.0,10.8,0.0,223,CDB,FD00384,C00223,2025-10-27,2025T4,Private,Carteira Administrada,Assessoria,0-6 meses,10,Consegui acompanhar minha carteira,223.0,30/10/2025,carteira administrada,10,acesso app,Agencia,Resolvido,Aplicativo travou durante consulta,Carteira Administrada
223.0,2026-03-01 00:00:00,PRD_CDB,5.0,0.0,10.8,0.0,223,CDB,FD00384,C00223,2025-10-27,2025T4,Private,Carteira Administrada,Assessoria,0-6 meses,10,Consegui acompanhar minha carteira,223.0,20/11/2025,C.D.B.,10,reclamacao atendimento,E-mail,Resolvido,Nao consegui falar com assessor,CDB
223.0,2026-03-01 00:00:00,PRD_CDB,5.0,0.0,10.8,0.0,223,CDB,FD00711,C00223,2026-03-02,2026T1,Private,CDB,Assessoria,5+ anos,10,Assessoria ajudou na decisao,223.0,30/10/2025,carteira administrada,10,acesso app,Agencia,Resolvido,Aplicativo travou durante consulta,Carteira Administrada
223.0,2026-03-01 00:00:00,PRD_CDB,5.0,0.0,10.8,0.0,223,CDB,FD00711,C00223,2026-03-02,2026T1,Private,CDB,Assessoria,5+ anos,10,Assessoria ajudou na decisao,223.0,20/11/2025,C.D.B.,10,reclamacao atendimento,E-mail,Resolvido,Nao consegui falar com assessor,CDB
223.0,2025-11-25 00:00:00,PRD_CDB,4.0,0.0,30.7,0.0,223,CDB,FD00284,C00223,2025-11-18,2025T4,Private,CDB,Central de Atendimento,2-5 anos,10,Consegui acompanhar minha carteira,223.0,30/10/2025,carteira administrada,10,acesso app,Agencia,Resolvido,Aplicativo travou durante consulta,Carteira Administrada
223.0,2025-11-25 00:00:00,PRD_CDB,4.0,0.0,30.7,0.0,223,CDB,FD00284,C00223,2025-11-18,2025T4,Private,CDB,Central de Atendimento,2-5 anos,10,Consegui acompanhar minha carteira,223.0,20/11/2025,C.D.B.,10,reclamacao atendimento,E-mail,Resolvido,Nao consegui falar com assessor,CDB
223.0,2025-11-25 00:00:00,PRD_CDB,4.0,0.0,30.7,0.0,223,CDB,FD00384,C00223,2025-10-27,2025T4,Private,Carteira Administrada,Assessoria,0-6 meses,10,Consegui acompanhar minha carteira,223.0,30/10/2025,carteira administrada,10,acesso app,Agencia,Resolvido,Aplicativo travou durante consulta,Carteira Administrada
223.0,2025-11-25 00:00:00,PRD_CDB,4.0,0.0,30.7,0.0,223,CDB,FD00384,C00223,2025-10-27,2025T4,Private,Carteira Administrada,Assessoria,0-6 meses,10,Consegui acompanhar minha carteira,223.0,20/11/2025,C.D.B.,10,reclamacao atendimento,E-mail,Resolvido,Nao consegui falar com assessor,CDB
223.0,2025-11-25 00:00:00,PRD_CDB,4.0,0.0,30.7,0.0,223,CDB,FD00711,C00223,2026-03-02,2026T1,Private,CDB,Assessoria,5+ anos,10,Assessoria ajudou na decisao,223.0,30/10/2025,carteira administrada,10,acesso app,Agencia,Resolvido,Aplicativo travou durante consulta,Carteira Administrada
223.0,2025-11-25 00:00:00,PRD_CDB,4.0,0.0,30.7,0.0,223,CDB,FD00711,C00223,2026-03-02,2026T1,Private,CDB,Assessoria,5+ anos,10,Assessoria ajudou na decisao,223.0,20/11/2025,C.D.B.,10,reclamacao atendimento,E-mail,Resolvido,Nao consegui falar com assessor,CDB
223.0,2025-10-17 00:00:00,PRD_CAR,3.0,0.0,37.8,0.0,223,Carteira Administrada,FD00284,C00223,2025-11-18,2025T4,Private,CDB,Central de Atendimento,2-5 anos,10,Consegui acompanhar minha carteira,223.0,30/10/2025,carteira administrada,10,acesso app,Agencia,Resolvido,Aplicativo travou durante consulta,Carteira Administrada
223.0,2025-10-17 00:00:00,PRD_CAR,3.0,0.0,37.8,0.0,223,Carteira Administrada,FD00284,C00223,2025-11-18,2025T4,Private,CDB,Central de Atendimento,2-5 anos,10,Consegui acompanhar minha carteira,223.0,20/11/2025,C.D.B.,10,reclamacao atendimento,E-mail,Resolvido,Nao consegui falar com assessor,CDB
223.0,2025-10-17 00:00:00,PRD_CAR,3.0,0.0,37.8,0.0,223,Carteira Administrada,FD00384,C00223,2025-10-27,2025T4,Private,Carteira Administrada,Assessoria,0-6 meses,10,Consegui acompanhar minha carteira,223.0,30/10/2025,carteira administrada,10,acesso app,Agencia,Resolvido,Aplicativo travou durante consulta,Carteira Administrada
223.0,2025-10-17 00:00:00,PRD_CAR,3.0,0.0,37.8,0.0,223,Carteira Administrada,FD00384,C00223,2025-10-27,2025T4,Private,Carteira Administrada,Assessoria,0-6 meses,10,Consegui acompanhar minha carteira,223.0,20/11/2025,C.D.B.,10,reclamacao atendimento,E-mail,Resolvido,Nao consegui falar com assessor,CDB
223.0,2025-10-17 00:00:00,PRD_CAR,3.0,0.0,37.8,0.0,223,Carteira Administrada,FD00711,C00223,2026-03-02,2026T1,Private,CDB,Assessoria,5+ anos,10,Assessoria ajudou na decisao,223.0,30/10/2025,carteira administrada,10,acesso app,Agencia,Resolvido,Aplicativo travou durante consulta,Carteira Administrada
223.0,2025-10-17 00:00:00,PRD_CAR,3.0,0.0,37.8,0.0,223,Carteira Administrada,FD00711,C00223,2026-03-02,2026T1,Private,CDB,Assessoria,5+ anos,10,Assessoria ajudou na decisao,223.0,20/11/2025,C.D.B.,10,reclamacao atendimento,E-mail,Resolvido,Nao consegui falar com assessor,CDB
,,,,,,,225,,FD00629,C00225,2026-02-12,2026T1,Private,Fundos,App,2-5 anos,10,Boa experiencia no aplicativo,,,,,,,,,
226.0,2025-08-09 00:00:00,PRD_TES,4.0,0.0,10.5,0.0,226,Tesouro Direto,FD00215,C00226,2025-08-18,2025T3,Private,Tesouro Direto,Assessoria,6-24 meses,7,"Experiencia ok, mas poderia ser mais simples",,,,,,,,,
227.0,2025-08-20 00:00:00,PRD_FND,10.0,0.0,28.4,0.0,227,Fundos,FD00008,C00227,2025-08-11,2025T3,Novo Investidor,Fundos,App,0-6 meses,4,Demora para resolver meu problema,,,,,,,,,
228.0,2025-11-05 00:00:00,PRD_TES,8.0,0.0,19.6,0.0,228,Tesouro Direto,FD00031,C00228,2025-07-29,2025T3,Alta Renda,Tesouro Direto,Assessoria,2-5 anos,9,Atendimento claro e rapido,,,,,,,,,
228.0,2025-11-05 00:00:00,PRD_TES,8.0,0.0,19.6,0.0,228,Tesouro Direto,FD00435,C00228,2025-11-07,2025T4,Alta Renda,Tesouro Direto,App,2-5 anos,7,Demorou um pouco para encontrar informacoes,,,,,,,,,
228.0,2025-11-05 00:00:00,PRD_TES,8.0,0.0,19.6,0.0,228,Tesouro Direto,FD00830,C00228,2026-05-17,2026T2,Alta Renda,Carteira Administrada,App,0-6 meses,9,Informacoes estavam faceis de encontrar,,,,,,,,,
228.0,2026-05-13 00:00:00,PRD_CAR,8.0,0.0,88.5,0.0,228,Carteira Administrada,FD00031,C00228,2025-07-29,2025T3,Alta Renda,Tesouro Direto,Assessoria,2-5 anos,9,Atendimento claro e rapido,,,,,,,,,
228.0,2026-05-13 00:00:00,PRD_CAR,8.0,0.0,88.5,0.0,228,Carteira Administrada,FD00435,C00228,2025-11-07,2025T4,Alta Renda,Tesouro Direto,App,2-5 anos,7,Demorou um pouco para encontrar informacoes,,,,,,,,,
228.0,2026-05-13 00:00:00,PRD_CAR,8.0,0.0,88.5,0.0,228,Carteira Administrada,FD00830,C00228,2026-05-17,2026T2,Alta Renda,Carteira Administrada,App,0-6 meses,9,Informacoes estavam faceis de encontrar,,,,,,,,,
228.0,2025-08-04 00:00:00,PRD_TES,5.0,0.0,1.0,0.0,228,Tesouro Direto,FD00031,C00228,2025-07-29,2025T3,Alta Renda,Tesouro Direto,Assessoria,2-5 anos,9,Atendimento claro e rapido,,,,,,,,,
228.0,2025-08-04 00:00:00,PRD_TES,5.0,0.0,1.0,0.0,228,Tesouro Direto,FD00435,C00228,2025-11-07,2025T4,Alta Renda,Tesouro Direto,App,2-5 anos,7,Demorou um pouco para encontrar informacoes,,,,,,,,,
228.0,2025-08-04 00:00:00,PRD_TES,5.0,0.0,1.0,0.0,228,Tesouro Direto,FD00830,C00228,2026-05-17,2026T2,Alta Renda,Carteira Administrada,App,0-6 meses,9,Informacoes estavam faceis de encontrar,,,,,,,,,
228.0,2026-05-13 00:00:00,PRD_CAR,8.0,0.0,88.5,0.0,228,Carteira Administrada,FD00031,C00228,2025-07-29,2025T3,Alta Renda,Tesouro Direto,Assessoria,2-5 anos,9,Atendimento claro e rapido,,,,,,,,,
228.0,2026-05-13 00:00:00,PRD_CAR,8.0,0.0,88.5,0.0,228,Carteira Administrada,FD00435,C00228,2025-11-07,2025T4,Alta Renda,Tesouro Direto,App,2-5 anos,7,Demorou um pouco para encontrar informacoes,,,,,,,,,
228.0,2026-05-13 00:00:00,PRD_CAR,8.0,0.0,88.5,0.0,228,Carteira Administrada,FD00830,C00228,2026-05-17,2026T2,Alta Renda,Carteira Administrada,App,0-6 meses,9,Informacoes estavam faceis de encontrar,,,,,,,,,
229.0,2026-04-13 00:00:00,PRD_FND,6.0,1.0,39.8,0.0,229,Fundos,FD00003,C00229,2025-08-21,2025T3,Novo Investidor,Fundos,Internet Banking,2-5 anos,9,Boa experiencia no aplicativo,229.0,21-Jun-26,cdb,2,duvida rentabilidade,Telefone,Resolvido,,CDB
229.0,2026-04-13 00:00:00,PRD_FND,6.0,1.0,39.8,0.0,229,Fundos,FD00721,C00229,2026-04-14,2026T2,Novo Investidor,Fundos,Internet Banking,6-24 meses,10,Assessoria ajudou na decisao,229.0,21-Jun-26,cdb,2,duvida rentabilidade,Telefone,Resolvido,,CDB
229.0,2026-04-13 00:00:00,PRD_FND,6.0,1.0,39.8,0.0,229,Fundos,FD00855,C00229,2026-06-21,2026T2,Novo Investidor,CDB,App,5+ anos,2,Nao entendi a cobranca,229.0,21-Jun-26,cdb,2,duvida rentabilidade,Telefone,Resolvido,,CDB
229.0,2025-08-13 00:00:00,PRD_FND,5.0,0.0,25.5,0.0,229,Fundos,FD00003,C00229,2025-08-21,2025T3,Novo Investidor,Fundos,Internet Banking,2-5 anos,9,Boa experiencia no aplicativo,229.0,21-Jun-26,cdb,2,duvida rentabilidade,Telefone,Resolvido,,CDB
229.0,2025-08-13 00:00:00,PRD_FND,5.0,0.0,25.5,0.0,229,Fundos,FD00721,C00229,2026-04-14,2026T2,Novo Investidor,Fundos,Internet Banking,6-24 meses,10,Assessoria ajudou na decisao,229.0,21-Jun-26,cdb,2,duvida rentabilidade,Telefone,Resolvido,,CDB
229.0,2025-08-13 00:00:00,PRD_FND,5.0,0.0,25.5,0.0,229,Fundos,FD00855,C00229,2026-06-21,2026T2,Novo Investidor,CDB,App,5+ anos,2,Nao entendi a cobranca,229.0,21-Jun-26,cdb,2,duvida rentabilidade,Telefone,Resolvido,,CDB
229.0,2026-06-24 00:00:00,PRD_CDB,11.0,1.0,33.3,0.0,229,CDB,FD00003,C00229,2025-08-21,2025T3,Novo Investidor,Fundos,Internet Banking,2-5 anos,9,Boa experiencia no aplicativo,229.0,21-Jun-26,cdb,2,duvida rentabilidade,Telefone,Resolvido,,CDB
229.0,2026-06-24 00:00:00,PRD_CDB,11.0,1.0,33.3,0.0,229,CDB,FD00721,C00229,2026-04-14,2026T2,Novo Investidor,Fundos,Internet Banking,6-24 meses,10,Assessoria ajudou na decisao,229.0,21-Jun-26,cdb,2,duvida rentabilidade,Telefone,Resolvido,,CDB
229.0,2026-06-24 00:00:00,PRD_CDB,11.0,1.0,33.3,0.0,229,CDB,FD00855,C00229,2026-06-21,2026T2,Novo Investidor,CDB,App,5+ anos,2,Nao entendi a cobranca,229.0,21-Jun-26,cdb,2,duvida rentabilidade,Telefone,Resolvido,,CDB
230.0,2026-05-05 00:00:00,PRD_FND,10.0,0.0,34.4,0.0,230,Fundos,FD00917,C00230,2026-05-08,2026T2,Varejo,Fundos,App,2-5 anos,1,Nao entendi a cobranca,,,,,,,,,
232.0,2026-03-28 00:00:00,PRD_FND,7.0,0.0,31.4,0.0,232,Fundos,FD00128,C00232,2025-09-22,2025T3,Alta Renda,CDB,Internet Banking,6-24 meses,9,Boa experiencia no aplicativo,232.0,25/03/2026,fundos de investimento,8,acesso app,E-mail,Pendente,Demorou um pouco para encontrar informacoes,Fundos
232.0,2026-03-28 00:00:00,PRD_FND,7.0,0.0,31.4,0.0,232,Fundos,FD00558,C00232,2026-03-28,2026T1,Alta Renda,Fundos,App,6-24 meses,9,Assessoria ajudou na decisao,232.0,25/03/2026,fundos de investimento,8,acesso app,E-mail,Pendente,Demorou um pouco para encontrar informacoes,Fundos
232.0,2025-09-15 00:00:00,PRD_CDB,6.0,0.0,13.8,0.0,232,CDB,FD00128,C00232,2025-09-22,2025T3,Alta Renda,CDB,Internet Banking,6-24 meses,9,Boa experiencia no aplicativo,232.0,25/03/2026,fundos de investimento,8,acesso app,E-mail,Pendente,Demorou um pouco para encontrar informacoes,Fundos
232.0,2025-09-15 00:00:00,PRD_CDB,6.0,0.0,13.8,0.0,232,CDB,FD00558,C00232,2026-03-28,2026T1,Alta Renda,Fundos,App,6-24 meses,9,Assessoria ajudou na decisao,232.0,25/03/2026,fundos de investimento,8,acesso app,E-mail,Pendente,Demorou um pouco para encontrar informacoes,Fundos
233.0,2026-03-07 00:00:00,PRD_TES,4.0,0.0,6.0,0.0,233,Tesouro Direto,FD00617,C00233,2026-03-03,2026T1,Varejo,Tesouro Direto,Assessoria,6-24 meses,8,Tive duvida sobre rentabilidade,,,,,,,,,
234.0,2025-10-27 00:00:00,PRD_FND,6.0,,6.6,0.0,234,Fundos,FD00372,C00234,2025-11-02,2025T4,Alta Renda,Fundos,App,2-5 anos,9,Assessoria ajudou na decisao,234.0,2025-11-03,Fundo,9,reclamacao atendimento,Telefone,Resolvido,Aplicativo poderia explicar melhor,Fundos
235.0,2025-08-12 00:00:00,PRD_CDB,7.0,0.0,26.4,1.0,235,CDB,FD00178,C00235,2025-08-07,2025T3,Private,CDB,App,6-24 meses,10,Informacoes estavam faceis de encontrar,,,,,,,,,
236.0,2026-01-17 00:00:00,PRD_CDB,7.0,0.0,26.9,0.0,236,CDB,FD00319,C00236,2025-11-23,2025T4,Varejo,Tesouro Direto,Internet Banking,2-5 anos,10,Assessoria ajudou na decisao,236.0,11-21-2025,TESOURO DIRETO,10,explicacao risco,Agencia,Resolvido,Nao consegui falar com assessor,Tesouro Direto
236.0,2026-01-17 00:00:00,PRD_CDB,7.0,0.0,26.9,0.0,236,CDB,FD00458,C00236,2025-12-02,2025T4,Varejo,CDB,Internet Banking,2-5 anos,10,Boa experiencia no aplicativo,236.0,11-21-2025,TESOURO DIRETO,10,explicacao risco,Agencia,Resolvido,Nao consegui falar com assessor,Tesouro Direto
236.0,2026-01-17 00:00:00,PRD_CDB,7.0,0.0,26.9,0.0,236,CDB,FD00688,C00236,2026-01-23,2026T1,Varejo,CDB,App,2-5 anos,7,Aplicativo poderia explicar melhor,236.0,11-21-2025,TESOURO DIRETO,10,explicacao risco,Agencia,Resolvido,Nao consegui falar com assessor,Tesouro Direto
236.0,2025-11-24 00:00:00,PRD_CDB,3.0,0.0,28.2,0.0,236,CDB,FD00319,C00236,2025-11-23,2025T4,Varejo,Tesouro Direto,Internet Banking,2-5 anos,10,Assessoria ajudou na decisao,236.0,11-21-2025,TESOURO DIRETO,10,explicacao risco,Agencia,Resolvido,Nao consegui falar com assessor,Tesouro Direto
236.0,2025-11-24 00:00:00,PRD_CDB,3.0,0.0,28.2,0.0,236,CDB,FD00458,C00236,2025-12-02,2025T4,Varejo,CDB,Internet Banking,2-5 anos,10,Boa experiencia no aplicativo,236.0,11-21-2025,TESOURO DIRETO,10,explicacao risco,Agencia,Resolvido,Nao consegui falar com assessor,Tesouro Direto
236.0,2025-11-24 00:00:00,PRD_CDB,3.0,0.0,28.2,0.0,236,CDB,FD00688,C00236,2026-01-23,2026T1,Varejo,CDB,App,2-5 anos,7,Aplicativo poderia explicar melhor,236.0,11-21-2025,TESOURO DIRETO,10,explicacao risco,Agencia,Resolvido,Nao consegui falar com assessor,Tesouro Direto
236.0,2025-11-18 00:00:00,PRD_TES,5.0,0.0,34.2,0.0,236,Tesouro Direto,FD00319,C00236,2025-11-23,2025T4,Varejo,Tesouro Direto,Internet Banking,2-5 anos,10,Assessoria ajudou na decisao,236.0,11-21-2025,TESOURO DIRETO,10,explicacao risco,Agencia,Resolvido,Nao consegui falar com assessor,Tesouro Direto
236.0,2025-11-18 00:00:00,PRD_TES,5.0,0.0,34.2,0.0,236,Tesouro Direto,FD00458,C00236,2025-12-02,2025T4,Varejo,CDB,Internet Banking,2-5 anos,10,Boa experiencia no aplicativo,236.0,11-21-2025,TESOURO DIRETO,10,explicacao risco,Agencia,Resolvido,Nao consegui falar com assessor,Tesouro Direto
236.0,2025-11-18 00:00:00,PRD_TES,5.0,0.0,34.2,0.0,236,Tesouro Direto,FD00688,C00236,2026-01-23,2026T1,Varejo,CDB,App,2-5 anos,7,Aplicativo poderia explicar melhor,236.0,11-21-2025,TESOURO DIRETO,10,explicacao risco,Agencia,Resolvido,Nao consegui falar com assessor,Tesouro Direto
237.0,2025-11-16 00:00:00,PRD_FND,6.0,1.0,33.5,0.0,237,Fundos,FD00357,C00237,2025-11-16,2025T4,Alta Renda,Fundos,Assessoria,5+ anos,9,Atendimento claro e rapido,,,,,,,,,
237.0,2025-11-16 00:00:00,PRD_FND,6.0,1.0,33.5,0.0,237,Fundos,FD00357,C00237,2025-11-16,2025T4,Alta Renda,Fundos,Assessoria,5+ anos,9,Atendimento claro e rapido,,,,,,,,,
238.0,2025-10-05 00:00:00,PRD_CDB,2.0,0.0,12.0,0.0,238,CDB,FD00135,C00238,2025-09-28,2025T3,Private,CDB,Central de Atendimento,6-24 meses,10,Assessoria ajudou na decisao,238.0,22/01/2026,Carteira Administrada,3,reclamacao atendimento,E-mail,Pendente,Demora para resolver meu problema,Carteira Administrada
238.0,2025-10-05 00:00:00,PRD_CDB,2.0,0.0,12.0,0.0,238,CDB,FD00135,C00238,2025-09-28,2025T3,Private,CDB,Central de Atendimento,6-24 meses,10,Assessoria ajudou na decisao,238.0,30/09/2025,cdb,10,acesso app,Chat,Resolvido,Nao entendi a cobranca,CDB
238.0,2025-10-05 00:00:00,PRD_CDB,2.0,0.0,12.0,0.0,238,CDB,FD00680,C00238,2026-01-23,2026T1,Private,Carteira Administrada,App,0-6 meses,4,Aplicativo travou durante consulta,238.0,22/01/2026,Carteira Administrada,3,reclamacao atendimento,E-mail,Pendente,Demora para resolver meu problema,Carteira Administrada
238.0,2025-10-05 00:00:00,PRD_CDB,2.0,0.0,12.0,0.0,238,CDB,FD00680,C00238,2026-01-23,2026T1,Private,Carteira Administrada,App,0-6 meses,4,Aplicativo travou durante consulta,238.0,30/09/2025,cdb,10,acesso app,Chat,Resolvido,Nao entendi a cobranca,CDB
238.0,2025-10-05 00:00:00,PRD_CDB,2.0,0.0,12.0,0.0,238,CDB,FD00859,C00238,2026-06-26,2026T2,Private,CDB,App,6-24 meses,9,Assessoria ajudou na decisao,238.0,22/01/2026,Carteira Administrada,3,reclamacao atendimento,E-mail,Pendente,Demora para resolver meu problema,Carteira Administrada
238.0,2025-10-05 00:00:00,PRD_CDB,2.0,0.0,12.0,0.0,238,CDB,FD00859,C00238,2026-06-26,2026T2,Private,CDB,App,6-24 meses,9,Assessoria ajudou na decisao,238.0,30/09/2025,cdb,10,acesso app,Chat,Resolvido,Nao entendi a cobranca,CDB
238.0,2025-10-05 00:00:00,PRD_CDB,2.0,0.0,12.0,0.0,238,CDB,FD00953,C00238,2026-04-27,2026T2,Private,CDB,App,2-5 anos,9,Assessoria ajudou na decisao,238.0,22/01/2026,Carteira Administrada,3,reclamacao atendimento,E-mail,Pendente,Demora para resolver meu problema,Carteira Administrada
238.0,2025-10-05 00:00:00,PRD_CDB,2.0,0.0,12.0,0.0,238,CDB,FD00953,C00238,2026-04-27,2026T2,Private,CDB,App,2-5 anos,9,Assessoria ajudou na decisao,238.0,30/09/2025,cdb,10,acesso app,Chat,Resolvido,Nao entendi a cobranca,CDB
238.0,2026-01-31 00:00:00,PRD_CAR,7.0,0.0,24.8,0.0,238,Carteira Administrada,FD00135,C00238,2025-09-28,2025T3,Private,CDB,Central de Atendimento,6-24 meses,10,Assessoria ajudou na decisao,238.0,22/01/2026,Carteira Administrada,3,reclamacao atendimento,E-mail,Pendente,Demora para resolver meu problema,Carteira Administrada
238.0,2026-01-31 00:00:00,PRD_CAR,7.0,0.0,24.8,0.0,238,Carteira Administrada,FD00135,C00238,2025-09-28,2025T3,Private,CDB,Central de Atendimento,6-24 meses,10,Assessoria ajudou na decisao,238.0,30/09/2025,cdb,10,acesso app,Chat,Resolvido,Nao entendi a cobranca,CDB
238.0,2026-01-31 00:00:00,PRD_CAR,7.0,0.0,24.8,0.0,238,Carteira Administrada,FD00680,C00238,2026-01-23,2026T1,Private,Carteira Administrada,App,0-6 meses,4,Aplicativo travou durante consulta,238.0,22/01/2026,Carteira Administrada,3,reclamacao atendimento,E-mail,Pendente,Demora para resolver meu problema,Carteira Administrada
238.0,2026-01-31 00:00:00,PRD_CAR,7.0,0.0,24.8,0.0,238,Carteira Administrada,FD00680,C00238,2026-01-23,2026T1,Private,Carteira Administrada,App,0-6 meses,4,Aplicativo travou durante consulta,238.0,30/09/2025,cdb,10,acesso app,Chat,Resolvido,Nao entendi a cobranca,CDB
238.0,2026-01-31 00:00:00,PRD_CAR,7.0,0.0,24.8,0.0,238,Carteira Administrada,FD00859,C00238,2026-06-26,2026T2,Private,CDB,App,6-24 meses,9,Assessoria ajudou na decisao,238.0,22/01/2026,Carteira Administrada,3,reclamacao atendimento,E-mail,Pendente,Demora para resolver meu problema,Carteira Administrada
238.0,2026-01-31 00:00:00,PRD_CAR,7.0,0.0,24.8,0.0,238,Carteira Administrada,FD00859,C00238,2026-06-26,2026T2,Private,CDB,App,6-24 meses,9,Assessoria ajudou na decisao,238.0,30/09/2025,cdb,10,acesso app,Chat,Resolvido,Nao entendi a cobranca,CDB
238.0,2026-01-31 00:00:00,PRD_CAR,7.0,0.0,24.8,0.0,238,Carteira Administrada,FD00953,C00238,2026-04-27,2026T2,Private,CDB,App,2-5 anos,9,Assessoria ajudou na decisao,238.0,22/01/2026,Carteira Administrada,3,reclamacao atendimento,E-mail,Pendente,Demora para resolver meu problema,Carteira Administrada
238.0,2026-01-31 00:00:00,PRD_CAR,7.0,0.0,24.8,0.0,238,Carteira Administrada,FD00953,C00238,2026-04-27,2026T2,Private,CDB,App,2-5 anos,9,Assessoria ajudou na decisao,238.0,30/09/2025,cdb,10,acesso app,Chat,Resolvido,Nao entendi a cobranca,CDB
238.0,2026-04-26 00:00:00,PRD_CDB,7.0,0.0,21.4,0.0,238,CDB,FD00135,C00238,2025-09-28,2025T3,Private,CDB,Central de Atendimento,6-24 meses,10,Assessoria ajudou na decisao,238.0,22/01/2026,Carteira Administrada,3,reclamacao atendimento,E-mail,Pendente,Demora para resolver meu problema,Carteira Administrada
238.0,2026-04-26 00:00:00,PRD_CDB,7.0,0.0,21.4,0.0,238,CDB,FD00135,C00238,2025-09-28,2025T3,Private,CDB,Central de Atendimento,6-24 meses,10,Assessoria ajudou na decisao,238.0,30/09/2025,cdb,10,acesso app,Chat,Resolvido,Nao entendi a cobranca,CDB
238.0,2026-04-26 00:00:00,PRD_CDB,7.0,0.0,21.4,0.0,238,CDB,FD00680,C00238,2026-01-23,2026T1,Private,Carteira Administrada,App,0-6 meses,4,Aplicativo travou durante consulta,238.0,22/01/2026,Carteira Administrada,3,reclamacao atendimento,E-mail,Pendente,Demora para resolver meu problema,Carteira Administrada
238.0,2026-04-26 00:00:00,PRD_CDB,7.0,0.0,21.4,0.0,238,CDB,FD00680,C00238,2026-01-23,2026T1,Private,Carteira Administrada,App,0-6 meses,4,Aplicativo travou durante consulta,238.0,30/09/2025,cdb,10,acesso app,Chat,Resolvido,Nao entendi a cobranca,CDB
238.0,2026-04-26 00:00:00,PRD_CDB,7.0,0.0,21.4,0.0,238,CDB,FD00859,C00238,2026-06-26,2026T2,Private,CDB,App,6-24 meses,9,Assessoria ajudou na decisao,238.0,22/01/2026,Carteira Administrada,3,reclamacao atendimento,E-mail,Pendente,Demora para resolver meu problema,Carteira Administrada
238.0,2026-04-26 00:00:00,PRD_CDB,7.0,0.0,21.4,0.0,238,CDB,FD00859,C00238,2026-06-26,2026T2,Private,CDB,App,6-24 meses,9,Assessoria ajudou na decisao,238.0,30/09/2025,cdb,10,acesso app,Chat,Resolvido,Nao entendi a cobranca,CDB
238.0,2026-04-26 00:00:00,PRD_CDB,7.0,0.0,21.4,0.0,238,CDB,FD00953,C00238,2026-04-27,2026T2,Private,CDB,App,2-5 anos,9,Assessoria ajudou na decisao,238.0,22/01/2026,Carteira Administrada,3,reclamacao atendimento,E-mail,Pendente,Demora para resolver meu problema,Carteira Administrada
238.0,2026-04-26 00:00:00,PRD_CDB,7.0,0.0,21.4,0.0,238,CDB,FD00953,C00238,2026-04-27,2026T2,Private,CDB,App,2-5 anos,9,Assessoria ajudou na decisao,238.0,30/09/2025,cdb,10,acesso app,Chat,Resolvido,Nao entendi a cobranca,CDB
238.0,2026-06-27 00:00:00,PRD_CDB,5.0,0.0,30.0,1.0,238,CDB,FD00135,C00238,2025-09-28,2025T3,Private,CDB,Central de Atendimento,6-24 meses,10,Assessoria ajudou na decisao,238.0,22/01/2026,Carteira Administrada,3,reclamacao atendimento,E-mail,Pendente,Demora para resolver meu problema,Carteira Administrada
238.0,2026-06-27 00:00:00,PRD_CDB,5.0,0.0,30.0,1.0,238,CDB,FD00135,C00238,2025-09-28,2025T3,Private,CDB,Central de Atendimento,6-24 meses,10,Assessoria ajudou na decisao,238.0,30/09/2025,cdb,10,acesso app,Chat,Resolvido,Nao entendi a cobranca,CDB
238.0,2026-06-27 00:00:00,PRD_CDB,5.0,0.0,30.0,1.0,238,CDB,FD00680,C00238,2026-01-23,2026T1,Private,Carteira Administrada,App,0-6 meses,4,Aplicativo travou durante consulta,238.0,22/01/2026,Carteira Administrada,3,reclamacao atendimento,E-mail,Pendente,Demora para resolver meu problema,Carteira Administrada
238.0,2026-06-27 00:00:00,PRD_CDB,5.0,0.0,30.0,1.0,238,CDB,FD00680,C00238,2026-01-23,2026T1,Private,Carteira Administrada,App,0-6 meses,4,Aplicativo travou durante consulta,238.0,30/09/2025,cdb,10,acesso app,Chat,Resolvido,Nao entendi a cobranca,CDB
238.0,2026-06-27 00:00:00,PRD_CDB,5.0,0.0,30.0,1.0,238,CDB,FD00859,C00238,2026-06-26,2026T2,Private,CDB,App,6-24 meses,9,Assessoria ajudou na decisao,238.0,22/01/2026,Carteira Administrada,3,reclamacao atendimento,E-mail,Pendente,Demora para resolver meu problema,Carteira Administrada
238.0,2026-06-27 00:00:00,PRD_CDB,5.0,0.0,30.0,1.0,238,CDB,FD00859,C00238,2026-06-26,2026T2,Private,CDB,App,6-24 meses,9,Assessoria ajudou na decisao,238.0,30/09/2025,cdb,10,acesso app,Chat,Resolvido,Nao entendi a cobranca,CDB
238.0,2026-06-27 00:00:00,PRD_CDB,5.0,0.0,30.0,1.0,238,CDB,FD00953,C00238,2026-04-27,2026T2,Private,CDB,App,2-5 anos,9,Assessoria ajudou na decisao,238.0,22/01/2026,Carteira Administrada,3,reclamacao atendimento,E-mail,Pendente,Demora para resolver meu problema,Carteira Administrada
238.0,2026-06-27 00:00:00,PRD_CDB,5.0,0.0,30.0,1.0,238,CDB,FD00953,C00238,2026-04-27,2026T2,Private,CDB,App,2-5 anos,9,Assessoria ajudou na decisao,238.0,30/09/2025,cdb,10,acesso app,Chat,Resolvido,Nao entendi a cobranca,CDB
239.0,2026-06-10 00:00:00,PRD_FND,12.0,0.0,22.6,0.0,239,Fundos,FD00403,C00239,2025-11-08,2025T4,Varejo,Fundos,App,0-6 meses,9,Assessoria ajudou na decisao,,,,,,,,,
239.0,2026-06-10 00:00:00,PRD_FND,12.0,0.0,22.6,0.0,239,Fundos,FD00800,C00239,2026-06-17,2026T2,Varejo,Fundos,App,6-24 meses,9,Consegui acompanhar minha carteira,,,,,,,,,
239.0,2025-11-01 00:00:00,PRD_FND,9.0,0.0,18.6,0.0,239,Fundos,FD00403,C00239,2025-11-08,2025T4,Varejo,Fundos,App,0-6 meses,9,Assessoria ajudou na decisao,,,,,,,,,
239.0,2025-11-01 00:00:00,PRD_FND,9.0,0.0,18.6,0.0,239,Fundos,FD00800,C00239,2026-06-17,2026T2,Varejo,Fundos,App,6-24 meses,9,Consegui acompanhar minha carteira,,,,,,,,,
242.0,2025-09-01 00:00:00,PRD_FND,2.0,0.0,5.5,0.0,242,Fundos,FD00082,C00242,2025-08-26,2025T3,Novo Investidor,Fundos,Internet Banking,6-24 meses,9,Atendimento claro e rapido,242.0,06-29-2026,cdb,10,duvida rentabilidade,Telefone,Resolvido,Nao ficou claro o risco do produto,CDB
242.0,2025-09-01 00:00:00,PRD_FND,2.0,0.0,5.5,0.0,242,Fundos,FD00254,C00242,2025-11-24,2025T4,Novo Investidor,Carteira Administrada,Internet Banking,2-5 anos,10,Consegui acompanhar minha carteira,242.0,06-29-2026,cdb,10,duvida rentabilidade,Telefone,Resolvido,Nao ficou claro o risco do produto,CDB
242.0,2025-09-01 00:00:00,PRD_FND,2.0,0.0,5.5,0.0,242,Fundos,FD00328,C00242,2025-10-04,2025T4,Novo Investidor,Fundos,App,5+ anos,10,Boa experiencia no aplicativo,242.0,06-29-2026,cdb,10,duvida rentabilidade,Telefone,Resolvido,Nao ficou claro o risco do produto,CDB
242.0,2025-09-01 00:00:00,PRD_FND,2.0,0.0,5.5,0.0,242,Fundos,FD00831,C00242,2026-06-27,2026T2,Novo Investidor,CDB,Assessoria,6-24 meses,10,Consegui acompanhar minha carteira,242.0,06-29-2026,cdb,10,duvida rentabilidade,Telefone,Resolvido,Nao ficou claro o risco do produto,CDB
242.0,2025-11-23 00:00:00,PRD_CAR,4.0,0.0,35.5,0.0,242,Carteira Administrada,FD00082,C00242,2025-08-26,2025T3,Novo Investidor,Fundos,Internet Banking,6-24 meses,9,Atendimento claro e rapido,242.0,06-29-2026,cdb,10,duvida rentabilidade,Telefone,Resolvido,Nao ficou claro o risco do produto,CDB
242.0,2025-11-23 00:00:00,PRD_CAR,4.0,0.0,35.5,0.0,242,Carteira Administrada,FD00254,C00242,2025-11-24,2025T4,Novo Investidor,Carteira Administrada,Internet Banking,2-5 anos,10,Consegui acompanhar minha carteira,242.0,06-29-2026,cdb,10,duvida rentabilidade,Telefone,Resolvido,Nao ficou claro o risco do produto,CDB
242.0,2025-11-23 00:00:00,PRD_CAR,4.0,0.0,35.5,0.0,242,Carteira Administrada,FD00328,C00242,2025-10-04,2025T4,Novo Investidor,Fundos,App,5+ anos,10,Boa experiencia no aplicativo,242.0,06-29-2026,cdb,10,duvida rentabilidade,Telefone,Resolvido,Nao ficou claro o risco do produto,CDB
242.0,2025-11-23 00:00:00,PRD_CAR,4.0,0.0,35.5,0.0,242,Carteira Administrada,FD00831,C00242,2026-06-27,2026T2,Novo Investidor,CDB,Assessoria,6-24 meses,10,Consegui acompanhar minha carteira,242.0,06-29-2026,cdb,10,duvida rentabilidade,Telefone,Resolvido,Nao ficou claro o risco do produto,CDB
242.0,2026-06-27 00:00:00,PRD_CDB,6.0,1.0,43.0,0.0,242,CDB,FD00082,C00242,2025-08-26,2025T3,Novo Investidor,Fundos,Internet Banking,6-24 meses,9,Atendimento claro e rapido,242.0,06-29-2026,cdb,10,duvida rentabilidade,Telefone,Resolvido,Nao ficou claro o risco do produto,CDB
242.0,2026-06-27 00:00:00,PRD_CDB,6.0,1.0,43.0,0.0,242,CDB,FD00254,C00242,2025-11-24,2025T4,Novo Investidor,Carteira Administrada,Internet Banking,2-5 anos,10,Consegui acompanhar minha carteira,242.0,06-29-2026,cdb,10,duvida rentabilidade,Telefone,Resolvido,Nao ficou claro o risco do produto,CDB
242.0,2026-06-27 00:00:00,PRD_CDB,6.0,1.0,43.0,0.0,242,CDB,FD00328,C00242,2025-10-04,2025T4,Novo Investidor,Fundos,App,5+ anos,10,Boa experiencia no aplicativo,242.0,06-29-2026,cdb,10,duvida rentabilidade,Telefone,Resolvido,Nao ficou claro o risco do produto,CDB
242.0,2026-06-27 00:00:00,PRD_CDB,6.0,1.0,43.0,0.0,242,CDB,FD00831,C00242,2026-06-27,2026T2,Novo Investidor,CDB,Assessoria,6-24 meses,10,Consegui acompanhar minha carteira,242.0,06-29-2026,cdb,10,duvida rentabilidade,Telefone,Resolvido,Nao ficou claro o risco do produto,CDB
242.0,2025-10-02 00:00:00,PRD_FND,12.0,1.0,41.3,0.0,242,Fundos,FD00082,C00242,2025-08-26,2025T3,Novo Investidor,Fundos,Internet Banking,6-24 meses,9,Atendimento claro e rapido,242.0,06-29-2026,cdb,10,duvida rentabilidade,Telefone,Resolvido,Nao ficou claro o risco do produto,CDB
242.0,2025-10-02 00:00:00,PRD_FND,12.0,1.0,41.3,0.0,242,Fundos,FD00254,C00242,2025-11-24,2025T4,Novo Investidor,Carteira Administrada,Internet Banking,2-5 anos,10,Consegui acompanhar minha carteira,242.0,06-29-2026,cdb,10,duvida rentabilidade,Telefone,Resolvido,Nao ficou claro o risco do produto,CDB
242.0,2025-10-02 00:00:00,PRD_FND,12.0,1.0,41.3,0.0,242,Fundos,FD00328,C00242,2025-10-04,2025T4,Novo Investidor,Fundos,App,5+ anos,10,Boa experiencia no aplicativo,242.0,06-29-2026,cdb,10,duvida rentabilidade,Telefone,Resolvido,Nao ficou claro o risco do produto,CDB
242.0,2025-10-02 00:00:00,PRD_FND,12.0,1.0,41.3,0.0,242,Fundos,FD00831,C00242,2026-06-27,2026T2,Novo Investidor,CDB,Assessoria,6-24 meses,10,Consegui acompanhar minha carteira,242.0,06-29-2026,cdb,10,duvida rentabilidade,Telefone,Resolvido,Nao ficou claro o risco do produto,CDB
243.0,2026-01-01 00:00:00,PRD_FND,11.0,0.0,38.9,0.0,243,Fundos,FD00377,C00243,2025-12-30,2025T4,Novo Investidor,Fundos,App,6-24 meses,10,Consegui acompanhar minha carteira,243.0,31-Dec-25,Fundos,10,cadastro,Chat,Resolvido,Boa experiencia no aplicativo,Fundos
245.0,2026-01-29 00:00:00,PRD_CDB,5.0,1.0,42.2,0.0,245,CDB,FD00238,C00245,2025-10-25,2025T4,Private,Carteira Administrada,App,0-6 meses,9,Informacoes estavam faceis de encontrar,,,,,,,,,
245.0,2026-01-29 00:00:00,PRD_CDB,5.0,1.0,42.2,0.0,245,CDB,FD00561,C00245,2026-01-24,2026T1,Private,CDB,App,5+ anos,9,Atendimento claro e rapido,,,,,,,,,
245.0,2026-01-29 00:00:00,PRD_CDB,5.0,1.0,42.2,0.0,245,CDB,FD00921,C00245,2026-04-01,2026T2,Private,CDB,App,5+ anos,10,Consegui acompanhar minha carteira,,,,,,,,,
245.0,2026-04-08 00:00:00,PRD_CDB,13.0,,10.4,0.0,245,CDB,FD00238,C00245,2025-10-25,2025T4,Private,Carteira Administrada,App,0-6 meses,9,Informacoes estavam faceis de encontrar,,,,,,,,,
245.0,2026-04-08 00:00:00,PRD_CDB,13.0,,10.4,0.0,245,CDB,FD00561,C00245,2026-01-24,2026T1,Private,CDB,App,5+ anos,9,Atendimento claro e rapido,,,,,,,,,
245.0,2026-04-08 00:00:00,PRD_CDB,13.0,,10.4,0.0,245,CDB,FD00921,C00245,2026-04-01,2026T2,Private,CDB,App,5+ anos,10,Consegui acompanhar minha carteira,,,,,,,,,
245.0,2025-10-30 00:00:00,PRD_CAR,15.0,2.0,75.5,0.0,245,Carteira Administrada,FD00238,C00245,2025-10-25,2025T4,Private,Carteira Administrada,App,0-6 meses,9,Informacoes estavam faceis de encontrar,,,,,,,,,
245.0,2025-10-30 00:00:00,PRD_CAR,15.0,2.0,75.5,0.0,245,Carteira Administrada,FD00561,C00245,2026-01-24,2026T1,Private,CDB,App,5+ anos,9,Atendimento claro e rapido,,,,,,,,,
245.0,2025-10-30 00:00:00,PRD_CAR,15.0,2.0,75.5,0.0,245,Carteira Administrada,FD00921,C00245,2026-04-01,2026T2,Private,CDB,App,5+ anos,10,Consegui acompanhar minha carteira,,,,,,,,,
247.0,2026-01-10 00:00:00,PRD_FND,7.0,0.0,12.1,0.0,247,Fundos,FD00182,C00247,2025-08-29,2025T3,Alta Renda,CDB,App,2-5 anos,9,Atendimento claro e rapido,,,,,,,,,
247.0,2026-01-10 00:00:00,PRD_FND,7.0,0.0,12.1,0.0,247,Fundos,FD00385,C00247,2025-11-09,2025T4,Alta Renda,Fundos,Internet Banking,2-5 anos,10,Boa experiencia no aplicativo,,,,,,,,,
247.0,2026-01-10 00:00:00,PRD_FND,7.0,0.0,12.1,0.0,247,Fundos,FD00569,C00247,2026-01-11,2026T1,Alta Renda,Fundos,Central de Atendimento,5+ anos,7,Tive duvida sobre rentabilidade,,,,,,,,,
247.0,2025-08-31 00:00:00,PRD_CDB,12.0,0.0,20.4,0.0,247,CDB,FD00182,C00247,2025-08-29,2025T3,Alta Renda,CDB,App,2-5 anos,9,Atendimento claro e rapido,,,,,,,,,
247.0,2025-08-31 00:00:00,PRD_CDB,12.0,0.0,20.4,0.0,247,CDB,FD00385,C00247,2025-11-09,2025T4,Alta Renda,Fundos,Internet Banking,2-5 anos,10,Boa experiencia no aplicativo,,,,,,,,,
247.0,2025-08-31 00:00:00,PRD_CDB,12.0,0.0,20.4,0.0,247,CDB,FD00569,C00247,2026-01-11,2026T1,Alta Renda,Fundos,Central de Atendimento,5+ anos,7,Tive duvida sobre rentabilidade,,,,,,,,,
247.0,2025-11-18 00:00:00,PRD_FND,5.0,0.0,6.7,0.0,247,Fundos,FD00182,C00247,2025-08-29,2025T3,Alta Renda,CDB,App,2-5 anos,9,Atendimento claro e rapido,,,,,,,,,
247.0,2025-11-18 00:00:00,PRD_FND,5.0,0.0,6.7,0.0,247,Fundos,FD00385,C00247,2025-11-09,2025T4,Alta Renda,Fundos,Internet Banking,2-5 anos,10,Boa experiencia no aplicativo,,,,,,,,,
247.0,2025-11-18 00:00:00,PRD_FND,5.0,0.0,6.7,0.0,247,Fundos,FD00569,C00247,2026-01-11,2026T1,Alta Renda,Fundos,Central de Atendimento,5+ anos,7,Tive duvida sobre rentabilidade,,,,,,,,,
249.0,2026-01-31 00:00:00,PRD_CDB,4.0,0.0,26.4,0.0,249,CDB,FD00439,C00249,2025-12-18,2025T4,Novo Investidor,CDB,Internet Banking,5+ anos,9,Boa experiencia no aplicativo,249.0,12-17-2025,cdb,8,duvida rentabilidade,Telefone,Reaberto,,CDB
249.0,2026-01-31 00:00:00,PRD_CDB,4.0,0.0,26.4,0.0,249,CDB,FD00439,C00249,2025-12-18,2025T4,Novo Investidor,CDB,Internet Banking,5+ anos,9,Boa experiencia no aplicativo,249.0,26/01/2026,C.D.B.,10,cadastro,Telefone,Resolvido,Boa experiencia no aplicativo,CDB
249.0,2026-01-31 00:00:00,PRD_CDB,4.0,0.0,26.4,0.0,249,CDB,FD00446,C00249,2025-11-27,2025T4,Novo Investidor,Tesouro Direto,Internet Banking,6-24 meses,7,Aplicativo poderia explicar melhor,249.0,12-17-2025,cdb,8,duvida rentabilidade,Telefone,Reaberto,,CDB
249.0,2026-01-31 00:00:00,PRD_CDB,4.0,0.0,26.4,0.0,249,CDB,FD00446,C00249,2025-11-27,2025T4,Novo Investidor,Tesouro Direto,Internet Banking,6-24 meses,7,Aplicativo poderia explicar melhor,249.0,26/01/2026,C.D.B.,10,cadastro,Telefone,Resolvido,Boa experiencia no aplicativo,CDB
249.0,2026-01-31 00:00:00,PRD_CDB,4.0,0.0,26.4,0.0,249,CDB,FD00714,C00249,2026-01-25,2026T1,Novo Investidor,CDB,Central de Atendimento,5+ anos,10,Boa experiencia no aplicativo,249.0,12-17-2025,cdb,8,duvida rentabilidade,Telefone,Reaberto,,CDB
249.0,2026-01-31 00:00:00,PRD_CDB,4.0,0.0,26.4,0.0,249,CDB,FD00714,C00249,2026-01-25,2026T1,Novo Investidor,CDB,Central de Atendimento,5+ anos,10,Boa experiencia no aplicativo,249.0,26/01/2026,C.D.B.,10,cadastro,Telefone,Resolvido,Boa experiencia no aplicativo,CDB
249.0,2025-11-25 00:00:00,PRD_TES,7.0,0.0,27.4,0.0,249,Tesouro Direto,FD00439,C00249,2025-12-18,2025T4,Novo Investidor,CDB,Internet Banking,5+ anos,9,Boa experiencia no aplicativo,249.0,12-17-2025,cdb,8,duvida rentabilidade,Telefone,Reaberto,,CDB
249.0,2025-11-25 00:00:00,PRD_TES,7.0,0.0,27.4,0.0,249,Tesouro Direto,FD00439,C00249,2025-12-18,2025T4,Novo Investidor,CDB,Internet Banking,5+ anos,9,Boa experiencia no aplicativo,249.0,26/01/2026,C.D.B.,10,cadastro,Telefone,Resolvido,Boa experiencia no aplicativo,CDB
249.0,2025-11-25 00:00:00,PRD_TES,7.0,0.0,27.4,0.0,249,Tesouro Direto,FD00446,C00249,2025-11-27,2025T4,Novo Investidor,Tesouro Direto,Internet Banking,6-24 meses,7,Aplicativo poderia explicar melhor,249.0,12-17-2025,cdb,8,duvida rentabilidade,Telefone,Reaberto,,CDB
249.0,2025-11-25 00:00:00,PRD_TES,7.0,0.0,27.4,0.0,249,Tesouro Direto,FD00446,C00249,2025-11-27,2025T4,Novo Investidor,Tesouro Direto,Internet Banking,6-24 meses,7,Aplicativo poderia explicar melhor,249.0,26/01/2026,C.D.B.,10,cadastro,Telefone,Resolvido,Boa experiencia no aplicativo,CDB
249.0,2025-11-25 00:00:00,PRD_TES,7.0,0.0,27.4,0.0,249,Tesouro Direto,FD00714,C00249,2026-01-25,2026T1,Novo Investidor,CDB,Central de Atendimento,5+ anos,10,Boa experiencia no aplicativo,249.0,12-17-2025,cdb,8,duvida rentabilidade,Telefone,Reaberto,,CDB
249.0,2025-11-25 00:00:00,PRD_TES,7.0,0.0,27.4,0.0,249,Tesouro Direto,FD00714,C00249,2026-01-25,2026T1,Novo Investidor,CDB,Central de Atendimento,5+ anos,10,Boa experiencia no aplicativo,249.0,26/01/2026,C.D.B.,10,cadastro,Telefone,Resolvido,Boa experiencia no aplicativo,CDB
249.0,2025-12-27 00:00:00,PRD_CDB,4.0,1.0,43.5,1.0,249,CDB,FD00439,C00249,2025-12-18,2025T4,Novo Investidor,CDB,Internet Banking,5+ anos,9,Boa experiencia no aplicativo,249.0,12-17-2025,cdb,8,duvida rentabilidade,Telefone,Reaberto,,CDB
249.0,2025-12-27 00:00:00,PRD_CDB,4.0,1.0,43.5,1.0,249,CDB,FD00439,C00249,2025-12-18,2025T4,Novo Investidor,CDB,Internet Banking,5+ anos,9,Boa experiencia no aplicativo,249.0,26/01/2026,C.D.B.,10,cadastro,Telefone,Resolvido,Boa experiencia no aplicativo,CDB
249.0,2025-12-27 00:00:00,PRD_CDB,4.0,1.0,43.5,1.0,249,CDB,FD00446,C00249,2025-11-27,2025T4,Novo Investidor,Tesouro Direto,Internet Banking,6-24 meses,7,Aplicativo poderia explicar melhor,249.0,12-17-2025,cdb,8,duvida rentabilidade,Telefone,Reaberto,,CDB
249.0,2025-12-27 00:00:00,PRD_CDB,4.0,1.0,43.5,1.0,249,CDB,FD00446,C00249,2025-11-27,2025T4,Novo Investidor,Tesouro Direto,Internet Banking,6-24 meses,7,Aplicativo poderia explicar melhor,249.0,26/01/2026,C.D.B.,10,cadastro,Telefone,Resolvido,Boa experiencia no aplicativo,CDB
249.0,2025-12-27 00:00:00,PRD_CDB,4.0,1.0,43.5,1.0,249,CDB,FD00714,C00249,2026-01-25,2026T1,Novo Investidor,CDB,Central de Atendimento,5+ anos,10,Boa experiencia no aplicativo,249.0,12-17-2025,cdb,8,duvida rentabilidade,Telefone,Reaberto,,CDB
249.0,2025-12-27 00:00:00,PRD_CDB,4.0,1.0,43.5,1.0,249,CDB,FD00714,C00249,2026-01-25,2026T1,Novo Investidor,CDB,Central de Atendimento,5+ anos,10,Boa experiencia no aplicativo,249.0,26/01/2026,C.D.B.,10,cadastro,Telefone,Resolvido,Boa experiencia no aplicativo,CDB
250.0,2026-05-22 00:00:00,PRD_CDB,9.0,1.0,41.3,0.0,250,CDB,FD00245,C00250,2025-10-04,2025T4,Varejo,CDB,Assessoria,5+ anos,10,Boa experiencia no aplicativo,250.0,07/05/2026,Fundo,10,acesso app,Chat,Resolvido,Nao ficou claro o risco do produto,Fundos
250.0,2026-05-22 00:00:00,PRD_CDB,9.0,1.0,41.3,0.0,250,CDB,FD00776,C00250,2026-05-09,2026T2,Varejo,Fundos,Internet Banking,0-6 meses,10,Atendimento claro e rapido,250.0,07/05/2026,Fundo,10,acesso app,Chat,Resolvido,Nao ficou claro o risco do produto,Fundos
250.0,2026-05-22 00:00:00,PRD_CDB,9.0,1.0,41.3,0.0,250,CDB,FD00908,C00250,2026-05-18,2026T2,Varejo,CDB,App,2-5 anos,10,Consegui acompanhar minha carteira,250.0,07/05/2026,Fundo,10,acesso app,Chat,Resolvido,Nao ficou claro o risco do produto,Fundos
250.0,2025-09-29 00:00:00,PRD_CDB,6.0,0.0,6.9,0.0,250,CDB,FD00245,C00250,2025-10-04,2025T4,Varejo,CDB,Assessoria,5+ anos,10,Boa experiencia no aplicativo,250.0,07/05/2026,Fundo,10,acesso app,Chat,Resolvido,Nao ficou claro o risco do produto,Fundos
250.0,2025-09-29 00:00:00,PRD_CDB,6.0,0.0,6.9,0.0,250,CDB,FD00776,C00250,2026-05-09,2026T2,Varejo,Fundos,Internet Banking,0-6 meses,10,Atendimento claro e rapido,250.0,07/05/2026,Fundo,10,acesso app,Chat,Resolvido,Nao ficou claro o risco do produto,Fundos
250.0,2025-09-29 00:00:00,PRD_CDB,6.0,0.0,6.9,0.0,250,CDB,FD00908,C00250,2026-05-18,2026T2,Varejo,CDB,App,2-5 anos,10,Consegui acompanhar minha carteira,250.0,07/05/2026,Fundo,10,acesso app,Chat,Resolvido,Nao ficou claro o risco do produto,Fundos
250.0,2026-05-01 00:00:00,PRD_FND,3.0,0.0,12.5,0.0,250,Fundos,FD00245,C00250,2025-10-04,2025T4,Varejo,CDB,Assessoria,5+ anos,10,Boa experiencia no aplicativo,250.0,07/05/2026,Fundo,10,acesso app,Chat,Resolvido,Nao ficou claro o risco do produto,Fundos
250.0,2026-05-01 00:00:00,PRD_FND,3.0,0.0,12.5,0.0,250,Fundos,FD00776,C00250,2026-05-09,2026T2,Varejo,Fundos,Internet Banking,0-6 meses,10,Atendimento claro e rapido,250.0,07/05/2026,Fundo,10,acesso app,Chat,Resolvido,Nao ficou claro o risco do produto,Fundos
250.0,2026-05-01 00:00:00,PRD_FND,3.0,0.0,12.5,0.0,250,Fundos,FD00908,C00250,2026-05-18,2026T2,Varejo,CDB,App,2-5 anos,10,Consegui acompanhar minha carteira,250.0,07/05/2026,Fundo,10,acesso app,Chat,Resolvido,Nao ficou claro o risco do produto,Fundos
253.0,2026-05-12 00:00:00,PRD_CAR,9.0,1.0,103.4,1.0,253,Carteira Administrada,FD00740,C00253,2026-05-15,2026T2,Varejo,Carteira Administrada,App,0-6 meses,8,"Experiencia ok, mas poderia ser mais simples",253.0,18/05/2026,carteira administrada,8,duvida rentabilidade,Chat,Resolvido,Consegui acompanhar minha carteira,Carteira Administrada
254.0,2025-07-19 00:00:00,PRD_FND,9.0,0.0,6.6,0.0,254,Fundos,FD00022,C00254,2025-09-02,2025T3,Alta Renda,Tesouro Direto,App,0-6 meses,10,Atendimento claro e rapido,254.0,18/07/2025,Fundos,8,reclamacao atendimento,Telefone,Pendente,,Fundos
254.0,2025-07-19 00:00:00,PRD_FND,9.0,0.0,6.6,0.0,254,Fundos,FD00053,C00254,2025-09-23,2025T3,Alta Renda,Tesouro Direto,App,0-6 meses,10,Informacoes estavam faceis de encontrar,254.0,18/07/2025,Fundos,8,reclamacao atendimento,Telefone,Pendente,,Fundos
254.0,2025-07-19 00:00:00,PRD_FND,9.0,0.0,6.6,0.0,254,Fundos,FD00165,C00254,2025-07-16,2025T3,Alta Renda,Fundos,App,2-5 anos,9,Boa experiencia no aplicativo,254.0,18/07/2025,Fundos,8,reclamacao atendimento,Telefone,Pendente,,Fundos
254.0,2025-07-19 00:00:00,PRD_FND,9.0,0.0,6.6,0.0,254,Fundos,FD00175,C00254,2025-07-10,2025T3,Alta Renda,Fundos,App,6-24 meses,10,Atendimento claro e rapido,254.0,18/07/2025,Fundos,8,reclamacao atendimento,Telefone,Pendente,,Fundos
254.0,2025-07-19 00:00:00,PRD_FND,9.0,0.0,6.6,0.0,254,Fundos,FD00951,C00254,2026-06-06,2026T2,Alta Renda,CDB,App,2-5 anos,10,Consegui acompanhar minha carteira,254.0,18/07/2025,Fundos,8,reclamacao atendimento,Telefone,Pendente,,Fundos
254.0,2026-06-09 00:00:00,PRD_CDB,17.0,0.0,16.7,0.0,254,CDB,FD00022,C00254,2025-09-02,2025T3,Alta Renda,Tesouro Direto,App,0-6 meses,10,Atendimento claro e rapido,254.0,18/07/2025,Fundos,8,reclamacao atendimento,Telefone,Pendente,,Fundos
254.0,2026-06-09 00:00:00,PRD_CDB,17.0,0.0,16.7,0.0,254,CDB,FD00053,C00254,2025-09-23,2025T3,Alta Renda,Tesouro Direto,App,0-6 meses,10,Informacoes estavam faceis de encontrar,254.0,18/07/2025,Fundos,8,reclamacao atendimento,Telefone,Pendente,,Fundos
254.0,2026-06-09 00:00:00,PRD_CDB,17.0,0.0,16.7,0.0,254,CDB,FD00165,C00254,2025-07-16,2025T3,Alta Renda,Fundos,App,2-5 anos,9,Boa experiencia no aplicativo,254.0,18/07/2025,Fundos,8,reclamacao atendimento,Telefone,Pendente,,Fundos
254.0,2026-06-09 00:00:00,PRD_CDB,17.0,0.0,16.7,0.0,254,CDB,FD00175,C00254,2025-07-10,2025T3,Alta Renda,Fundos,App,6-24 meses,10,Atendimento claro e rapido,254.0,18/07/2025,Fundos,8,reclamacao atendimento,Telefone,Pendente,,Fundos
254.0,2026-06-09 00:00:00,PRD_CDB,17.0,0.0,16.7,0.0,254,CDB,FD00951,C00254,2026-06-06,2026T2,Alta Renda,CDB,App,2-5 anos,10,Consegui acompanhar minha carteira,254.0,18/07/2025,Fundos,8,reclamacao atendimento,Telefone,Pendente,,Fundos
254.0,2025-08-26 00:00:00,PRD_TES,10.0,0.0,4.9,0.0,254,Tesouro Direto,FD00022,C00254,2025-09-02,2025T3,Alta Renda,Tesouro Direto,App,0-6 meses,10,Atendimento claro e rapido,254.0,18/07/2025,Fundos,8,reclamacao atendimento,Telefone,Pendente,,Fundos
254.0,2025-08-26 00:00:00,PRD_TES,10.0,0.0,4.9,0.0,254,Tesouro Direto,FD00053,C00254,2025-09-23,2025T3,Alta Renda,Tesouro Direto,App,0-6 meses,10,Informacoes estavam faceis de encontrar,254.0,18/07/2025,Fundos,8,reclamacao atendimento,Telefone,Pendente,,Fundos
254.0,2025-08-26 00:00:00,PRD_TES,10.0,0.0,4.9,0.0,254,Tesouro Direto,FD00165,C00254,2025-07-16,2025T3,Alta Renda,Fundos,App,2-5 anos,9,Boa experiencia no aplicativo,254.0,18/07/2025,Fundos,8,reclamacao atendimento,Telefone,Pendente,,Fundos
254.0,2025-08-26 00:00:00,PRD_TES,10.0,0.0,4.9,0.0,254,Tesouro Direto,FD00175,C00254,2025-07-10,2025T3,Alta Renda,Fundos,App,6-24 meses,10,Atendimento claro e rapido,254.0,18/07/2025,Fundos,8,reclamacao atendimento,Telefone,Pendente,,Fundos
254.0,2025-08-26 00:00:00,PRD_TES,10.0,0.0,4.9,0.0,254,Tesouro Direto,FD00951,C00254,2026-06-06,2026T2,Alta Renda,CDB,App,2-5 anos,10,Consegui acompanhar minha carteira,254.0,18/07/2025,Fundos,8,reclamacao atendimento,Telefone,Pendente,,Fundos
254.0,2025-09-28 00:00:00,PRD_TES,11.0,0.0,18.3,0.0,254,Tesouro Direto,FD00022,C00254,2025-09-02,2025T3,Alta Renda,Tesouro Direto,App,0-6 meses,10,Atendimento claro e rapido,254.0,18/07/2025,Fundos,8,reclamacao atendimento,Telefone,Pendente,,Fundos
254.0,2025-09-28 00:00:00,PRD_TES,11.0,0.0,18.3,0.0,254,Tesouro Direto,FD00053,C00254,2025-09-23,2025T3,Alta Renda,Tesouro Direto,App,0-6 meses,10,Informacoes estavam faceis de encontrar,254.0,18/07/2025,Fundos,8,reclamacao atendimento,Telefone,Pendente,,Fundos
254.0,2025-09-28 00:00:00,PRD_TES,11.0,0.0,18.3,0.0,254,Tesouro Direto,FD00165,C00254,2025-07-16,2025T3,Alta Renda,Fundos,App,2-5 anos,9,Boa experiencia no aplicativo,254.0,18/07/2025,Fundos,8,reclamacao atendimento,Telefone,Pendente,,Fundos
254.0,2025-09-28 00:00:00,PRD_TES,11.0,0.0,18.3,0.0,254,Tesouro Direto,FD00175,C00254,2025-07-10,2025T3,Alta Renda,Fundos,App,6-24 meses,10,Atendimento claro e rapido,254.0,18/07/2025,Fundos,8,reclamacao atendimento,Telefone,Pendente,,Fundos
254.0,2025-09-28 00:00:00,PRD_TES,11.0,0.0,18.3,0.0,254,Tesouro Direto,FD00951,C00254,2026-06-06,2026T2,Alta Renda,CDB,App,2-5 anos,10,Consegui acompanhar minha carteira,254.0,18/07/2025,Fundos,8,reclamacao atendimento,Telefone,Pendente,,Fundos
254.0,2025-07-16 00:00:00,PRD_FND,6.0,0.0,18.9,0.0,254,Fundos,FD00022,C00254,2025-09-02,2025T3,Alta Renda,Tesouro Direto,App,0-6 meses,10,Atendimento claro e rapido,254.0,18/07/2025,Fundos,8,reclamacao atendimento,Telefone,Pendente,,Fundos
254.0,2025-07-16 00:00:00,PRD_FND,6.0,0.0,18.9,0.0,254,Fundos,FD00053,C00254,2025-09-23,2025T3,Alta Renda,Tesouro Direto,App,0-6 meses,10,Informacoes estavam faceis de encontrar,254.0,18/07/2025,Fundos,8,reclamacao atendimento,Telefone,Pendente,,Fundos
254.0,2025-07-16 00:00:00,PRD_FND,6.0,0.0,18.9,0.0,254,Fundos,FD00165,C00254,2025-07-16,2025T3,Alta Renda,Fundos,App,2-5 anos,9,Boa experiencia no aplicativo,254.0,18/07/2025,Fundos,8,reclamacao atendimento,Telefone,Pendente,,Fundos
254.0,2025-07-16 00:00:00,PRD_FND,6.0,0.0,18.9,0.0,254,Fundos,FD00175,C00254,2025-07-10,2025T3,Alta Renda,Fundos,App,6-24 meses,10,Atendimento claro e rapido,254.0,18/07/2025,Fundos,8,reclamacao atendimento,Telefone,Pendente,,Fundos
254.0,2025-07-16 00:00:00,PRD_FND,6.0,0.0,18.9,0.0,254,Fundos,FD00951,C00254,2026-06-06,2026T2,Alta Renda,CDB,App,2-5 anos,10,Consegui acompanhar minha carteira,254.0,18/07/2025,Fundos,8,reclamacao atendimento,Telefone,Pendente,,Fundos
255.0,2025-07-08 00:00:00,PRD_TES,8.0,0.0,26.7,0.0,255,Tesouro Direto,FD00159,C00255,2025-07-05,2025T3,Private,Tesouro Direto,App,0-6 meses,9,Assessoria ajudou na decisao,,,,,,,,,
,,,,,,,256,,FD00356,C00256,2025-11-27,2025T4,Alta Renda,Fundos,Internet Banking,6-24 meses,10,Consegui acompanhar minha carteira,,,,,,,,,
257.0,2025-08-11 00:00:00,PRD_FND,4.0,0.0,33.3,0.0,257,Fundos,FD00216,C00257,2025-08-04,2025T3,Novo Investidor,Fundos,Internet Banking,6-24 meses,10,Consegui acompanhar minha carteira,257.0,29/11/2025,Fundo,10,cadastro,Agencia,Resolvido,Demorou um pouco para encontrar informacoes,Fundos
257.0,2025-08-11 00:00:00,PRD_FND,4.0,0.0,33.3,0.0,257,Fundos,FD00216,C00257,2025-08-04,2025T3,Novo Investidor,Fundos,Internet Banking,6-24 meses,10,Consegui acompanhar minha carteira,257.0,02-Aug-25,Fundos,10,resgate,Chat,Resolvido,Boa experiencia no aplicativo,Fundos
257.0,2025-08-11 00:00:00,PRD_FND,4.0,0.0,33.3,0.0,257,Fundos,FD00358,C00257,2025-11-28,2025T4,Novo Investidor,Fundos,App,6-24 meses,10,Assessoria ajudou na decisao,257.0,29/11/2025,Fundo,10,cadastro,Agencia,Resolvido,Demorou um pouco para encontrar informacoes,Fundos
257.0,2025-08-11 00:00:00,PRD_FND,4.0,0.0,33.3,0.0,257,Fundos,FD00358,C00257,2025-11-28,2025T4,Novo Investidor,Fundos,App,6-24 meses,10,Assessoria ajudou na decisao,257.0,02-Aug-25,Fundos,10,resgate,Chat,Resolvido,Boa experiencia no aplicativo,Fundos
257.0,2025-08-11 00:00:00,PRD_FND,4.0,0.0,33.3,0.0,257,Fundos,FD00358,C00257,2025-11-28,2025T4,Novo Investidor,Fundos,App,6-24 meses,10,Assessoria ajudou na decisao,257.0,29/11/2025,Fundo,10,cadastro,Agencia,Resolvido,Demorou um pouco para encontrar informacoes,Fundos
257.0,2025-08-11 00:00:00,PRD_FND,4.0,0.0,33.3,0.0,257,Fundos,FD00358,C00257,2025-11-28,2025T4,Novo Investidor,Fundos,App,6-24 meses,10,Assessoria ajudou na decisao,257.0,02-Aug-25,Fundos,10,resgate,Chat,Resolvido,Boa experiencia no aplicativo,Fundos
257.0,2025-11-19 00:00:00,PRD_FND,16.0,,38.0,0.0,257,Fundos,FD00216,C00257,2025-08-04,2025T3,Novo Investidor,Fundos,Internet Banking,6-24 meses,10,Consegui acompanhar minha carteira,257.0,29/11/2025,Fundo,10,cadastro,Agencia,Resolvido,Demorou um pouco para encontrar informacoes,Fundos
257.0,2025-11-19 00:00:00,PRD_FND,16.0,,38.0,0.0,257,Fundos,FD00216,C00257,2025-08-04,2025T3,Novo Investidor,Fundos,Internet Banking,6-24 meses,10,Consegui acompanhar minha carteira,257.0,02-Aug-25,Fundos,10,resgate,Chat,Resolvido,Boa experiencia no aplicativo,Fundos
257.0,2025-11-19 00:00:00,PRD_FND,16.0,,38.0,0.0,257,Fundos,FD00358,C00257,2025-11-28,2025T4,Novo Investidor,Fundos,App,6-24 meses,10,Assessoria ajudou na decisao,257.0,29/11/2025,Fundo,10,cadastro,Agencia,Resolvido,Demorou um pouco para encontrar informacoes,Fundos
257.0,2025-11-19 00:00:00,PRD_FND,16.0,,38.0,0.0,257,Fundos,FD00358,C00257,2025-11-28,2025T4,Novo Investidor,Fundos,App,6-24 meses,10,Assessoria ajudou na decisao,257.0,02-Aug-25,Fundos,10,resgate,Chat,Resolvido,Boa experiencia no aplicativo,Fundos
257.0,2025-11-19 00:00:00,PRD_FND,16.0,,38.0,0.0,257,Fundos,FD00358,C00257,2025-11-28,2025T4,Novo Investidor,Fundos,App,6-24 meses,10,Assessoria ajudou na decisao,257.0,29/11/2025,Fundo,10,cadastro,Agencia,Resolvido,Demorou um pouco para encontrar informacoes,Fundos
257.0,2025-11-19 00:00:00,PRD_FND,16.0,,38.0,0.0,257,Fundos,FD00358,C00257,2025-11-28,2025T4,Novo Investidor,Fundos,App,6-24 meses,10,Assessoria ajudou na decisao,257.0,02-Aug-25,Fundos,10,resgate,Chat,Resolvido,Boa experiencia no aplicativo,Fundos
258.0,2025-10-22 00:00:00,PRD_TES,8.0,0.0,6.8,0.0,258,Tesouro Direto,FD00069,C00258,2025-07-25,2025T3,Varejo,Carteira Administrada,Internet Banking,5+ anos,8,"Atendimento resolveu, mas demorou",,,,,,,,,
258.0,2025-10-22 00:00:00,PRD_TES,8.0,0.0,6.8,0.0,258,Tesouro Direto,FD00394,C00258,2025-10-29,2025T4,Varejo,Tesouro Direto,Internet Banking,0-6 meses,9,Boa experiencia no aplicativo,,,,,,,,,
258.0,2025-07-30 00:00:00,PRD_CAR,5.0,0.0,46.2,0.0,258,Carteira Administrada,FD00069,C00258,2025-07-25,2025T3,Varejo,Carteira Administrada,Internet Banking,5+ anos,8,"Atendimento resolveu, mas demorou",,,,,,,,,
258.0,2025-07-30 00:00:00,PRD_CAR,5.0,0.0,46.2,0.0,258,Carteira Administrada,FD00394,C00258,2025-10-29,2025T4,Varejo,Tesouro Direto,Internet Banking,0-6 meses,9,Boa experiencia no aplicativo,,,,,,,,,
259.0,2026-02-19 00:00:00,PRD_CAR,10.0,0.0,41.3,1.0,259,Carteira Administrada,FD00299,C00259,2025-10-05,2025T4,Varejo,Carteira Administrada,Assessoria,5+ anos,10,Assessoria ajudou na decisao,259.0,21/02/2026,Carteira Administrada,4,acesso app,Telefone,Pendente,Nao ficou claro o risco do produto,Carteira Administrada
259.0,2026-02-19 00:00:00,PRD_CAR,10.0,0.0,41.3,1.0,259,Carteira Administrada,FD00553,C00259,2026-02-22,2026T1,Varejo,Carteira Administrada,App,6-24 meses,5,Nao ficou claro o risco do produto,259.0,21/02/2026,Carteira Administrada,4,acesso app,Telefone,Pendente,Nao ficou claro o risco do produto,Carteira Administrada
259.0,2025-10-08 00:00:00,PRD_CAR,3.0,0.0,42.5,0.0,259,Carteira Administrada,FD00299,C00259,2025-10-05,2025T4,Varejo,Carteira Administrada,Assessoria,5+ anos,10,Assessoria ajudou na decisao,259.0,21/02/2026,Carteira Administrada,4,acesso app,Telefone,Pendente,Nao ficou claro o risco do produto,Carteira Administrada
259.0,2025-10-08 00:00:00,PRD_CAR,3.0,0.0,42.5,0.0,259,Carteira Administrada,FD00553,C00259,2026-02-22,2026T1,Varejo,Carteira Administrada,App,6-24 meses,5,Nao ficou claro o risco do produto,259.0,21/02/2026,Carteira Administrada,4,acesso app,Telefone,Pendente,Nao ficou claro o risco do produto,Carteira Administrada
260.0,2025-11-21 00:00:00,PRD_COE,11.0,0.0,28.9,0.0,260,COE,FD00396,C00260,2025-11-30,2025T4,Private,COE,App,6-24 meses,9,Atendimento claro e rapido,,,,,,,,,
261.0,2025-11-15 00:00:00,PRD_CDB,5.0,0.0,8.6,0.0,261,CDB,FD00170,C00261,2025-09-16,2025T3,Varejo,Tesouro Direto,App,5+ anos,9,Informacoes estavam faceis de encontrar,261.0,16/09/2025,TESOURO DIRETO,10,cadastro,Telefone,Pendente,Nao consegui falar com assessor,Tesouro Direto
261.0,2025-11-15 00:00:00,PRD_CDB,5.0,0.0,8.6,0.0,261,CDB,FD00170,C00261,2025-09-16,2025T3,Varejo,Tesouro Direto,App,5+ anos,9,Informacoes estavam faceis de encontrar,261.0,18-Nov-25,cdb,10,extrato,Chat,Resolvido,,CDB
261.0,2025-11-15 00:00:00,PRD_CDB,5.0,0.0,8.6,0.0,261,CDB,FD00445,C00261,2025-11-18,2025T4,Varejo,CDB,App,2-5 anos,10,Assessoria ajudou na decisao,261.0,16/09/2025,TESOURO DIRETO,10,cadastro,Telefone,Pendente,Nao consegui falar com assessor,Tesouro Direto
261.0,2025-11-15 00:00:00,PRD_CDB,5.0,0.0,8.6,0.0,261,CDB,FD00445,C00261,2025-11-18,2025T4,Varejo,CDB,App,2-5 anos,10,Assessoria ajudou na decisao,261.0,18-Nov-25,cdb,10,extrato,Chat,Resolvido,,CDB
261.0,2025-11-15 00:00:00,PRD_CDB,5.0,0.0,8.6,0.0,261,CDB,FD00646,C00261,2026-03-02,2026T1,Varejo,Carteira Administrada,Internet Banking,6-24 meses,6,Nao consegui falar com assessor,261.0,16/09/2025,TESOURO DIRETO,10,cadastro,Telefone,Pendente,Nao consegui falar com assessor,Tesouro Direto
261.0,2025-11-15 00:00:00,PRD_CDB,5.0,0.0,8.6,0.0,261,CDB,FD00646,C00261,2026-03-02,2026T1,Varejo,Carteira Administrada,Internet Banking,6-24 meses,6,Nao consegui falar com assessor,261.0,18-Nov-25,cdb,10,extrato,Chat,Resolvido,,CDB
261.0,2026-02-20 00:00:00,PRD_CAR,6.0,1.0,43.1,0.0,261,Carteira Administrada,FD00170,C00261,2025-09-16,2025T3,Varejo,Tesouro Direto,App,5+ anos,9,Informacoes estavam faceis de encontrar,261.0,16/09/2025,TESOURO DIRETO,10,cadastro,Telefone,Pendente,Nao consegui falar com assessor,Tesouro Direto
261.0,2026-02-20 00:00:00,PRD_CAR,6.0,1.0,43.1,0.0,261,Carteira Administrada,FD00170,C00261,2025-09-16,2025T3,Varejo,Tesouro Direto,App,5+ anos,9,Informacoes estavam faceis de encontrar,261.0,18-Nov-25,cdb,10,extrato,Chat,Resolvido,,CDB
261.0,2026-02-20 00:00:00,PRD_CAR,6.0,1.0,43.1,0.0,261,Carteira Administrada,FD00445,C00261,2025-11-18,2025T4,Varejo,CDB,App,2-5 anos,10,Assessoria ajudou na decisao,261.0,16/09/2025,TESOURO DIRETO,10,cadastro,Telefone,Pendente,Nao consegui falar com assessor,Tesouro Direto
261.0,2026-02-20 00:00:00,PRD_CAR,6.0,1.0,43.1,0.0,261,Carteira Administrada,FD00445,C00261,2025-11-18,2025T4,Varejo,CDB,App,2-5 anos,10,Assessoria ajudou na decisao,261.0,18-Nov-25,cdb,10,extrato,Chat,Resolvido,,CDB
261.0,2026-02-20 00:00:00,PRD_CAR,6.0,1.0,43.1,0.0,261,Carteira Administrada,FD00646,C00261,2026-03-02,2026T1,Varejo,Carteira Administrada,Internet Banking,6-24 meses,6,Nao consegui falar com assessor,261.0,16/09/2025,TESOURO DIRETO,10,cadastro,Telefone,Pendente,Nao consegui falar com assessor,Tesouro Direto
261.0,2026-02-20 00:00:00,PRD_CAR,6.0,1.0,43.1,0.0,261,Carteira Administrada,FD00646,C00261,2026-03-02,2026T1,Varejo,Carteira Administrada,Internet Banking,6-24 meses,6,Nao consegui falar com assessor,261.0,18-Nov-25,cdb,10,extrato,Chat,Resolvido,,CDB
262.0,2025-08-28 00:00:00,PRD_TES,6.0,0.0,30.5,0.0,262,Tesouro Direto,FD00168,C00262,2025-08-18,2025T3,Novo Investidor,Tesouro Direto,Central de Atendimento,0-6 meses,3,Demora para resolver meu problema,262.0,15-May-26,fundos de investimento,10,reclamacao atendimento,E-mail,Resolvido,,Fundos
262.0,2025-08-28 00:00:00,PRD_TES,6.0,0.0,30.5,0.0,262,Tesouro Direto,FD00835,C00262,2026-05-13,2026T2,Novo Investidor,Fundos,Internet Banking,6-24 meses,10,Assessoria ajudou na decisao,262.0,15-May-26,fundos de investimento,10,reclamacao atendimento,E-mail,Resolvido,,Fundos
262.0,2026-05-04 00:00:00,PRD_FND,4.0,0.0,21.8,1.0,262,Fundos,FD00168,C00262,2025-08-18,2025T3,Novo Investidor,Tesouro Direto,Central de Atendimento,0-6 meses,3,Demora para resolver meu problema,262.0,15-May-26,fundos de investimento,10,reclamacao atendimento,E-mail,Resolvido,,Fundos
262.0,2026-05-04 00:00:00,PRD_FND,4.0,0.0,21.8,1.0,262,Fundos,FD00835,C00262,2026-05-13,2026T2,Novo Investidor,Fundos,Internet Banking,6-24 meses,10,Assessoria ajudou na decisao,262.0,15-May-26,fundos de investimento,10,reclamacao atendimento,E-mail,Resolvido,,Fundos
263.0,2025-09-05 00:00:00,PRD_TES,12.0,0.0,15.4,0.0,263,Tesouro Direto,FD00211,C00263,2025-08-26,2025T3,Private,Tesouro Direto,App,5+ anos,10,Boa experiencia no aplicativo,,,,,,,,,
264.0,2025-07-23 00:00:00,PRD_TES,2.0,0.0,18.3,0.0,264,Tesouro Direto,FD00041,C00264,2025-07-26,2025T3,Alta Renda,Tesouro Direto,Assessoria,6-24 meses,10,Informacoes estavam faceis de encontrar,264.0,sem data,carteira administrada,10,duvida rentabilidade,Telefone,Resolvido,Assessoria ajudou na decisao,Carteira Administrada
264.0,2025-07-23 00:00:00,PRD_TES,2.0,0.0,18.3,0.0,264,Tesouro Direto,FD00695,C00264,2026-03-12,2026T1,Alta Renda,Carteira Administrada,App,2-5 anos,10,Consegui acompanhar minha carteira,264.0,sem data,carteira administrada,10,duvida rentabilidade,Telefone,Resolvido,Assessoria ajudou na decisao,Carteira Administrada
264.0,2025-07-23 00:00:00,PRD_TES,2.0,0.0,18.3,0.0,264,Tesouro Direto,FD00041,C00264,2025-07-26,2025T3,Alta Renda,Tesouro Direto,Assessoria,6-24 meses,10,Informacoes estavam faceis de encontrar,264.0,sem data,carteira administrada,10,duvida rentabilidade,Telefone,Resolvido,Assessoria ajudou na decisao,Carteira Administrada
264.0,2025-07-23 00:00:00,PRD_TES,2.0,0.0,18.3,0.0,264,Tesouro Direto,FD00695,C00264,2026-03-12,2026T1,Alta Renda,Carteira Administrada,App,2-5 anos,10,Consegui acompanhar minha carteira,264.0,sem data,carteira administrada,10,duvida rentabilidade,Telefone,Resolvido,Assessoria ajudou na decisao,Carteira Administrada
265.0,2026-06-24 00:00:00,PRD_CDB,7.0,0.0,23.0,0.0,265,CDB,FD00924,C00265,2026-06-29,2026T2,Varejo,CDB,Assessoria,2-5 anos,10,Assessoria ajudou na decisao,,,,,,,,,
266.0,2025-08-03 00:00:00,PRD_COE,16.0,0.0,31.6,0.0,266,COE,FD00092,C00266,2025-08-01,2025T3,Varejo,COE,App,6-24 meses,0,Nao consegui falar com assessor,,,,,,,,,
266.0,2025-08-03 00:00:00,PRD_COE,16.0,0.0,31.6,0.0,266,COE,FD00236,C00266,2025-11-01,2025T4,Varejo,CDB,App,0-6 meses,9,Assessoria ajudou na decisao,,,,,,,,,
266.0,2025-11-05 00:00:00,PRD_CDB,6.0,0.0,31.8,0.0,266,CDB,FD00092,C00266,2025-08-01,2025T3,Varejo,COE,App,6-24 meses,0,Nao consegui falar com assessor,,,,,,,,,
266.0,2025-11-05 00:00:00,PRD_CDB,6.0,0.0,31.8,0.0,266,CDB,FD00236,C00266,2025-11-01,2025T4,Varejo,CDB,App,0-6 meses,9,Assessoria ajudou na decisao,,,,,,,,,
267.0,2025-08-31 00:00:00-03:00,PRD_CDB,4.0,0.0,28.7,0.0,267,CDB,FD00141,C00267,2025-07-19,2025T3,Varejo,Tesouro Direto,Internet Banking,6-24 meses,10,Atendimento claro e rapido,267.0,07-16-2025,tesouro direto,10,reclamacao atendimento,Telefone,Resolvido,"Experiencia ok, mas poderia ser mais simples",Tesouro Direto
267.0,2025-08-31 00:00:00-03:00,PRD_CDB,4.0,0.0,28.7,0.0,267,CDB,FD00160,C00267,2025-08-27,2025T3,Varejo,CDB,Internet Banking,6-24 meses,7,"Experiencia ok, mas poderia ser mais simples",267.0,07-16-2025,tesouro direto,10,reclamacao atendimento,Telefone,Resolvido,"Experiencia ok, mas poderia ser mais simples",Tesouro Direto
267.0,2025-08-31 00:00:00-03:00,PRD_CDB,4.0,0.0,28.7,0.0,267,CDB,FD00667,C00267,2026-03-25,2026T1,Varejo,Tesouro Direto,App,5+ anos,10,Assessoria ajudou na decisao,267.0,07-16-2025,tesouro direto,10,reclamacao atendimento,Telefone,Resolvido,"Experiencia ok, mas poderia ser mais simples",Tesouro Direto
268.0,2026-03-24 00:00:00,PRD_COE,7.0,0.0,23.3,0.0,268,COE,FD00856,C00268,2026-04-02,2026T2,Varejo,COE,App,5+ anos,10,Atendimento claro e rapido,,,,,,,,,
269.0,2025-10-14 00:00:00,PRD_CDB,5.0,0.0,22.5,0.0,269,CDB,FD00002,C00269,2025-08-07,2025T3,Alta Renda,Tesouro Direto,Assessoria,2-5 anos,10,Boa experiencia no aplicativo,269.0,17-Dec-25,cdb,10,explicacao risco,Telefone,Resolvido,"Experiencia ok, mas poderia ser mais simples",CDB
269.0,2025-10-14 00:00:00,PRD_CDB,5.0,0.0,22.5,0.0,269,CDB,FD00002,C00269,2025-08-07,2025T3,Alta Renda,Tesouro Direto,Assessoria,2-5 anos,10,Boa experiencia no aplicativo,269.0,11/01/2026,coe,10,reclamacao atendimento,Telefone,Resolvido,Aplicativo poderia explicar melhor,COE
269.0,2025-10-14 00:00:00,PRD_CDB,5.0,0.0,22.5,0.0,269,CDB,FD00184,C00269,2025-09-02,2025T3,Alta Renda,Tesouro Direto,App,2-5 anos,10,Atendimento claro e rapido,269.0,17-Dec-25,cdb,10,explicacao risco,Telefone,Resolvido,"Experiencia ok, mas poderia ser mais simples",CDB
269.0,2025-10-14 00:00:00,PRD_CDB,5.0,0.0,22.5,0.0,269,CDB,FD00184,C00269,2025-09-02,2025T3,Alta Renda,Tesouro Direto,App,2-5 anos,10,Atendimento claro e rapido,269.0,11/01/2026,coe,10,reclamacao atendimento,Telefone,Resolvido,Aplicativo poderia explicar melhor,COE
269.0,2025-10-14 00:00:00,PRD_CDB,5.0,0.0,22.5,0.0,269,CDB,FD00367,C00269,2025-12-19,2025T4,Alta Renda,CDB,Central de Atendimento,0-6 meses,10,,269.0,17-Dec-25,cdb,10,explicacao risco,Telefone,Resolvido,"Experiencia ok, mas poderia ser mais simples",CDB
269.0,2025-10-14 00:00:00,PRD_CDB,5.0,0.0,22.5,0.0,269,CDB,FD00367,C00269,2025-12-19,2025T4,Alta Renda,CDB,Central de Atendimento,0-6 meses,10,,269.0,11/01/2026,coe,10,reclamacao atendimento,Telefone,Resolvido,Aplicativo poderia explicar melhor,COE
269.0,2025-10-14 00:00:00,PRD_CDB,5.0,0.0,22.5,0.0,269,CDB,FD00398,C00269,2025-10-06,2025T4,Alta Renda,CDB,App,2-5 anos,10,Atendimento claro e rapido,269.0,17-Dec-25,cdb,10,explicacao risco,Telefone,Resolvido,"Experiencia ok, mas poderia ser mais simples",CDB
269.0,2025-10-14 00:00:00,PRD_CDB,5.0,0.0,22.5,0.0,269,CDB,FD00398,C00269,2025-10-06,2025T4,Alta Renda,CDB,App,2-5 anos,10,Atendimento claro e rapido,269.0,11/01/2026,coe,10,reclamacao atendimento,Telefone,Resolvido,Aplicativo poderia explicar melhor,COE
269.0,2025-10-14 00:00:00,PRD_CDB,5.0,0.0,22.5,0.0,269,CDB,FD00655,C00269,2026-01-09,2026T1,Alta Renda,COE,Assessoria,6-24 meses,10,Informacoes estavam faceis de encontrar,269.0,17-Dec-25,cdb,10,explicacao risco,Telefone,Resolvido,"Experiencia ok, mas poderia ser mais simples",CDB
269.0,2025-10-14 00:00:00,PRD_CDB,5.0,0.0,22.5,0.0,269,CDB,FD00655,C00269,2026-01-09,2026T1,Alta Renda,COE,Assessoria,6-24 meses,10,Informacoes estavam faceis de encontrar,269.0,11/01/2026,coe,10,reclamacao atendimento,Telefone,Resolvido,Aplicativo poderia explicar melhor,COE
269.0,2025-08-29 00:00:00,PRD_TES,5.0,0.0,6.4,0.0,269,Tesouro Direto,FD00002,C00269,2025-08-07,2025T3,Alta Renda,Tesouro Direto,Assessoria,2-5 anos,10,Boa experiencia no aplicativo,269.0,17-Dec-25,cdb,10,explicacao risco,Telefone,Resolvido,"Experiencia ok, mas poderia ser mais simples",CDB
269.0,2025-08-29 00:00:00,PRD_TES,5.0,0.0,6.4,0.0,269,Tesouro Direto,FD00002,C00269,2025-08-07,2025T3,Alta Renda,Tesouro Direto,Assessoria,2-5 anos,10,Boa experiencia no aplicativo,269.0,11/01/2026,coe,10,reclamacao atendimento,Telefone,Resolvido,Aplicativo poderia explicar melhor,COE
269.0,2025-08-29 00:00:00,PRD_TES,5.0,0.0,6.4,0.0,269,Tesouro Direto,FD00184,C00269,2025-09-02,2025T3,Alta Renda,Tesouro Direto,App,2-5 anos,10,Atendimento claro e rapido,269.0,17-Dec-25,cdb,10,explicacao risco,Telefone,Resolvido,"Experiencia ok, mas poderia ser mais simples",CDB
269.0,2025-08-29 00:00:00,PRD_TES,5.0,0.0,6.4,0.0,269,Tesouro Direto,FD00184,C00269,2025-09-02,2025T3,Alta Renda,Tesouro Direto,App,2-5 anos,10,Atendimento claro e rapido,269.0,11/01/2026,coe,10,reclamacao atendimento,Telefone,Resolvido,Aplicativo poderia explicar melhor,COE
269.0,2025-08-29 00:00:00,PRD_TES,5.0,0.0,6.4,0.0,269,Tesouro Direto,FD00367,C00269,2025-12-19,2025T4,Alta Renda,CDB,Central de Atendimento,0-6 meses,10,,269.0,17-Dec-25,cdb,10,explicacao risco,Telefone,Resolvido,"Experiencia ok, mas poderia ser mais simples",CDB
269.0,2025-08-29 00:00:00,PRD_TES,5.0,0.0,6.4,0.0,269,Tesouro Direto,FD00367,C00269,2025-12-19,2025T4,Alta Renda,CDB,Central de Atendimento,0-6 meses,10,,269.0,11/01/2026,coe,10,reclamacao atendimento,Telefone,Resolvido,Aplicativo poderia explicar melhor,COE
269.0,2025-08-29 00:00:00,PRD_TES,5.0,0.0,6.4,0.0,269,Tesouro Direto,FD00398,C00269,2025-10-06,2025T4,Alta Renda,CDB,App,2-5 anos,10,Atendimento claro e rapido,269.0,17-Dec-25,cdb,10,explicacao risco,Telefone,Resolvido,"Experiencia ok, mas poderia ser mais simples",CDB
269.0,2025-08-29 00:00:00,PRD_TES,5.0,0.0,6.4,0.0,269,Tesouro Direto,FD00398,C00269,2025-10-06,2025T4,Alta Renda,CDB,App,2-5 anos,10,Atendimento claro e rapido,269.0,11/01/2026,coe,10,reclamacao atendimento,Telefone,Resolvido,Aplicativo poderia explicar melhor,COE
269.0,2025-08-29 00:00:00,PRD_TES,5.0,0.0,6.4,0.0,269,Tesouro Direto,FD00655,C00269,2026-01-09,2026T1,Alta Renda,COE,Assessoria,6-24 meses,10,Informacoes estavam faceis de encontrar,269.0,17-Dec-25,cdb,10,explicacao risco,Telefone,Resolvido,"Experiencia ok, mas poderia ser mais simples",CDB
269.0,2025-08-29 00:00:00,PRD_TES,5.0,0.0,6.4,0.0,269,Tesouro Direto,FD00655,C00269,2026-01-09,2026T1,Alta Renda,COE,Assessoria,6-24 meses,10,Informacoes estavam faceis de encontrar,269.0,11/01/2026,coe,10,reclamacao atendimento,Telefone,Resolvido,Aplicativo poderia explicar melhor,COE
269.0,2025-08-07 00:00:00,PRD_TES,6.0,0.0,26.2,0.0,269,Tesouro Direto,FD00002,C00269,2025-08-07,2025T3,Alta Renda,Tesouro Direto,Assessoria,2-5 anos,10,Boa experiencia no aplicativo,269.0,17-Dec-25,cdb,10,explicacao risco,Telefone,Resolvido,"Experiencia ok, mas poderia ser mais simples",CDB
269.0,2025-08-07 00:00:00,PRD_TES,6.0,0.0,26.2,0.0,269,Tesouro Direto,FD00002,C00269,2025-08-07,2025T3,Alta Renda,Tesouro Direto,Assessoria,2-5 anos,10,Boa experiencia no aplicativo,269.0,11/01/2026,coe,10,reclamacao atendimento,Telefone,Resolvido,Aplicativo poderia explicar melhor,COE
269.0,2025-08-07 00:00:00,PRD_TES,6.0,0.0,26.2,0.0,269,Tesouro Direto,FD00184,C00269,2025-09-02,2025T3,Alta Renda,Tesouro Direto,App,2-5 anos,10,Atendimento claro e rapido,269.0,17-Dec-25,cdb,10,explicacao risco,Telefone,Resolvido,"Experiencia ok, mas poderia ser mais simples",CDB
269.0,2025-08-07 00:00:00,PRD_TES,6.0,0.0,26.2,0.0,269,Tesouro Direto,FD00184,C00269,2025-09-02,2025T3,Alta Renda,Tesouro Direto,App,2-5 anos,10,Atendimento claro e rapido,269.0,11/01/2026,coe,10,reclamacao atendimento,Telefone,Resolvido,Aplicativo poderia explicar melhor,COE
269.0,2025-08-07 00:00:00,PRD_TES,6.0,0.0,26.2,0.0,269,Tesouro Direto,FD00367,C00269,2025-12-19,2025T4,Alta Renda,CDB,Central de Atendimento,0-6 meses,10,,269.0,17-Dec-25,cdb,10,explicacao risco,Telefone,Resolvido,"Experiencia ok, mas poderia ser mais simples",CDB
269.0,2025-08-07 00:00:00,PRD_TES,6.0,0.0,26.2,0.0,269,Tesouro Direto,FD00367,C00269,2025-12-19,2025T4,Alta Renda,CDB,Central de Atendimento,0-6 meses,10,,269.0,11/01/2026,coe,10,reclamacao atendimento,Telefone,Resolvido,Aplicativo poderia explicar melhor,COE
269.0,2025-08-07 00:00:00,PRD_TES,6.0,0.0,26.2,0.0,269,Tesouro Direto,FD00398,C00269,2025-10-06,2025T4,Alta Renda,CDB,App,2-5 anos,10,Atendimento claro e rapido,269.0,17-Dec-25,cdb,10,explicacao risco,Telefone,Resolvido,"Experiencia ok, mas poderia ser mais simples",CDB
269.0,2025-08-07 00:00:00,PRD_TES,6.0,0.0,26.2,0.0,269,Tesouro Direto,FD00398,C00269,2025-10-06,2025T4,Alta Renda,CDB,App,2-5 anos,10,Atendimento claro e rapido,269.0,11/01/2026,coe,10,reclamacao atendimento,Telefone,Resolvido,Aplicativo poderia explicar melhor,COE
269.0,2025-08-07 00:00:00,PRD_TES,6.0,0.0,26.2,0.0,269,Tesouro Direto,FD00655,C00269,2026-01-09,2026T1,Alta Renda,COE,Assessoria,6-24 meses,10,Informacoes estavam faceis de encontrar,269.0,17-Dec-25,cdb,10,explicacao risco,Telefone,Resolvido,"Experiencia ok, mas poderia ser mais simples",CDB
269.0,2025-08-07 00:00:00,PRD_TES,6.0,0.0,26.2,0.0,269,Tesouro Direto,FD00655,C00269,2026-01-09,2026T1,Alta Renda,COE,Assessoria,6-24 meses,10,Informacoes estavam faceis de encontrar,269.0,11/01/2026,coe,10,reclamacao atendimento,Telefone,Resolvido,Aplicativo poderia explicar melhor,COE
269.0,2025-12-11 00:00:00,PRD_CDB,4.0,0.0,14.0,0.0,269,CDB,FD00002,C00269,2025-08-07,2025T3,Alta Renda,Tesouro Direto,Assessoria,2-5 anos,10,Boa experiencia no aplicativo,269.0,17-Dec-25,cdb,10,explicacao risco,Telefone,Resolvido,"Experiencia ok, mas poderia ser mais simples",CDB
269.0,2025-12-11 00:00:00,PRD_CDB,4.0,0.0,14.0,0.0,269,CDB,FD00002,C00269,2025-08-07,2025T3,Alta Renda,Tesouro Direto,Assessoria,2-5 anos,10,Boa experiencia no aplicativo,269.0,11/01/2026,coe,10,reclamacao atendimento,Telefone,Resolvido,Aplicativo poderia explicar melhor,COE
269.0,2025-12-11 00:00:00,PRD_CDB,4.0,0.0,14.0,0.0,269,CDB,FD00184,C00269,2025-09-02,2025T3,Alta Renda,Tesouro Direto,App,2-5 anos,10,Atendimento claro e rapido,269.0,17-Dec-25,cdb,10,explicacao risco,Telefone,Resolvido,"Experiencia ok, mas poderia ser mais simples",CDB
269.0,2025-12-11 00:00:00,PRD_CDB,4.0,0.0,14.0,0.0,269,CDB,FD00184,C00269,2025-09-02,2025T3,Alta Renda,Tesouro Direto,App,2-5 anos,10,Atendimento claro e rapido,269.0,11/01/2026,coe,10,reclamacao atendimento,Telefone,Resolvido,Aplicativo poderia explicar melhor,COE
269.0,2025-12-11 00:00:00,PRD_CDB,4.0,0.0,14.0,0.0,269,CDB,FD00367,C00269,2025-12-19,2025T4,Alta Renda,CDB,Central de Atendimento,0-6 meses,10,,269.0,17-Dec-25,cdb,10,explicacao risco,Telefone,Resolvido,"Experiencia ok, mas poderia ser mais simples",CDB
269.0,2025-12-11 00:00:00,PRD_CDB,4.0,0.0,14.0,0.0,269,CDB,FD00367,C00269,2025-12-19,2025T4,Alta Renda,CDB,Central de Atendimento,0-6 meses,10,,269.0,11/01/2026,coe,10,reclamacao atendimento,Telefone,Resolvido,Aplicativo poderia explicar melhor,COE
269.0,2025-12-11 00:00:00,PRD_CDB,4.0,0.0,14.0,0.0,269,CDB,FD00398,C00269,2025-10-06,2025T4,Alta Renda,CDB,App,2-5 anos,10,Atendimento claro e rapido,269.0,17-Dec-25,cdb,10,explicacao risco,Telefone,Resolvido,"Experiencia ok, mas poderia ser mais simples",CDB
269.0,2025-12-11 00:00:00,PRD_CDB,4.0,0.0,14.0,0.0,269,CDB,FD00398,C00269,2025-10-06,2025T4,Alta Renda,CDB,App,2-5 anos,10,Atendimento claro e rapido,269.0,11/01/2026,coe,10,reclamacao atendimento,Telefone,Resolvido,Aplicativo poderia explicar melhor,COE
269.0,2025-12-11 00:00:00,PRD_CDB,4.0,0.0,14.0,0.0,269,CDB,FD00655,C00269,2026-01-09,2026T1,Alta Renda,COE,Assessoria,6-24 meses,10,Informacoes estavam faceis de encontrar,269.0,17-Dec-25,cdb,10,explicacao risco,Telefone,Resolvido,"Experiencia ok, mas poderia ser mais simples",CDB
269.0,2025-12-11 00:00:00,PRD_CDB,4.0,0.0,14.0,0.0,269,CDB,FD00655,C00269,2026-01-09,2026T1,Alta Renda,COE,Assessoria,6-24 meses,10,Informacoes estavam faceis de encontrar,269.0,11/01/2026,coe,10,reclamacao atendimento,Telefone,Resolvido,Aplicativo poderia explicar melhor,COE
269.0,2026-01-02 00:00:00,PRD_COE,6.0,0.0,25.0,0.0,269,COE,FD00002,C00269,2025-08-07,2025T3,Alta Renda,Tesouro Direto,Assessoria,2-5 anos,10,Boa experiencia no aplicativo,269.0,17-Dec-25,cdb,10,explicacao risco,Telefone,Resolvido,"Experiencia ok, mas poderia ser mais simples",CDB
269.0,2026-01-02 00:00:00,PRD_COE,6.0,0.0,25.0,0.0,269,COE,FD00002,C00269,2025-08-07,2025T3,Alta Renda,Tesouro Direto,Assessoria,2-5 anos,10,Boa experiencia no aplicativo,269.0,11/01/2026,coe,10,reclamacao atendimento,Telefone,Resolvido,Aplicativo poderia explicar melhor,COE
269.0,2026-01-02 00:00:00,PRD_COE,6.0,0.0,25.0,0.0,269,COE,FD00184,C00269,2025-09-02,2025T3,Alta Renda,Tesouro Direto,App,2-5 anos,10,Atendimento claro e rapido,269.0,17-Dec-25,cdb,10,explicacao risco,Telefone,Resolvido,"Experiencia ok, mas poderia ser mais simples",CDB
269.0,2026-01-02 00:00:00,PRD_COE,6.0,0.0,25.0,0.0,269,COE,FD00184,C00269,2025-09-02,2025T3,Alta Renda,Tesouro Direto,App,2-5 anos,10,Atendimento claro e rapido,269.0,11/01/2026,coe,10,reclamacao atendimento,Telefone,Resolvido,Aplicativo poderia explicar melhor,COE
269.0,2026-01-02 00:00:00,PRD_COE,6.0,0.0,25.0,0.0,269,COE,FD00367,C00269,2025-12-19,2025T4,Alta Renda,CDB,Central de Atendimento,0-6 meses,10,,269.0,17-Dec-25,cdb,10,explicacao risco,Telefone,Resolvido,"Experiencia ok, mas poderia ser mais simples",CDB
269.0,2026-01-02 00:00:00,PRD_COE,6.0,0.0,25.0,0.0,269,COE,FD00367,C00269,2025-12-19,2025T4,Alta Renda,CDB,Central de Atendimento,0-6 meses,10,,269.0,11/01/2026,coe,10,reclamacao atendimento,Telefone,Resolvido,Aplicativo poderia explicar melhor,COE
269.0,2026-01-02 00:00:00,PRD_COE,6.0,0.0,25.0,0.0,269,COE,FD00398,C00269,2025-10-06,2025T4,Alta Renda,CDB,App,2-5 anos,10,Atendimento claro e rapido,269.0,17-Dec-25,cdb,10,explicacao risco,Telefone,Resolvido,"Experiencia ok, mas poderia ser mais simples",CDB
269.0,2026-01-02 00:00:00,PRD_COE,6.0,0.0,25.0,0.0,269,COE,FD00398,C00269,2025-10-06,2025T4,Alta Renda,CDB,App,2-5 anos,10,Atendimento claro e rapido,269.0,11/01/2026,coe,10,reclamacao atendimento,Telefone,Resolvido,Aplicativo poderia explicar melhor,COE
269.0,2026-01-02 00:00:00,PRD_COE,6.0,0.0,25.0,0.0,269,COE,FD00655,C00269,2026-01-09,2026T1,Alta Renda,COE,Assessoria,6-24 meses,10,Informacoes estavam faceis de encontrar,269.0,17-Dec-25,cdb,10,explicacao risco,Telefone,Resolvido,"Experiencia ok, mas poderia ser mais simples",CDB
269.0,2026-01-02 00:00:00,PRD_COE,6.0,0.0,25.0,0.0,269,COE,FD00655,C00269,2026-01-09,2026T1,Alta Renda,COE,Assessoria,6-24 meses,10,Informacoes estavam faceis de encontrar,269.0,11/01/2026,coe,10,reclamacao atendimento,Telefone,Resolvido,Aplicativo poderia explicar melhor,COE
270.0,2025-09-14 00:00:00,PRD_CAR,12.0,0.0,34.4,0.0,270,Carteira Administrada,FD00014,C00270,2025-08-26,2025T3,Alta Renda,CDB,App,5+ anos,9,Atendimento claro e rapido,,,,,,,,,
270.0,2025-09-14 00:00:00,PRD_CAR,12.0,0.0,34.4,0.0,270,Carteira Administrada,FD00106,C00270,2025-09-22,2025T3,Alta Renda,Carteira Administrada,App,6-24 meses,9,Assessoria ajudou na decisao,,,,,,,,,
270.0,2025-09-14 00:00:00,PRD_CAR,12.0,0.0,34.4,0.0,270,Carteira Administrada,FD00946,C00270,2026-05-01,2026T2,Alta Renda,Tesouro Direto,App,2-5 anos,9,Boa experiencia no aplicativo,,,,,,,,,
270.0,2025-08-30 00:00:00,PRD_CDB,5.0,0.0,24.3,0.0,270,CDB,FD00014,C00270,2025-08-26,2025T3,Alta Renda,CDB,App,5+ anos,9,Atendimento claro e rapido,,,,,,,,,
270.0,2025-08-30 00:00:00,PRD_CDB,5.0,0.0,24.3,0.0,270,CDB,FD00106,C00270,2025-09-22,2025T3,Alta Renda,Carteira Administrada,App,6-24 meses,9,Assessoria ajudou na decisao,,,,,,,,,
270.0,2025-08-30 00:00:00,PRD_CDB,5.0,0.0,24.3,0.0,270,CDB,FD00946,C00270,2026-05-01,2026T2,Alta Renda,Tesouro Direto,App,2-5 anos,9,Boa experiencia no aplicativo,,,,,,,,,
271.0,2025-07-10 00:00:00,PRD_FND,8.0,0.0,19.4,0.0,271,Fundos,FD00079,C00271,2025-07-15,2025T3,Varejo,Fundos,App,6-24 meses,1,Nao consegui falar com assessor,271.0,13-Oct-25,Fundo,10,duvida rentabilidade,Telefone,Pendente,"Experiencia ok, mas poderia ser mais simples",Fundos
271.0,2025-07-10 00:00:00,PRD_FND,8.0,0.0,19.4,0.0,271,Fundos,FD00450,C00271,2025-12-26,2025T4,Varejo,CDB,App,0-6 meses,7,Aplicativo poderia explicar melhor,271.0,13-Oct-25,Fundo,10,duvida rentabilidade,Telefone,Pendente,"Experiencia ok, mas poderia ser mais simples",Fundos
271.0,2025-07-10 00:00:00,PRD_FND,8.0,0.0,19.4,0.0,271,Fundos,FD00463,C00271,2025-10-15,2025T4,Varejo,Fundos,Assessoria,6-24 meses,10,Atendimento claro e rapido,271.0,13-Oct-25,Fundo,10,duvida rentabilidade,Telefone,Pendente,"Experiencia ok, mas poderia ser mais simples",Fundos
271.0,2025-07-10 00:00:00,PRD_FND,8.0,0.0,19.4,0.0,271,Fundos,FD00766,C00271,2026-05-07,2026T2,Varejo,Carteira Administrada,Internet Banking,2-5 anos,1,Nao ficou claro o risco do produto,271.0,13-Oct-25,Fundo,10,duvida rentabilidade,Telefone,Pendente,"Experiencia ok, mas poderia ser mais simples",Fundos
271.0,2025-07-10 00:00:00,PRD_FND,8.0,0.0,19.4,0.0,271,Fundos,FD00987,C00271,2026-05-02,2026T2,Varejo,Fundos,Assessoria,2-5 anos,9,Boa experiencia no aplicativo,271.0,13-Oct-25,Fundo,10,duvida rentabilidade,Telefone,Pendente,"Experiencia ok, mas poderia ser mais simples",Fundos
271.0,2025-12-28 00:00:00,PRD_CDB,7.0,0.0,15.9,0.0,271,CDB,FD00079,C00271,2025-07-15,2025T3,Varejo,Fundos,App,6-24 meses,1,Nao consegui falar com assessor,271.0,13-Oct-25,Fundo,10,duvida rentabilidade,Telefone,Pendente,"Experiencia ok, mas poderia ser mais simples",Fundos
271.0,2025-12-28 00:00:00,PRD_CDB,7.0,0.0,15.9,0.0,271,CDB,FD00450,C00271,2025-12-26,2025T4,Varejo,CDB,App,0-6 meses,7,Aplicativo poderia explicar melhor,271.0,13-Oct-25,Fundo,10,duvida rentabilidade,Telefone,Pendente,"Experiencia ok, mas poderia ser mais simples",Fundos
271.0,2025-12-28 00:00:00,PRD_CDB,7.0,0.0,15.9,0.0,271,CDB,FD00463,C00271,2025-10-15,2025T4,Varejo,Fundos,Assessoria,6-24 meses,10,Atendimento claro e rapido,271.0,13-Oct-25,Fundo,10,duvida rentabilidade,Telefone,Pendente,"Experiencia ok, mas poderia ser mais simples",Fundos
271.0,2025-12-28 00:00:00,PRD_CDB,7.0,0.0,15.9,0.0,271,CDB,FD00766,C00271,2026-05-07,2026T2,Varejo,Carteira Administrada,Internet Banking,2-5 anos,1,Nao ficou claro o risco do produto,271.0,13-Oct-25,Fundo,10,duvida rentabilidade,Telefone,Pendente,"Experiencia ok, mas poderia ser mais simples",Fundos
271.0,2025-12-28 00:00:00,PRD_CDB,7.0,0.0,15.9,0.0,271,CDB,FD00987,C00271,2026-05-02,2026T2,Varejo,Fundos,Assessoria,2-5 anos,9,Boa experiencia no aplicativo,271.0,13-Oct-25,Fundo,10,duvida rentabilidade,Telefone,Pendente,"Experiencia ok, mas poderia ser mais simples",Fundos
271.0,2025-10-05 00:00:00,PRD_FND,3.0,0.0,29.1,0.0,271,Fundos,FD00079,C00271,2025-07-15,2025T3,Varejo,Fundos,App,6-24 meses,1,Nao consegui falar com assessor,271.0,13-Oct-25,Fundo,10,duvida rentabilidade,Telefone,Pendente,"Experiencia ok, mas poderia ser mais simples",Fundos
271.0,2025-10-05 00:00:00,PRD_FND,3.0,0.0,29.1,0.0,271,Fundos,FD00450,C00271,2025-12-26,2025T4,Varejo,CDB,App,0-6 meses,7,Aplicativo poderia explicar melhor,271.0,13-Oct-25,Fundo,10,duvida rentabilidade,Telefone,Pendente,"Experiencia ok, mas poderia ser mais simples",Fundos
271.0,2025-10-05 00:00:00,PRD_FND,3.0,0.0,29.1,0.0,271,Fundos,FD00463,C00271,2025-10-15,2025T4,Varejo,Fundos,Assessoria,6-24 meses,10,Atendimento claro e rapido,271.0,13-Oct-25,Fundo,10,duvida rentabilidade,Telefone,Pendente,"Experiencia ok, mas poderia ser mais simples",Fundos
271.0,2025-10-05 00:00:00,PRD_FND,3.0,0.0,29.1,0.0,271,Fundos,FD00766,C00271,2026-05-07,2026T2,Varejo,Carteira Administrada,Internet Banking,2-5 anos,1,Nao ficou claro o risco do produto,271.0,13-Oct-25,Fundo,10,duvida rentabilidade,Telefone,Pendente,"Experiencia ok, mas poderia ser mais simples",Fundos
271.0,2025-10-05 00:00:00,PRD_FND,3.0,0.0,29.1,0.0,271,Fundos,FD00987,C00271,2026-05-02,2026T2,Varejo,Fundos,Assessoria,2-5 anos,9,Boa experiencia no aplicativo,271.0,13-Oct-25,Fundo,10,duvida rentabilidade,Telefone,Pendente,"Experiencia ok, mas poderia ser mais simples",Fundos
271.0,2026-05-12 00:00:00,PRD_FND,2.0,0.0,7.3,0.0,271,Fundos,FD00079,C00271,2025-07-15,2025T3,Varejo,Fundos,App,6-24 meses,1,Nao consegui falar com assessor,271.0,13-Oct-25,Fundo,10,duvida rentabilidade,Telefone,Pendente,"Experiencia ok, mas poderia ser mais simples",Fundos
271.0,2026-05-12 00:00:00,PRD_FND,2.0,0.0,7.3,0.0,271,Fundos,FD00450,C00271,2025-12-26,2025T4,Varejo,CDB,App,0-6 meses,7,Aplicativo poderia explicar melhor,271.0,13-Oct-25,Fundo,10,duvida rentabilidade,Telefone,Pendente,"Experiencia ok, mas poderia ser mais simples",Fundos
271.0,2026-05-12 00:00:00,PRD_FND,2.0,0.0,7.3,0.0,271,Fundos,FD00463,C00271,2025-10-15,2025T4,Varejo,Fundos,Assessoria,6-24 meses,10,Atendimento claro e rapido,271.0,13-Oct-25,Fundo,10,duvida rentabilidade,Telefone,Pendente,"Experiencia ok, mas poderia ser mais simples",Fundos
271.0,2026-05-12 00:00:00,PRD_FND,2.0,0.0,7.3,0.0,271,Fundos,FD00766,C00271,2026-05-07,2026T2,Varejo,Carteira Administrada,Internet Banking,2-5 anos,1,Nao ficou claro o risco do produto,271.0,13-Oct-25,Fundo,10,duvida rentabilidade,Telefone,Pendente,"Experiencia ok, mas poderia ser mais simples",Fundos
271.0,2026-05-12 00:00:00,PRD_FND,2.0,0.0,7.3,0.0,271,Fundos,FD00987,C00271,2026-05-02,2026T2,Varejo,Fundos,Assessoria,2-5 anos,9,Boa experiencia no aplicativo,271.0,13-Oct-25,Fundo,10,duvida rentabilidade,Telefone,Pendente,"Experiencia ok, mas poderia ser mais simples",Fundos
271.0,2026-05-01 00:00:00,PRD_CAR,5.0,0.0,74.6,0.0,271,Carteira Administrada,FD00079,C00271,2025-07-15,2025T3,Varejo,Fundos,App,6-24 meses,1,Nao consegui falar com assessor,271.0,13-Oct-25,Fundo,10,duvida rentabilidade,Telefone,Pendente,"Experiencia ok, mas poderia ser mais simples",Fundos
271.0,2026-05-01 00:00:00,PRD_CAR,5.0,0.0,74.6,0.0,271,Carteira Administrada,FD00450,C00271,2025-12-26,2025T4,Varejo,CDB,App,0-6 meses,7,Aplicativo poderia explicar melhor,271.0,13-Oct-25,Fundo,10,duvida rentabilidade,Telefone,Pendente,"Experiencia ok, mas poderia ser mais simples",Fundos
271.0,2026-05-01 00:00:00,PRD_CAR,5.0,0.0,74.6,0.0,271,Carteira Administrada,FD00463,C00271,2025-10-15,2025T4,Varejo,Fundos,Assessoria,6-24 meses,10,Atendimento claro e rapido,271.0,13-Oct-25,Fundo,10,duvida rentabilidade,Telefone,Pendente,"Experiencia ok, mas poderia ser mais simples",Fundos
271.0,2026-05-01 00:00:00,PRD_CAR,5.0,0.0,74.6,0.0,271,Carteira Administrada,FD00766,C00271,2026-05-07,2026T2,Varejo,Carteira Administrada,Internet Banking,2-5 anos,1,Nao ficou claro o risco do produto,271.0,13-Oct-25,Fundo,10,duvida rentabilidade,Telefone,Pendente,"Experiencia ok, mas poderia ser mais simples",Fundos
271.0,2026-05-01 00:00:00,PRD_CAR,5.0,0.0,74.6,0.0,271,Carteira Administrada,FD00987,C00271,2026-05-02,2026T2,Varejo,Fundos,Assessoria,2-5 anos,9,Boa experiencia no aplicativo,271.0,13-Oct-25,Fundo,10,duvida rentabilidade,Telefone,Pendente,"Experiencia ok, mas poderia ser mais simples",Fundos
272.0,2025-11-30 00:00:00,PRD_TES,4.0,0.0,11.2,0.0,272,Tesouro Direto,FD00237,C00272,2025-10-30,2025T4,Varejo,Tesouro Direto,Central de Atendimento,2-5 anos,9,Assessoria ajudou na decisao,,,,,,,,,
272.0,2025-11-30 00:00:00,PRD_TES,4.0,0.0,11.2,0.0,272,Tesouro Direto,FD00316,C00272,2025-12-10,2025T4,Varejo,Tesouro Direto,App,2-5 anos,10,Boa experiencia no aplicativo,,,,,,,,,
272.0,2025-11-30 00:00:00,PRD_TES,4.0,0.0,11.2,0.0,272,Tesouro Direto,FD00316,C00272,2025-12-10,2025T4,Varejo,Tesouro Direto,App,2-5 anos,10,Boa experiencia no aplicativo,,,,,,,,,
272.0,2025-11-06 00:00:00,PRD_TES,5.0,0.0,13.8,0.0,272,Tesouro Direto,FD00237,C00272,2025-10-30,2025T4,Varejo,Tesouro Direto,Central de Atendimento,2-5 anos,9,Assessoria ajudou na decisao,,,,,,,,,
272.0,2025-11-06 00:00:00,PRD_TES,5.0,0.0,13.8,0.0,272,Tesouro Direto,FD00316,C00272,2025-12-10,2025T4,Varejo,Tesouro Direto,App,2-5 anos,10,Boa experiencia no aplicativo,,,,,,,,,
272.0,2025-11-06 00:00:00,PRD_TES,5.0,0.0,13.8,0.0,272,Tesouro Direto,FD00316,C00272,2025-12-10,2025T4,Varejo,Tesouro Direto,App,2-5 anos,10,Boa experiencia no aplicativo,,,,,,,,,
273.0,2026-04-10 00:00:00,PRD_FND,10.0,0.0,16.0,0.0,273,Fundos,FD00104,C00273,2025-08-22,2025T3,Varejo,Tesouro Direto,Central de Atendimento,0-6 meses,10,Atendimento claro e rapido,273.0,11-24-2025,C.O.E.,10,acesso app,Telefone,Resolvido,Informacoes estavam faceis de encontrar,COE
273.0,2026-04-10 00:00:00,PRD_FND,10.0,0.0,16.0,0.0,273,Fundos,FD00104,C00273,2025-08-22,2025T3,Varejo,Tesouro Direto,Central de Atendimento,0-6 meses,10,Atendimento claro e rapido,273.0,2025-08-19,Tesouro,9,duvida rentabilidade,Telefone,Resolvido,Informacoes divergentes sobre o produto,Tesouro Direto
273.0,2026-04-10 00:00:00,PRD_FND,10.0,0.0,16.0,0.0,273,Fundos,FD00291,C00273,2025-11-21,2025T4,Varejo,COE,App,5+ anos,10,Informacoes estavam faceis de encontrar,273.0,11-24-2025,C.O.E.,10,acesso app,Telefone,Resolvido,Informacoes estavam faceis de encontrar,COE
273.0,2026-04-10 00:00:00,PRD_FND,10.0,0.0,16.0,0.0,273,Fundos,FD00291,C00273,2025-11-21,2025T4,Varejo,COE,App,5+ anos,10,Informacoes estavam faceis de encontrar,273.0,2025-08-19,Tesouro,9,duvida rentabilidade,Telefone,Resolvido,Informacoes divergentes sobre o produto,Tesouro Direto
273.0,2026-04-10 00:00:00,PRD_FND,10.0,0.0,16.0,0.0,273,Fundos,FD00910,C00273,2026-04-18,2026T2,Varejo,Fundos,App,5+ anos,10,Consegui acompanhar minha carteira,273.0,11-24-2025,C.O.E.,10,acesso app,Telefone,Resolvido,Informacoes estavam faceis de encontrar,COE
273.0,2026-04-10 00:00:00,PRD_FND,10.0,0.0,16.0,0.0,273,Fundos,FD00910,C00273,2026-04-18,2026T2,Varejo,Fundos,App,5+ anos,10,Consegui acompanhar minha carteira,273.0,2025-08-19,Tesouro,9,duvida rentabilidade,Telefone,Resolvido,Informacoes divergentes sobre o produto,Tesouro Direto
273.0,2025-08-20 00:00:00,PRD_TES,2.0,2.0,39.0,0.0,273,Tesouro Direto,FD00104,C00273,2025-08-22,2025T3,Varejo,Tesouro Direto,Central de Atendimento,0-6 meses,10,Atendimento claro e rapido,273.0,11-24-2025,C.O.E.,10,acesso app,Telefone,Resolvido,Informacoes estavam faceis de encontrar,COE
273.0,2025-08-20 00:00:00,PRD_TES,2.0,2.0,39.0,0.0,273,Tesouro Direto,FD00104,C00273,2025-08-22,2025T3,Varejo,Tesouro Direto,Central de Atendimento,0-6 meses,10,Atendimento claro e rapido,273.0,2025-08-19,Tesouro,9,duvida rentabilidade,Telefone,Resolvido,Informacoes divergentes sobre o produto,Tesouro Direto
273.0,2025-08-20 00:00:00,PRD_TES,2.0,2.0,39.0,0.0,273,Tesouro Direto,FD00291,C00273,2025-11-21,2025T4,Varejo,COE,App,5+ anos,10,Informacoes estavam faceis de encontrar,273.0,11-24-2025,C.O.E.,10,acesso app,Telefone,Resolvido,Informacoes estavam faceis de encontrar,COE
273.0,2025-08-20 00:00:00,PRD_TES,2.0,2.0,39.0,0.0,273,Tesouro Direto,FD00291,C00273,2025-11-21,2025T4,Varejo,COE,App,5+ anos,10,Informacoes estavam faceis de encontrar,273.0,2025-08-19,Tesouro,9,duvida rentabilidade,Telefone,Resolvido,Informacoes divergentes sobre o produto,Tesouro Direto
273.0,2025-08-20 00:00:00,PRD_TES,2.0,2.0,39.0,0.0,273,Tesouro Direto,FD00910,C00273,2026-04-18,2026T2,Varejo,Fundos,App,5+ anos,10,Consegui acompanhar minha carteira,273.0,11-24-2025,C.O.E.,10,acesso app,Telefone,Resolvido,Informacoes estavam faceis de encontrar,COE
273.0,2025-08-20 00:00:00,PRD_TES,2.0,2.0,39.0,0.0,273,Tesouro Direto,FD00910,C00273,2026-04-18,2026T2,Varejo,Fundos,App,5+ anos,10,Consegui acompanhar minha carteira,273.0,2025-08-19,Tesouro,9,duvida rentabilidade,Telefone,Resolvido,Informacoes divergentes sobre o produto,Tesouro Direto
273.0,2025-11-18 00:00:00,PRD_COE,14.0,1.0,20.9,0.0,273,COE,FD00104,C00273,2025-08-22,2025T3,Varejo,Tesouro Direto,Central de Atendimento,0-6 meses,10,Atendimento claro e rapido,273.0,11-24-2025,C.O.E.,10,acesso app,Telefone,Resolvido,Informacoes estavam faceis de encontrar,COE
273.0,2025-11-18 00:00:00,PRD_COE,14.0,1.0,20.9,0.0,273,COE,FD00104,C00273,2025-08-22,2025T3,Varejo,Tesouro Direto,Central de Atendimento,0-6 meses,10,Atendimento claro e rapido,273.0,2025-08-19,Tesouro,9,duvida rentabilidade,Telefone,Resolvido,Informacoes divergentes sobre o produto,Tesouro Direto
273.0,2025-11-18 00:00:00,PRD_COE,14.0,1.0,20.9,0.0,273,COE,FD00291,C00273,2025-11-21,2025T4,Varejo,COE,App,5+ anos,10,Informacoes estavam faceis de encontrar,273.0,11-24-2025,C.O.E.,10,acesso app,Telefone,Resolvido,Informacoes estavam faceis de encontrar,COE
273.0,2025-11-18 00:00:00,PRD_COE,14.0,1.0,20.9,0.0,273,COE,FD00291,C00273,2025-11-21,2025T4,Varejo,COE,App,5+ anos,10,Informacoes estavam faceis de encontrar,273.0,2025-08-19,Tesouro,9,duvida rentabilidade,Telefone,Resolvido,Informacoes divergentes sobre o produto,Tesouro Direto
273.0,2025-11-18 00:00:00,PRD_COE,14.0,1.0,20.9,0.0,273,COE,FD00910,C00273,2026-04-18,2026T2,Varejo,Fundos,App,5+ anos,10,Consegui acompanhar minha carteira,273.0,11-24-2025,C.O.E.,10,acesso app,Telefone,Resolvido,Informacoes estavam faceis de encontrar,COE
273.0,2025-11-18 00:00:00,PRD_COE,14.0,1.0,20.9,0.0,273,COE,FD00910,C00273,2026-04-18,2026T2,Varejo,Fundos,App,5+ anos,10,Consegui acompanhar minha carteira,273.0,2025-08-19,Tesouro,9,duvida rentabilidade,Telefone,Resolvido,Informacoes divergentes sobre o produto,Tesouro Direto
275.0,2026-05-23 00:00:00,PRD_CAR,11.0,1.0,86.5,0.0,275,Carteira Administrada,FD00829,C00275,2026-05-23,2026T2,Alta Renda,CDB,App,0-6 meses,9,Assessoria ajudou na decisao,275.0,30/04/2026,CDB,9,cadastro,Telefone,Pendente,,CDB
275.0,2026-05-23 00:00:00,PRD_CAR,11.0,1.0,86.5,0.0,275,Carteira Administrada,FD00829,C00275,2026-05-23,2026T2,Alta Renda,CDB,App,0-6 meses,9,Assessoria ajudou na decisao,275.0,18/05/2026,carteira administrada,6,explicacao risco,Chat,Resolvido,,Carteira Administrada
275.0,2026-05-23 00:00:00,PRD_CAR,11.0,1.0,86.5,0.0,275,Carteira Administrada,FD00844,C00275,2026-04-27,2026T2,Alta Renda,CDB,App,0-6 meses,9,Atendimento claro e rapido,275.0,30/04/2026,CDB,9,cadastro,Telefone,Pendente,,CDB
275.0,2026-05-23 00:00:00,PRD_CAR,11.0,1.0,86.5,0.0,275,Carteira Administrada,FD00844,C00275,2026-04-27,2026T2,Alta Renda,CDB,App,0-6 meses,9,Atendimento claro e rapido,275.0,18/05/2026,carteira administrada,6,explicacao risco,Chat,Resolvido,,Carteira Administrada
275.0,2026-05-23 00:00:00,PRD_CAR,11.0,1.0,86.5,0.0,275,Carteira Administrada,FD00989,C00275,2026-05-21,2026T2,Alta Renda,Carteira Administrada,App,2-5 anos,5,Nao entendi a cobranca,275.0,30/04/2026,CDB,9,cadastro,Telefone,Pendente,,CDB
275.0,2026-05-23 00:00:00,PRD_CAR,11.0,1.0,86.5,0.0,275,Carteira Administrada,FD00989,C00275,2026-05-21,2026T2,Alta Renda,Carteira Administrada,App,2-5 anos,5,Nao entendi a cobranca,275.0,18/05/2026,carteira administrada,6,explicacao risco,Chat,Resolvido,,Carteira Administrada
275.0,2026-05-06 00:00:00,PRD_CDB,10.0,1.0,34.8,0.0,275,CDB,FD00829,C00275,2026-05-23,2026T2,Alta Renda,CDB,App,0-6 meses,9,Assessoria ajudou na decisao,275.0,30/04/2026,CDB,9,cadastro,Telefone,Pendente,,CDB
275.0,2026-05-06 00:00:00,PRD_CDB,10.0,1.0,34.8,0.0,275,CDB,FD00829,C00275,2026-05-23,2026T2,Alta Renda,CDB,App,0-6 meses,9,Assessoria ajudou na decisao,275.0,18/05/2026,carteira administrada,6,explicacao risco,Chat,Resolvido,,Carteira Administrada
275.0,2026-05-06 00:00:00,PRD_CDB,10.0,1.0,34.8,0.0,275,CDB,FD00844,C00275,2026-04-27,2026T2,Alta Renda,CDB,App,0-6 meses,9,Atendimento claro e rapido,275.0,30/04/2026,CDB,9,cadastro,Telefone,Pendente,,CDB
275.0,2026-05-06 00:00:00,PRD_CDB,10.0,1.0,34.8,0.0,275,CDB,FD00844,C00275,2026-04-27,2026T2,Alta Renda,CDB,App,0-6 meses,9,Atendimento claro e rapido,275.0,18/05/2026,carteira administrada,6,explicacao risco,Chat,Resolvido,,Carteira Administrada
275.0,2026-05-06 00:00:00,PRD_CDB,10.0,1.0,34.8,0.0,275,CDB,FD00989,C00275,2026-05-21,2026T2,Alta Renda,Carteira Administrada,App,2-5 anos,5,Nao entendi a cobranca,275.0,30/04/2026,CDB,9,cadastro,Telefone,Pendente,,CDB
275.0,2026-05-06 00:00:00,PRD_CDB,10.0,1.0,34.8,0.0,275,CDB,FD00989,C00275,2026-05-21,2026T2,Alta Renda,Carteira Administrada,App,2-5 anos,5,Nao entendi a cobranca,275.0,18/05/2026,carteira administrada,6,explicacao risco,Chat,Resolvido,,Carteira Administrada
275.0,2026-05-14 00:00:00,PRD_CDB,15.0,0.0,1.5,0.0,275,CDB,FD00829,C00275,2026-05-23,2026T2,Alta Renda,CDB,App,0-6 meses,9,Assessoria ajudou na decisao,275.0,30/04/2026,CDB,9,cadastro,Telefone,Pendente,,CDB
275.0,2026-05-14 00:00:00,PRD_CDB,15.0,0.0,1.5,0.0,275,CDB,FD00829,C00275,2026-05-23,2026T2,Alta Renda,CDB,App,0-6 meses,9,Assessoria ajudou na decisao,275.0,18/05/2026,carteira administrada,6,explicacao risco,Chat,Resolvido,,Carteira Administrada
275.0,2026-05-14 00:00:00,PRD_CDB,15.0,0.0,1.5,0.0,275,CDB,FD00844,C00275,2026-04-27,2026T2,Alta Renda,CDB,App,0-6 meses,9,Atendimento claro e rapido,275.0,30/04/2026,CDB,9,cadastro,Telefone,Pendente,,CDB
275.0,2026-05-14 00:00:00,PRD_CDB,15.0,0.0,1.5,0.0,275,CDB,FD00844,C00275,2026-04-27,2026T2,Alta Renda,CDB,App,0-6 meses,9,Atendimento claro e rapido,275.0,18/05/2026,carteira administrada,6,explicacao risco,Chat,Resolvido,,Carteira Administrada
275.0,2026-05-14 00:00:00,PRD_CDB,15.0,0.0,1.5,0.0,275,CDB,FD00989,C00275,2026-05-21,2026T2,Alta Renda,Carteira Administrada,App,2-5 anos,5,Nao entendi a cobranca,275.0,30/04/2026,CDB,9,cadastro,Telefone,Pendente,,CDB
275.0,2026-05-14 00:00:00,PRD_CDB,15.0,0.0,1.5,0.0,275,CDB,FD00989,C00275,2026-05-21,2026T2,Alta Renda,Carteira Administrada,App,2-5 anos,5,Nao entendi a cobranca,275.0,18/05/2026,carteira administrada,6,explicacao risco,Chat,Resolvido,,Carteira Administrada
276.0,2025-11-24 00:00:00,PRD_CDB,4.0,0.0,9.6,0.0,276,CDB,FD00283,C00276,2025-12-16,2025T4,Alta Renda,Carteira Administrada,Internet Banking,2-5 anos,8,Tive duvida sobre rentabilidade,276.0,12/02/2026,C.D.B.,9,duvida rentabilidade,Telefone,Resolvido,Informacoes estavam faceis de encontrar,CDB
276.0,2025-11-24 00:00:00,PRD_CDB,4.0,0.0,9.6,0.0,276,CDB,FD00283,C00276,2025-12-16,2025T4,Alta Renda,Carteira Administrada,Internet Banking,2-5 anos,8,Tive duvida sobre rentabilidade,276.0,23-Dec-25,Fundos,9,reclamacao atendimento,E-mail,Resolvido,Informacoes estavam faceis de encontrar,Fundos
276.0,2025-11-24 00:00:00,PRD_CDB,4.0,0.0,9.6,0.0,276,CDB,FD00433,C00276,2025-11-30,2025T4,Alta Renda,CDB,,6-24 meses,10,Consegui acompanhar minha carteira,276.0,12/02/2026,C.D.B.,9,duvida rentabilidade,Telefone,Resolvido,Informacoes estavam faceis de encontrar,CDB
276.0,2025-11-24 00:00:00,PRD_CDB,4.0,0.0,9.6,0.0,276,CDB,FD00433,C00276,2025-11-30,2025T4,Alta Renda,CDB,,6-24 meses,10,Consegui acompanhar minha carteira,276.0,23-Dec-25,Fundos,9,reclamacao atendimento,E-mail,Resolvido,Informacoes estavam faceis de encontrar,Fundos
276.0,2025-11-24 00:00:00,PRD_CDB,4.0,0.0,9.6,0.0,276,CDB,FD00466,C00276,2025-12-21,2025T4,Alta Renda,Fundos,Central de Atendimento,0-6 meses,10,Assessoria ajudou na decisao,276.0,12/02/2026,C.D.B.,9,duvida rentabilidade,Telefone,Resolvido,Informacoes estavam faceis de encontrar,CDB
276.0,2025-11-24 00:00:00,PRD_CDB,4.0,0.0,9.6,0.0,276,CDB,FD00466,C00276,2025-12-21,2025T4,Alta Renda,Fundos,Central de Atendimento,0-6 meses,10,Assessoria ajudou na decisao,276.0,23-Dec-25,Fundos,9,reclamacao atendimento,E-mail,Resolvido,Informacoes estavam faceis de encontrar,Fundos
276.0,2025-11-24 00:00:00,PRD_CDB,4.0,0.0,9.6,0.0,276,CDB,FD00530,C00276,2026-02-09,2026T1,Alta Renda,CDB,Assessoria,6-24 meses,10,Boa experiencia no aplicativo,276.0,12/02/2026,C.D.B.,9,duvida rentabilidade,Telefone,Resolvido,Informacoes estavam faceis de encontrar,CDB
276.0,2025-11-24 00:00:00,PRD_CDB,4.0,0.0,9.6,0.0,276,CDB,FD00530,C00276,2026-02-09,2026T1,Alta Renda,CDB,Assessoria,6-24 meses,10,Boa experiencia no aplicativo,276.0,23-Dec-25,Fundos,9,reclamacao atendimento,E-mail,Resolvido,Informacoes estavam faceis de encontrar,Fundos
276.0,2025-12-07 00:00:00,PRD_CAR,5.0,0.0,49.9,0.0,276,Carteira Administrada,FD00283,C00276,2025-12-16,2025T4,Alta Renda,Carteira Administrada,Internet Banking,2-5 anos,8,Tive duvida sobre rentabilidade,276.0,12/02/2026,C.D.B.,9,duvida rentabilidade,Telefone,Resolvido,Informacoes estavam faceis de encontrar,CDB
276.0,2025-12-07 00:00:00,PRD_CAR,5.0,0.0,49.9,0.0,276,Carteira Administrada,FD00283,C00276,2025-12-16,2025T4,Alta Renda,Carteira Administrada,Internet Banking,2-5 anos,8,Tive duvida sobre rentabilidade,276.0,23-Dec-25,Fundos,9,reclamacao atendimento,E-mail,Resolvido,Informacoes estavam faceis de encontrar,Fundos
276.0,2025-12-07 00:00:00,PRD_CAR,5.0,0.0,49.9,0.0,276,Carteira Administrada,FD00433,C00276,2025-11-30,2025T4,Alta Renda,CDB,,6-24 meses,10,Consegui acompanhar minha carteira,276.0,12/02/2026,C.D.B.,9,duvida rentabilidade,Telefone,Resolvido,Informacoes estavam faceis de encontrar,CDB
276.0,2025-12-07 00:00:00,PRD_CAR,5.0,0.0,49.9,0.0,276,Carteira Administrada,FD00433,C00276,2025-11-30,2025T4,Alta Renda,CDB,,6-24 meses,10,Consegui acompanhar minha carteira,276.0,23-Dec-25,Fundos,9,reclamacao atendimento,E-mail,Resolvido,Informacoes estavam faceis de encontrar,Fundos
276.0,2025-12-07 00:00:00,PRD_CAR,5.0,0.0,49.9,0.0,276,Carteira Administrada,FD00466,C00276,2025-12-21,2025T4,Alta Renda,Fundos,Central de Atendimento,0-6 meses,10,Assessoria ajudou na decisao,276.0,12/02/2026,C.D.B.,9,duvida rentabilidade,Telefone,Resolvido,Informacoes estavam faceis de encontrar,CDB
276.0,2025-12-07 00:00:00,PRD_CAR,5.0,0.0,49.9,0.0,276,Carteira Administrada,FD00466,C00276,2025-12-21,2025T4,Alta Renda,Fundos,Central de Atendimento,0-6 meses,10,Assessoria ajudou na decisao,276.0,23-Dec-25,Fundos,9,reclamacao atendimento,E-mail,Resolvido,Informacoes estavam faceis de encontrar,Fundos
276.0,2025-12-07 00:00:00,PRD_CAR,5.0,0.0,49.9,0.0,276,Carteira Administrada,FD00530,C00276,2026-02-09,2026T1,Alta Renda,CDB,Assessoria,6-24 meses,10,Boa experiencia no aplicativo,276.0,12/02/2026,C.D.B.,9,duvida rentabilidade,Telefone,Resolvido,Informacoes estavam faceis de encontrar,CDB
276.0,2025-12-07 00:00:00,PRD_CAR,5.0,0.0,49.9,0.0,276,Carteira Administrada,FD00530,C00276,2026-02-09,2026T1,Alta Renda,CDB,Assessoria,6-24 meses,10,Boa experiencia no aplicativo,276.0,23-Dec-25,Fundos,9,reclamacao atendimento,E-mail,Resolvido,Informacoes estavam faceis de encontrar,Fundos
276.0,2025-12-14 00:00:00,PRD_FND,10.0,0.0,31.6,1.0,276,Fundos,FD00283,C00276,2025-12-16,2025T4,Alta Renda,Carteira Administrada,Internet Banking,2-5 anos,8,Tive duvida sobre rentabilidade,276.0,12/02/2026,C.D.B.,9,duvida rentabilidade,Telefone,Resolvido,Informacoes estavam faceis de encontrar,CDB
276.0,2025-12-14 00:00:00,PRD_FND,10.0,0.0,31.6,1.0,276,Fundos,FD00283,C00276,2025-12-16,2025T4,Alta Renda,Carteira Administrada,Internet Banking,2-5 anos,8,Tive duvida sobre rentabilidade,276.0,23-Dec-25,Fundos,9,reclamacao atendimento,E-mail,Resolvido,Informacoes estavam faceis de encontrar,Fundos
276.0,2025-12-14 00:00:00,PRD_FND,10.0,0.0,31.6,1.0,276,Fundos,FD00433,C00276,2025-11-30,2025T4,Alta Renda,CDB,,6-24 meses,10,Consegui acompanhar minha carteira,276.0,12/02/2026,C.D.B.,9,duvida rentabilidade,Telefone,Resolvido,Informacoes estavam faceis de encontrar,CDB
276.0,2025-12-14 00:00:00,PRD_FND,10.0,0.0,31.6,1.0,276,Fundos,FD00433,C00276,2025-11-30,2025T4,Alta Renda,CDB,,6-24 meses,10,Consegui acompanhar minha carteira,276.0,23-Dec-25,Fundos,9,reclamacao atendimento,E-mail,Resolvido,Informacoes estavam faceis de encontrar,Fundos
276.0,2025-12-14 00:00:00,PRD_FND,10.0,0.0,31.6,1.0,276,Fundos,FD00466,C00276,2025-12-21,2025T4,Alta Renda,Fundos,Central de Atendimento,0-6 meses,10,Assessoria ajudou na decisao,276.0,12/02/2026,C.D.B.,9,duvida rentabilidade,Telefone,Resolvido,Informacoes estavam faceis de encontrar,CDB
276.0,2025-12-14 00:00:00,PRD_FND,10.0,0.0,31.6,1.0,276,Fundos,FD00466,C00276,2025-12-21,2025T4,Alta Renda,Fundos,Central de Atendimento,0-6 meses,10,Assessoria ajudou na decisao,276.0,23-Dec-25,Fundos,9,reclamacao atendimento,E-mail,Resolvido,Informacoes estavam faceis de encontrar,Fundos
276.0,2025-12-14 00:00:00,PRD_FND,10.0,0.0,31.6,1.0,276,Fundos,FD00530,C00276,2026-02-09,2026T1,Alta Renda,CDB,Assessoria,6-24 meses,10,Boa experiencia no aplicativo,276.0,12/02/2026,C.D.B.,9,duvida rentabilidade,Telefone,Resolvido,Informacoes estavam faceis de encontrar,CDB
276.0,2025-12-14 00:00:00,PRD_FND,10.0,0.0,31.6,1.0,276,Fundos,FD00530,C00276,2026-02-09,2026T1,Alta Renda,CDB,Assessoria,6-24 meses,10,Boa experiencia no aplicativo,276.0,23-Dec-25,Fundos,9,reclamacao atendimento,E-mail,Resolvido,Informacoes estavam faceis de encontrar,Fundos
276.0,2026-02-10 00:00:00,PRD_CDB,2.0,1.0,31.3,0.0,276,CDB,FD00283,C00276,2025-12-16,2025T4,Alta Renda,Carteira Administrada,Internet Banking,2-5 anos,8,Tive duvida sobre rentabilidade,276.0,12/02/2026,C.D.B.,9,duvida rentabilidade,Telefone,Resolvido,Informacoes estavam faceis de encontrar,CDB
276.0,2026-02-10 00:00:00,PRD_CDB,2.0,1.0,31.3,0.0,276,CDB,FD00283,C00276,2025-12-16,2025T4,Alta Renda,Carteira Administrada,Internet Banking,2-5 anos,8,Tive duvida sobre rentabilidade,276.0,23-Dec-25,Fundos,9,reclamacao atendimento,E-mail,Resolvido,Informacoes estavam faceis de encontrar,Fundos
276.0,2026-02-10 00:00:00,PRD_CDB,2.0,1.0,31.3,0.0,276,CDB,FD00433,C00276,2025-11-30,2025T4,Alta Renda,CDB,,6-24 meses,10,Consegui acompanhar minha carteira,276.0,12/02/2026,C.D.B.,9,duvida rentabilidade,Telefone,Resolvido,Informacoes estavam faceis de encontrar,CDB
276.0,2026-02-10 00:00:00,PRD_CDB,2.0,1.0,31.3,0.0,276,CDB,FD00433,C00276,2025-11-30,2025T4,Alta Renda,CDB,,6-24 meses,10,Consegui acompanhar minha carteira,276.0,23-Dec-25,Fundos,9,reclamacao atendimento,E-mail,Resolvido,Informacoes estavam faceis de encontrar,Fundos
276.0,2026-02-10 00:00:00,PRD_CDB,2.0,1.0,31.3,0.0,276,CDB,FD00466,C00276,2025-12-21,2025T4,Alta Renda,Fundos,Central de Atendimento,0-6 meses,10,Assessoria ajudou na decisao,276.0,12/02/2026,C.D.B.,9,duvida rentabilidade,Telefone,Resolvido,Informacoes estavam faceis de encontrar,CDB
276.0,2026-02-10 00:00:00,PRD_CDB,2.0,1.0,31.3,0.0,276,CDB,FD00466,C00276,2025-12-21,2025T4,Alta Renda,Fundos,Central de Atendimento,0-6 meses,10,Assessoria ajudou na decisao,276.0,23-Dec-25,Fundos,9,reclamacao atendimento,E-mail,Resolvido,Informacoes estavam faceis de encontrar,Fundos
276.0,2026-02-10 00:00:00,PRD_CDB,2.0,1.0,31.3,0.0,276,CDB,FD00530,C00276,2026-02-09,2026T1,Alta Renda,CDB,Assessoria,6-24 meses,10,Boa experiencia no aplicativo,276.0,12/02/2026,C.D.B.,9,duvida rentabilidade,Telefone,Resolvido,Informacoes estavam faceis de encontrar,CDB
276.0,2026-02-10 00:00:00,PRD_CDB,2.0,1.0,31.3,0.0,276,CDB,FD00530,C00276,2026-02-09,2026T1,Alta Renda,CDB,Assessoria,6-24 meses,10,Boa experiencia no aplicativo,276.0,23-Dec-25,Fundos,9,reclamacao atendimento,E-mail,Resolvido,Informacoes estavam faceis de encontrar,Fundos
276.0,2025-12-07 00:00:00,PRD_CAR,5.0,0.0,49.9,0.0,276,Carteira Administrada,FD00283,C00276,2025-12-16,2025T4,Alta Renda,Carteira Administrada,Internet Banking,2-5 anos,8,Tive duvida sobre rentabilidade,276.0,12/02/2026,C.D.B.,9,duvida rentabilidade,Telefone,Resolvido,Informacoes estavam faceis de encontrar,CDB
276.0,2025-12-07 00:00:00,PRD_CAR,5.0,0.0,49.9,0.0,276,Carteira Administrada,FD00283,C00276,2025-12-16,2025T4,Alta Renda,Carteira Administrada,Internet Banking,2-5 anos,8,Tive duvida sobre rentabilidade,276.0,23-Dec-25,Fundos,9,reclamacao atendimento,E-mail,Resolvido,Informacoes estavam faceis de encontrar,Fundos
276.0,2025-12-07 00:00:00,PRD_CAR,5.0,0.0,49.9,0.0,276,Carteira Administrada,FD00433,C00276,2025-11-30,2025T4,Alta Renda,CDB,,6-24 meses,10,Consegui acompanhar minha carteira,276.0,12/02/2026,C.D.B.,9,duvida rentabilidade,Telefone,Resolvido,Informacoes estavam faceis de encontrar,CDB
276.0,2025-12-07 00:00:00,PRD_CAR,5.0,0.0,49.9,0.0,276,Carteira Administrada,FD00433,C00276,2025-11-30,2025T4,Alta Renda,CDB,,6-24 meses,10,Consegui acompanhar minha carteira,276.0,23-Dec-25,Fundos,9,reclamacao atendimento,E-mail,Resolvido,Informacoes estavam faceis de encontrar,Fundos
276.0,2025-12-07 00:00:00,PRD_CAR,5.0,0.0,49.9,0.0,276,Carteira Administrada,FD00466,C00276,2025-12-21,2025T4,Alta Renda,Fundos,Central de Atendimento,0-6 meses,10,Assessoria ajudou na decisao,276.0,12/02/2026,C.D.B.,9,duvida rentabilidade,Telefone,Resolvido,Informacoes estavam faceis de encontrar,CDB
276.0,2025-12-07 00:00:00,PRD_CAR,5.0,0.0,49.9,0.0,276,Carteira Administrada,FD00466,C00276,2025-12-21,2025T4,Alta Renda,Fundos,Central de Atendimento,0-6 meses,10,Assessoria ajudou na decisao,276.0,23-Dec-25,Fundos,9,reclamacao atendimento,E-mail,Resolvido,Informacoes estavam faceis de encontrar,Fundos
276.0,2025-12-07 00:00:00,PRD_CAR,5.0,0.0,49.9,0.0,276,Carteira Administrada,FD00530,C00276,2026-02-09,2026T1,Alta Renda,CDB,Assessoria,6-24 meses,10,Boa experiencia no aplicativo,276.0,12/02/2026,C.D.B.,9,duvida rentabilidade,Telefone,Resolvido,Informacoes estavam faceis de encontrar,CDB
276.0,2025-12-07 00:00:00,PRD_CAR,5.0,0.0,49.9,0.0,276,Carteira Administrada,FD00530,C00276,2026-02-09,2026T1,Alta Renda,CDB,Assessoria,6-24 meses,10,Boa experiencia no aplicativo,276.0,23-Dec-25,Fundos,9,reclamacao atendimento,E-mail,Resolvido,Informacoes estavam faceis de encontrar,Fundos
278.0,2026-05-01 00:00:00,PRD_TES,8.0,0.0,20.3,0.0,278,Tesouro Direto,FD00306,C00278,2025-11-21,2025T4,Varejo,Tesouro Direto,App,2-5 anos,10,Assessoria ajudou na decisao,278.0,31/06/2026,tesouro direto,10,reclamacao atendimento,Agencia,Reaberto,Aplicativo travou durante consulta,Tesouro Direto
278.0,2026-05-01 00:00:00,PRD_TES,8.0,0.0,20.3,0.0,278,Tesouro Direto,FD00306,C00278,2025-11-21,2025T4,Varejo,Tesouro Direto,App,2-5 anos,10,Assessoria ajudou na decisao,278.0,05/01/2026,COE,8,duvida rentabilidade,Chat,Resolvido,Nao entendi a cobranca,COE
278.0,2026-05-01 00:00:00,PRD_TES,8.0,0.0,20.3,0.0,278,Tesouro Direto,FD00318,C00278,2025-10-08,2025T4,Varejo,Carteira Administrada,Assessoria,2-5 anos,9,Assessoria ajudou na decisao,278.0,31/06/2026,tesouro direto,10,reclamacao atendimento,Agencia,Reaberto,Aplicativo travou durante consulta,Tesouro Direto
278.0,2026-05-01 00:00:00,PRD_TES,8.0,0.0,20.3,0.0,278,Tesouro Direto,FD00318,C00278,2025-10-08,2025T4,Varejo,Carteira Administrada,Assessoria,2-5 anos,9,Assessoria ajudou na decisao,278.0,05/01/2026,COE,8,duvida rentabilidade,Chat,Resolvido,Nao entendi a cobranca,COE
278.0,2026-05-01 00:00:00,PRD_TES,8.0,0.0,20.3,0.0,278,Tesouro Direto,FD00696,C00278,2026-01-05,2026T1,Varejo,COE,App,6-24 meses,8,Demorou um pouco para encontrar informacoes,278.0,31/06/2026,tesouro direto,10,reclamacao atendimento,Agencia,Reaberto,Aplicativo travou durante consulta,Tesouro Direto
278.0,2026-05-01 00:00:00,PRD_TES,8.0,0.0,20.3,0.0,278,Tesouro Direto,FD00696,C00278,2026-01-05,2026T1,Varejo,COE,App,6-24 meses,8,Demorou um pouco para encontrar informacoes,278.0,05/01/2026,COE,8,duvida rentabilidade,Chat,Resolvido,Nao entendi a cobranca,COE
278.0,2026-05-01 00:00:00,PRD_TES,8.0,0.0,20.3,0.0,278,Tesouro Direto,FD00795,C00278,2026-05-11,2026T2,Varejo,Tesouro Direto,App,0-6 meses,9,Informacoes estavam faceis de encontrar,278.0,31/06/2026,tesouro direto,10,reclamacao atendimento,Agencia,Reaberto,Aplicativo travou durante consulta,Tesouro Direto
278.0,2026-05-01 00:00:00,PRD_TES,8.0,0.0,20.3,0.0,278,Tesouro Direto,FD00795,C00278,2026-05-11,2026T2,Varejo,Tesouro Direto,App,0-6 meses,9,Informacoes estavam faceis de encontrar,278.0,05/01/2026,COE,8,duvida rentabilidade,Chat,Resolvido,Nao entendi a cobranca,COE
278.0,2025-10-16 00:00:00,PRD_CAR,8.0,0.0,33.5,0.0,278,Carteira Administrada,FD00306,C00278,2025-11-21,2025T4,Varejo,Tesouro Direto,App,2-5 anos,10,Assessoria ajudou na decisao,278.0,31/06/2026,tesouro direto,10,reclamacao atendimento,Agencia,Reaberto,Aplicativo travou durante consulta,Tesouro Direto
278.0,2025-10-16 00:00:00,PRD_CAR,8.0,0.0,33.5,0.0,278,Carteira Administrada,FD00306,C00278,2025-11-21,2025T4,Varejo,Tesouro Direto,App,2-5 anos,10,Assessoria ajudou na decisao,278.0,05/01/2026,COE,8,duvida rentabilidade,Chat,Resolvido,Nao entendi a cobranca,COE
278.0,2025-10-16 00:00:00,PRD_CAR,8.0,0.0,33.5,0.0,278,Carteira Administrada,FD00318,C00278,2025-10-08,2025T4,Varejo,Carteira Administrada,Assessoria,2-5 anos,9,Assessoria ajudou na decisao,278.0,31/06/2026,tesouro direto,10,reclamacao atendimento,Agencia,Reaberto,Aplicativo travou durante consulta,Tesouro Direto
278.0,2025-10-16 00:00:00,PRD_CAR,8.0,0.0,33.5,0.0,278,Carteira Administrada,FD00318,C00278,2025-10-08,2025T4,Varejo,Carteira Administrada,Assessoria,2-5 anos,9,Assessoria ajudou na decisao,278.0,05/01/2026,COE,8,duvida rentabilidade,Chat,Resolvido,Nao entendi a cobranca,COE
278.0,2025-10-16 00:00:00,PRD_CAR,8.0,0.0,33.5,0.0,278,Carteira Administrada,FD00696,C00278,2026-01-05,2026T1,Varejo,COE,App,6-24 meses,8,Demorou um pouco para encontrar informacoes,278.0,31/06/2026,tesouro direto,10,reclamacao atendimento,Agencia,Reaberto,Aplicativo travou durante consulta,Tesouro Direto
278.0,2025-10-16 00:00:00,PRD_CAR,8.0,0.0,33.5,0.0,278,Carteira Administrada,FD00696,C00278,2026-01-05,2026T1,Varejo,COE,App,6-24 meses,8,Demorou um pouco para encontrar informacoes,278.0,05/01/2026,COE,8,duvida rentabilidade,Chat,Resolvido,Nao entendi a cobranca,COE
278.0,2025-10-16 00:00:00,PRD_CAR,8.0,0.0,33.5,0.0,278,Carteira Administrada,FD00795,C00278,2026-05-11,2026T2,Varejo,Tesouro Direto,App,0-6 meses,9,Informacoes estavam faceis de encontrar,278.0,31/06/2026,tesouro direto,10,reclamacao atendimento,Agencia,Reaberto,Aplicativo travou durante consulta,Tesouro Direto
278.0,2025-10-16 00:00:00,PRD_CAR,8.0,0.0,33.5,0.0,278,Carteira Administrada,FD00795,C00278,2026-05-11,2026T2,Varejo,Tesouro Direto,App,0-6 meses,9,Informacoes estavam faceis de encontrar,278.0,05/01/2026,COE,8,duvida rentabilidade,Chat,Resolvido,Nao entendi a cobranca,COE
278.0,2026-01-11 00:00:00,PRD_COE,9.0,0.0,22.8,1.0,278,COE,FD00306,C00278,2025-11-21,2025T4,Varejo,Tesouro Direto,App,2-5 anos,10,Assessoria ajudou na decisao,278.0,31/06/2026,tesouro direto,10,reclamacao atendimento,Agencia,Reaberto,Aplicativo travou durante consulta,Tesouro Direto
278.0,2026-01-11 00:00:00,PRD_COE,9.0,0.0,22.8,1.0,278,COE,FD00306,C00278,2025-11-21,2025T4,Varejo,Tesouro Direto,App,2-5 anos,10,Assessoria ajudou na decisao,278.0,05/01/2026,COE,8,duvida rentabilidade,Chat,Resolvido,Nao entendi a cobranca,COE
278.0,2026-01-11 00:00:00,PRD_COE,9.0,0.0,22.8,1.0,278,COE,FD00318,C00278,2025-10-08,2025T4,Varejo,Carteira Administrada,Assessoria,2-5 anos,9,Assessoria ajudou na decisao,278.0,31/06/2026,tesouro direto,10,reclamacao atendimento,Agencia,Reaberto,Aplicativo travou durante consulta,Tesouro Direto
278.0,2026-01-11 00:00:00,PRD_COE,9.0,0.0,22.8,1.0,278,COE,FD00318,C00278,2025-10-08,2025T4,Varejo,Carteira Administrada,Assessoria,2-5 anos,9,Assessoria ajudou na decisao,278.0,05/01/2026,COE,8,duvida rentabilidade,Chat,Resolvido,Nao entendi a cobranca,COE
278.0,2026-01-11 00:00:00,PRD_COE,9.0,0.0,22.8,1.0,278,COE,FD00696,C00278,2026-01-05,2026T1,Varejo,COE,App,6-24 meses,8,Demorou um pouco para encontrar informacoes,278.0,31/06/2026,tesouro direto,10,reclamacao atendimento,Agencia,Reaberto,Aplicativo travou durante consulta,Tesouro Direto
278.0,2026-01-11 00:00:00,PRD_COE,9.0,0.0,22.8,1.0,278,COE,FD00696,C00278,2026-01-05,2026T1,Varejo,COE,App,6-24 meses,8,Demorou um pouco para encontrar informacoes,278.0,05/01/2026,COE,8,duvida rentabilidade,Chat,Resolvido,Nao entendi a cobranca,COE
278.0,2026-01-11 00:00:00,PRD_COE,9.0,0.0,22.8,1.0,278,COE,FD00795,C00278,2026-05-11,2026T2,Varejo,Tesouro Direto,App,0-6 meses,9,Informacoes estavam faceis de encontrar,278.0,31/06/2026,tesouro direto,10,reclamacao atendimento,Agencia,Reaberto,Aplicativo travou durante consulta,Tesouro Direto
278.0,2026-01-11 00:00:00,PRD_COE,9.0,0.0,22.8,1.0,278,COE,FD00795,C00278,2026-05-11,2026T2,Varejo,Tesouro Direto,App,0-6 meses,9,Informacoes estavam faceis de encontrar,278.0,05/01/2026,COE,8,duvida rentabilidade,Chat,Resolvido,Nao entendi a cobranca,COE
278.0,2025-11-27 00:00:00,PRD_TES,3.0,0.0,20.8,0.0,278,Tesouro Direto,FD00306,C00278,2025-11-21,2025T4,Varejo,Tesouro Direto,App,2-5 anos,10,Assessoria ajudou na decisao,278.0,31/06/2026,tesouro direto,10,reclamacao atendimento,Agencia,Reaberto,Aplicativo travou durante consulta,Tesouro Direto
278.0,2025-11-27 00:00:00,PRD_TES,3.0,0.0,20.8,0.0,278,Tesouro Direto,FD00306,C00278,2025-11-21,2025T4,Varejo,Tesouro Direto,App,2-5 anos,10,Assessoria ajudou na decisao,278.0,05/01/2026,COE,8,duvida rentabilidade,Chat,Resolvido,Nao entendi a cobranca,COE
278.0,2025-11-27 00:00:00,PRD_TES,3.0,0.0,20.8,0.0,278,Tesouro Direto,FD00318,C00278,2025-10-08,2025T4,Varejo,Carteira Administrada,Assessoria,2-5 anos,9,Assessoria ajudou na decisao,278.0,31/06/2026,tesouro direto,10,reclamacao atendimento,Agencia,Reaberto,Aplicativo travou durante consulta,Tesouro Direto
278.0,2025-11-27 00:00:00,PRD_TES,3.0,0.0,20.8,0.0,278,Tesouro Direto,FD00318,C00278,2025-10-08,2025T4,Varejo,Carteira Administrada,Assessoria,2-5 anos,9,Assessoria ajudou na decisao,278.0,05/01/2026,COE,8,duvida rentabilidade,Chat,Resolvido,Nao entendi a cobranca,COE
278.0,2025-11-27 00:00:00,PRD_TES,3.0,0.0,20.8,0.0,278,Tesouro Direto,FD00696,C00278,2026-01-05,2026T1,Varejo,COE,App,6-24 meses,8,Demorou um pouco para encontrar informacoes,278.0,31/06/2026,tesouro direto,10,reclamacao atendimento,Agencia,Reaberto,Aplicativo travou durante consulta,Tesouro Direto
278.0,2025-11-27 00:00:00,PRD_TES,3.0,0.0,20.8,0.0,278,Tesouro Direto,FD00696,C00278,2026-01-05,2026T1,Varejo,COE,App,6-24 meses,8,Demorou um pouco para encontrar informacoes,278.0,05/01/2026,COE,8,duvida rentabilidade,Chat,Resolvido,Nao entendi a cobranca,COE
278.0,2025-11-27 00:00:00,PRD_TES,3.0,0.0,20.8,0.0,278,Tesouro Direto,FD00795,C00278,2026-05-11,2026T2,Varejo,Tesouro Direto,App,0-6 meses,9,Informacoes estavam faceis de encontrar,278.0,31/06/2026,tesouro direto,10,reclamacao atendimento,Agencia,Reaberto,Aplicativo travou durante consulta,Tesouro Direto
278.0,2025-11-27 00:00:00,PRD_TES,3.0,0.0,20.8,0.0,278,Tesouro Direto,FD00795,C00278,2026-05-11,2026T2,Varejo,Tesouro Direto,App,0-6 meses,9,Informacoes estavam faceis de encontrar,278.0,05/01/2026,COE,8,duvida rentabilidade,Chat,Resolvido,Nao entendi a cobranca,COE
,,,,,,,279,,FD00815,C00279,2026-04-02,2026T2,Varejo,Tesouro Direto,App,2-5 anos,10,Assessoria ajudou na decisao,279.0,05/04/2026,Tesouro,9,resgate,Chat,Pendente,Demora para resolver meu problema,Tesouro Direto
280.0,2025-08-05 00:00:00,PRD_TES,10.0,0.0,1.0,0.0,280,Tesouro Direto,FD00021,C00280,2025-07-26,2025T3,Varejo,Tesouro Direto,App,6-24 meses,7,Aplicativo poderia explicar melhor,,,,,,,,,
280.0,2025-08-05 00:00:00,PRD_TES,10.0,0.0,1.0,0.0,280,Tesouro Direto,FD00343,C00280,2025-11-14,2025T4,Varejo,CDB,App,0-6 meses,10,Informacoes estavam faceis de encontrar,,,,,,,,,
280.0,2025-11-18 00:00:00,PRD_CDB,8.0,1.0,12.8,0.0,280,CDB,FD00021,C00280,2025-07-26,2025T3,Varejo,Tesouro Direto,App,6-24 meses,7,Aplicativo poderia explicar melhor,,,,,,,,,
280.0,2025-11-18 00:00:00,PRD_CDB,8.0,1.0,12.8,0.0,280,CDB,FD00343,C00280,2025-11-14,2025T4,Varejo,CDB,App,0-6 meses,10,Informacoes estavam faceis de encontrar,,,,,,,,,
281.0,2025-10-16 00:00:00,PRD_CDB,11.0,0.0,15.0,0.0,281,CDB,FD00235,C00281,2025-10-08,2025T4,Novo Investidor,CDB,App,5+ anos,9,Informacoes estavam faceis de encontrar,281.0,06-Oct-25,cdb,8,reclamacao atendimento,E-mail,Pendente,Aplicativo travou durante consulta,CDB
282.0,2025-11-02 00:00:00,PRD_CDB,11.0,0.0,19.2,0.0,282,CDB,FD00030,C00282,2025-08-20,2025T3,Alta Renda,Tesouro Direto,App,2-5 anos,9,Atendimento claro e rapido,,,,,,,,,
282.0,2025-11-02 00:00:00,PRD_CDB,11.0,0.0,19.2,0.0,282,CDB,FD00400,C00282,2025-11-01,2025T4,Alta Renda,CDB,App,2-5 anos,9,Boa experiencia no aplicativo,,,,,,,,,
282.0,2025-08-22 00:00:00,PRD_TES,10.0,0.0,26.4,0.0,282,Tesouro Direto,FD00030,C00282,2025-08-20,2025T3,Alta Renda,Tesouro Direto,App,2-5 anos,9,Atendimento claro e rapido,,,,,,,,,
282.0,2025-08-22 00:00:00,PRD_TES,10.0,0.0,26.4,0.0,282,Tesouro Direto,FD00400,C00282,2025-11-01,2025T4,Alta Renda,CDB,App,2-5 anos,9,Boa experiencia no aplicativo,,,,,,,,,
283.0,2025-09-29 00:00:00,PRD_CDB,3.0,0.0,16.2,0.0,283,CDB,FD00026,C00283,2025-07-01,2025T3,Alta Renda,COE,Central de Atendimento,2-5 anos,9,Informacoes estavam faceis de encontrar,283.0,2025-07-02,C.O.E.,8,duvida rentabilidade,Telefone,Resolvido,Informacoes estavam faceis de encontrar,COE
283.0,2025-09-29 00:00:00,PRD_CDB,3.0,0.0,16.2,0.0,283,CDB,FD00138,C00283,2025-09-27,2025T3,Alta Renda,CDB,Internet Banking,5+ anos,10,Boa experiencia no aplicativo,283.0,2025-07-02,C.O.E.,8,duvida rentabilidade,Telefone,Resolvido,Informacoes estavam faceis de encontrar,COE
283.0,2025-09-29 00:00:00,PRD_CDB,3.0,0.0,16.2,0.0,283,CDB,FD00026,C00283,2025-07-01,2025T3,Alta Renda,COE,Central de Atendimento,2-5 anos,9,Informacoes estavam faceis de encontrar,283.0,2025-07-02,C.O.E.,8,duvida rentabilidade,Telefone,Resolvido,Informacoes estavam faceis de encontrar,COE
284.0,2026-03-16 00:00:00,PRD_FND,8.0,0.0,23.7,0.0,284,Fundos,FD00483,C00284,2026-02-21,2026T1,Private,Tesouro Direto,App,2-5 anos,10,Informacoes estavam faceis de encontrar,,,,,,,,,
284.0,2026-03-16 00:00:00,PRD_FND,8.0,0.0,23.7,0.0,284,Fundos,FD00681,C00284,2026-03-26,2026T1,Private,Carteira Administrada,App,6-24 meses,9,Consegui acompanhar minha carteira,,,,,,,,,
284.0,2026-03-16 00:00:00,PRD_FND,8.0,0.0,23.7,0.0,284,Fundos,FD00706,C00284,2026-03-25,2026T1,Private,Fundos,Assessoria,0-6 meses,9,Consegui acompanhar minha carteira,,,,,,,,,
284.0,2026-03-16 00:00:00,PRD_FND,8.0,0.0,23.7,0.0,284,Fundos,FD00972,C00284,2026-04-14,2026T2,Private,COE,App,6-24 meses,10,Assessoria ajudou na decisao,,,,,,,,,
284.0,2026-02-16 00:00:00,PRD_TES,10.0,0.0,18.9,0.0,284,Tesouro Direto,FD00483,C00284,2026-02-21,2026T1,Private,Tesouro Direto,App,2-5 anos,10,Informacoes estavam faceis de encontrar,,,,,,,,,
284.0,2026-02-16 00:00:00,PRD_TES,10.0,0.0,18.9,0.0,284,Tesouro Direto,FD00681,C00284,2026-03-26,2026T1,Private,Carteira Administrada,App,6-24 meses,9,Consegui acompanhar minha carteira,,,,,,,,,
284.0,2026-02-16 00:00:00,PRD_TES,10.0,0.0,18.9,0.0,284,Tesouro Direto,FD00706,C00284,2026-03-25,2026T1,Private,Fundos,Assessoria,0-6 meses,9,Consegui acompanhar minha carteira,,,,,,,,,
284.0,2026-02-16 00:00:00,PRD_TES,10.0,0.0,18.9,0.0,284,Tesouro Direto,FD00972,C00284,2026-04-14,2026T2,Private,COE,App,6-24 meses,10,Assessoria ajudou na decisao,,,,,,,,,
284.0,2026-04-19 00:00:00,PRD_COE,6.0,0.0,8.5,0.0,284,COE,FD00483,C00284,2026-02-21,2026T1,Private,Tesouro Direto,App,2-5 anos,10,Informacoes estavam faceis de encontrar,,,,,,,,,
284.0,2026-04-19 00:00:00,PRD_COE,6.0,0.0,8.5,0.0,284,COE,FD00681,C00284,2026-03-26,2026T1,Private,Carteira Administrada,App,6-24 meses,9,Consegui acompanhar minha carteira,,,,,,,,,
284.0,2026-04-19 00:00:00,PRD_COE,6.0,0.0,8.5,0.0,284,COE,FD00706,C00284,2026-03-25,2026T1,Private,Fundos,Assessoria,0-6 meses,9,Consegui acompanhar minha carteira,,,,,,,,,
284.0,2026-04-19 00:00:00,PRD_COE,6.0,0.0,8.5,0.0,284,COE,FD00972,C00284,2026-04-14,2026T2,Private,COE,App,6-24 meses,10,Assessoria ajudou na decisao,,,,,,,,,
284.0,2026-03-25 00:00:00,PRD_CAR,10.0,1.0,69.0,0.0,284,Carteira Administrada,FD00483,C00284,2026-02-21,2026T1,Private,Tesouro Direto,App,2-5 anos,10,Informacoes estavam faceis de encontrar,,,,,,,,,
284.0,2026-03-25 00:00:00,PRD_CAR,10.0,1.0,69.0,0.0,284,Carteira Administrada,FD00681,C00284,2026-03-26,2026T1,Private,Carteira Administrada,App,6-24 meses,9,Consegui acompanhar minha carteira,,,,,,,,,
284.0,2026-03-25 00:00:00,PRD_CAR,10.0,1.0,69.0,0.0,284,Carteira Administrada,FD00706,C00284,2026-03-25,2026T1,Private,Fundos,Assessoria,0-6 meses,9,Consegui acompanhar minha carteira,,,,,,,,,
284.0,2026-03-25 00:00:00,PRD_CAR,10.0,1.0,69.0,0.0,284,Carteira Administrada,FD00972,C00284,2026-04-14,2026T2,Private,COE,App,6-24 meses,10,Assessoria ajudou na decisao,,,,,,,,,
286.0,2025-12-12 00:00:00,PRD_CDB,8.0,0.0,24.5,0.0,286,CDB,FD00155,C00286,2025-09-16,2025T3,Private,Fundos,Internet Banking,2-5 anos,9,Consegui acompanhar minha carteira,,,,,,,,,
286.0,2025-12-12 00:00:00,PRD_CDB,8.0,0.0,24.5,0.0,286,CDB,FD00469,C00286,2025-12-17,2025T4,Private,CDB,App,5+ anos,9,Consegui acompanhar minha carteira,,,,,,,,,
286.0,2025-12-12 00:00:00,PRD_CDB,8.0,0.0,24.5,0.0,286,CDB,FD00668,C00286,2026-03-10,2026T1,Private,Carteira Administrada,Assessoria,2-5 anos,9,Consegui acompanhar minha carteira,,,,,,,,,
286.0,2025-09-07 00:00:00,PRD_FND,8.0,0.0,10.1,0.0,286,Fundos,FD00155,C00286,2025-09-16,2025T3,Private,Fundos,Internet Banking,2-5 anos,9,Consegui acompanhar minha carteira,,,,,,,,,
286.0,2025-09-07 00:00:00,PRD_FND,8.0,0.0,10.1,0.0,286,Fundos,FD00469,C00286,2025-12-17,2025T4,Private,CDB,App,5+ anos,9,Consegui acompanhar minha carteira,,,,,,,,,
286.0,2025-09-07 00:00:00,PRD_FND,8.0,0.0,10.1,0.0,286,Fundos,FD00668,C00286,2026-03-10,2026T1,Private,Carteira Administrada,Assessoria,2-5 anos,9,Consegui acompanhar minha carteira,,,,,,,,,
286.0,2026-03-19 00:00:00,PRD_CAR,9.0,0.0,28.0,0.0,286,Carteira Administrada,FD00155,C00286,2025-09-16,2025T3,Private,Fundos,Internet Banking,2-5 anos,9,Consegui acompanhar minha carteira,,,,,,,,,
286.0,2026-03-19 00:00:00,PRD_CAR,9.0,0.0,28.0,0.0,286,Carteira Administrada,FD00469,C00286,2025-12-17,2025T4,Private,CDB,App,5+ anos,9,Consegui acompanhar minha carteira,,,,,,,,,
286.0,2026-03-19 00:00:00,PRD_CAR,9.0,0.0,28.0,0.0,286,Carteira Administrada,FD00668,C00286,2026-03-10,2026T1,Private,Carteira Administrada,Assessoria,2-5 anos,9,Consegui acompanhar minha carteira,,,,,,,,,
287.0,2026-05-10 00:00:00,PRD_FND,11.0,0.0,30.5,0.0,287,Fundos,FD00074,C00287,2025-09-24,2025T3,Alta Renda,Fundos,App,6-24 meses,10,Informacoes estavam faceis de encontrar,287.0,15/05/2026,Fundo,10,reclamacao atendimento,Telefone,Resolvido,Boa experiencia no aplicativo,Fundos
287.0,2026-05-10 00:00:00,PRD_FND,11.0,0.0,30.5,0.0,287,Fundos,FD00074,C00287,2025-09-24,2025T3,Alta Renda,Fundos,App,6-24 meses,10,Informacoes estavam faceis de encontrar,287.0,26/02/2026,Carteira Administrada,10,explicacao risco,Chat,Resolvido,Demorou um pouco para encontrar informacoes,Carteira Administrada
287.0,2026-05-10 00:00:00,PRD_FND,11.0,0.0,30.5,0.0,287,Fundos,FD00501,C00287,2026-02-26,2026T1,Alta Renda,Carteira Administrada,App,6-24 meses,9,Informacoes estavam faceis de encontrar,287.0,15/05/2026,Fundo,10,reclamacao atendimento,Telefone,Resolvido,Boa experiencia no aplicativo,Fundos
287.0,2026-05-10 00:00:00,PRD_FND,11.0,0.0,30.5,0.0,287,Fundos,FD00501,C00287,2026-02-26,2026T1,Alta Renda,Carteira Administrada,App,6-24 meses,9,Informacoes estavam faceis de encontrar,287.0,26/02/2026,Carteira Administrada,10,explicacao risco,Chat,Resolvido,Demorou um pouco para encontrar informacoes,Carteira Administrada
287.0,2026-05-10 00:00:00,PRD_FND,11.0,0.0,30.5,0.0,287,Fundos,FD00534,C00287,2026-01-29,2026T1,Alta Renda,CDB,App,5+ anos,10,Atendimento claro e rapido,287.0,15/05/2026,Fundo,10,reclamacao atendimento,Telefone,Resolvido,Boa experiencia no aplicativo,Fundos
287.0,2026-05-10 00:00:00,PRD_FND,11.0,0.0,30.5,0.0,287,Fundos,FD00534,C00287,2026-01-29,2026T1,Alta Renda,CDB,App,5+ anos,10,Atendimento claro e rapido,287.0,26/02/2026,Carteira Administrada,10,explicacao risco,Chat,Resolvido,Demorou um pouco para encontrar informacoes,Carteira Administrada
287.0,2026-05-10 00:00:00,PRD_FND,11.0,0.0,30.5,0.0,287,Fundos,FD00961,C00287,2026-05-16,2026T2,Alta Renda,Fundos,App,6-24 meses,10,Boa experiencia no aplicativo,287.0,15/05/2026,Fundo,10,reclamacao atendimento,Telefone,Resolvido,Boa experiencia no aplicativo,Fundos
287.0,2026-05-10 00:00:00,PRD_FND,11.0,0.0,30.5,0.0,287,Fundos,FD00961,C00287,2026-05-16,2026T2,Alta Renda,Fundos,App,6-24 meses,10,Boa experiencia no aplicativo,287.0,26/02/2026,Carteira Administrada,10,explicacao risco,Chat,Resolvido,Demorou um pouco para encontrar informacoes,Carteira Administrada
287.0,2026-02-04 00:00:00,PRD_CDB,13.0,1.0,20.5,0.0,287,CDB,FD00074,C00287,2025-09-24,2025T3,Alta Renda,Fundos,App,6-24 meses,10,Informacoes estavam faceis de encontrar,287.0,15/05/2026,Fundo,10,reclamacao atendimento,Telefone,Resolvido,Boa experiencia no aplicativo,Fundos
287.0,2026-02-04 00:00:00,PRD_CDB,13.0,1.0,20.5,0.0,287,CDB,FD00074,C00287,2025-09-24,2025T3,Alta Renda,Fundos,App,6-24 meses,10,Informacoes estavam faceis de encontrar,287.0,26/02/2026,Carteira Administrada,10,explicacao risco,Chat,Resolvido,Demorou um pouco para encontrar informacoes,Carteira Administrada
287.0,2026-02-04 00:00:00,PRD_CDB,13.0,1.0,20.5,0.0,287,CDB,FD00501,C00287,2026-02-26,2026T1,Alta Renda,Carteira Administrada,App,6-24 meses,9,Informacoes estavam faceis de encontrar,287.0,15/05/2026,Fundo,10,reclamacao atendimento,Telefone,Resolvido,Boa experiencia no aplicativo,Fundos
287.0,2026-02-04 00:00:00,PRD_CDB,13.0,1.0,20.5,0.0,287,CDB,FD00501,C00287,2026-02-26,2026T1,Alta Renda,Carteira Administrada,App,6-24 meses,9,Informacoes estavam faceis de encontrar,287.0,26/02/2026,Carteira Administrada,10,explicacao risco,Chat,Resolvido,Demorou um pouco para encontrar informacoes,Carteira Administrada
287.0,2026-02-04 00:00:00,PRD_CDB,13.0,1.0,20.5,0.0,287,CDB,FD00534,C00287,2026-01-29,2026T1,Alta Renda,CDB,App,5+ anos,10,Atendimento claro e rapido,287.0,15/05/2026,Fundo,10,reclamacao atendimento,Telefone,Resolvido,Boa experiencia no aplicativo,Fundos
287.0,2026-02-04 00:00:00,PRD_CDB,13.0,1.0,20.5,0.0,287,CDB,FD00534,C00287,2026-01-29,2026T1,Alta Renda,CDB,App,5+ anos,10,Atendimento claro e rapido,287.0,26/02/2026,Carteira Administrada,10,explicacao risco,Chat,Resolvido,Demorou um pouco para encontrar informacoes,Carteira Administrada
287.0,2026-02-04 00:00:00,PRD_CDB,13.0,1.0,20.5,0.0,287,CDB,FD00961,C00287,2026-05-16,2026T2,Alta Renda,Fundos,App,6-24 meses,10,Boa experiencia no aplicativo,287.0,15/05/2026,Fundo,10,reclamacao atendimento,Telefone,Resolvido,Boa experiencia no aplicativo,Fundos
287.0,2026-02-04 00:00:00,PRD_CDB,13.0,1.0,20.5,0.0,287,CDB,FD00961,C00287,2026-05-16,2026T2,Alta Renda,Fundos,App,6-24 meses,10,Boa experiencia no aplicativo,287.0,26/02/2026,Carteira Administrada,10,explicacao risco,Chat,Resolvido,Demorou um pouco para encontrar informacoes,Carteira Administrada
287.0,2025-09-21 00:00:00,PRD_FND,9.0,0.0,20.4,0.0,287,Fundos,FD00074,C00287,2025-09-24,2025T3,Alta Renda,Fundos,App,6-24 meses,10,Informacoes estavam faceis de encontrar,287.0,15/05/2026,Fundo,10,reclamacao atendimento,Telefone,Resolvido,Boa experiencia no aplicativo,Fundos
287.0,2025-09-21 00:00:00,PRD_FND,9.0,0.0,20.4,0.0,287,Fundos,FD00074,C00287,2025-09-24,2025T3,Alta Renda,Fundos,App,6-24 meses,10,Informacoes estavam faceis de encontrar,287.0,26/02/2026,Carteira Administrada,10,explicacao risco,Chat,Resolvido,Demorou um pouco para encontrar informacoes,Carteira Administrada
287.0,2025-09-21 00:00:00,PRD_FND,9.0,0.0,20.4,0.0,287,Fundos,FD00501,C00287,2026-02-26,2026T1,Alta Renda,Carteira Administrada,App,6-24 meses,9,Informacoes estavam faceis de encontrar,287.0,15/05/2026,Fundo,10,reclamacao atendimento,Telefone,Resolvido,Boa experiencia no aplicativo,Fundos
287.0,2025-09-21 00:00:00,PRD_FND,9.0,0.0,20.4,0.0,287,Fundos,FD00501,C00287,2026-02-26,2026T1,Alta Renda,Carteira Administrada,App,6-24 meses,9,Informacoes estavam faceis de encontrar,287.0,26/02/2026,Carteira Administrada,10,explicacao risco,Chat,Resolvido,Demorou um pouco para encontrar informacoes,Carteira Administrada
287.0,2025-09-21 00:00:00,PRD_FND,9.0,0.0,20.4,0.0,287,Fundos,FD00534,C00287,2026-01-29,2026T1,Alta Renda,CDB,App,5+ anos,10,Atendimento claro e rapido,287.0,15/05/2026,Fundo,10,reclamacao atendimento,Telefone,Resolvido,Boa experiencia no aplicativo,Fundos
287.0,2025-09-21 00:00:00,PRD_FND,9.0,0.0,20.4,0.0,287,Fundos,FD00534,C00287,2026-01-29,2026T1,Alta Renda,CDB,App,5+ anos,10,Atendimento claro e rapido,287.0,26/02/2026,Carteira Administrada,10,explicacao risco,Chat,Resolvido,Demorou um pouco para encontrar informacoes,Carteira Administrada
287.0,2025-09-21 00:00:00,PRD_FND,9.0,0.0,20.4,0.0,287,Fundos,FD00961,C00287,2026-05-16,2026T2,Alta Renda,Fundos,App,6-24 meses,10,Boa experiencia no aplicativo,287.0,15/05/2026,Fundo,10,reclamacao atendimento,Telefone,Resolvido,Boa experiencia no aplicativo,Fundos
287.0,2025-09-21 00:00:00,PRD_FND,9.0,0.0,20.4,0.0,287,Fundos,FD00961,C00287,2026-05-16,2026T2,Alta Renda,Fundos,App,6-24 meses,10,Boa experiencia no aplicativo,287.0,26/02/2026,Carteira Administrada,10,explicacao risco,Chat,Resolvido,Demorou um pouco para encontrar informacoes,Carteira Administrada
287.0,2026-02-28 00:00:00,PRD_CAR,11.0,1.0,70.1,0.0,287,Carteira Administrada,FD00074,C00287,2025-09-24,2025T3,Alta Renda,Fundos,App,6-24 meses,10,Informacoes estavam faceis de encontrar,287.0,15/05/2026,Fundo,10,reclamacao atendimento,Telefone,Resolvido,Boa experiencia no aplicativo,Fundos
287.0,2026-02-28 00:00:00,PRD_CAR,11.0,1.0,70.1,0.0,287,Carteira Administrada,FD00074,C00287,2025-09-24,2025T3,Alta Renda,Fundos,App,6-24 meses,10,Informacoes estavam faceis de encontrar,287.0,26/02/2026,Carteira Administrada,10,explicacao risco,Chat,Resolvido,Demorou um pouco para encontrar informacoes,Carteira Administrada
287.0,2026-02-28 00:00:00,PRD_CAR,11.0,1.0,70.1,0.0,287,Carteira Administrada,FD00501,C00287,2026-02-26,2026T1,Alta Renda,Carteira Administrada,App,6-24 meses,9,Informacoes estavam faceis de encontrar,287.0,15/05/2026,Fundo,10,reclamacao atendimento,Telefone,Resolvido,Boa experiencia no aplicativo,Fundos
287.0,2026-02-28 00:00:00,PRD_CAR,11.0,1.0,70.1,0.0,287,Carteira Administrada,FD00501,C00287,2026-02-26,2026T1,Alta Renda,Carteira Administrada,App,6-24 meses,9,Informacoes estavam faceis de encontrar,287.0,26/02/2026,Carteira Administrada,10,explicacao risco,Chat,Resolvido,Demorou um pouco para encontrar informacoes,Carteira Administrada
287.0,2026-02-28 00:00:00,PRD_CAR,11.0,1.0,70.1,0.0,287,Carteira Administrada,FD00534,C00287,2026-01-29,2026T1,Alta Renda,CDB,App,5+ anos,10,Atendimento claro e rapido,287.0,15/05/2026,Fundo,10,reclamacao atendimento,Telefone,Resolvido,Boa experiencia no aplicativo,Fundos
287.0,2026-02-28 00:00:00,PRD_CAR,11.0,1.0,70.1,0.0,287,Carteira Administrada,FD00534,C00287,2026-01-29,2026T1,Alta Renda,CDB,App,5+ anos,10,Atendimento claro e rapido,287.0,26/02/2026,Carteira Administrada,10,explicacao risco,Chat,Resolvido,Demorou um pouco para encontrar informacoes,Carteira Administrada
287.0,2026-02-28 00:00:00,PRD_CAR,11.0,1.0,70.1,0.0,287,Carteira Administrada,FD00961,C00287,2026-05-16,2026T2,Alta Renda,Fundos,App,6-24 meses,10,Boa experiencia no aplicativo,287.0,15/05/2026,Fundo,10,reclamacao atendimento,Telefone,Resolvido,Boa experiencia no aplicativo,Fundos
287.0,2026-02-28 00:00:00,PRD_CAR,11.0,1.0,70.1,0.0,287,Carteira Administrada,FD00961,C00287,2026-05-16,2026T2,Alta Renda,Fundos,App,6-24 meses,10,Boa experiencia no aplicativo,287.0,26/02/2026,Carteira Administrada,10,explicacao risco,Chat,Resolvido,Demorou um pouco para encontrar informacoes,Carteira Administrada
,,,,,,,288,,FD00770,C00288,2026-04-13,2026T2,Alta Renda,Carteira Administrada,App,5+ anos,6,Informacoes divergentes sobre o produto,,,,,,,,,
290.0,2026-02-08 00:00:00,PRD_COE,10.0,0.0,29.3,0.0,290,COE,FD00035,C00290,2025-08-12,2025T3,Varejo,Fundos,Internet Banking,2-5 anos,7,Tive duvida sobre rentabilidade,290.0,01/11/2025,C.O.E.,9,acesso app,Chat,Resolvido,Demora para resolver meu problema,COE
290.0,2026-02-08 00:00:00,PRD_COE,10.0,0.0,29.3,0.0,290,COE,FD00199,C00290,2025-08-12,2025T3,Varejo,CDB,App,2-5 anos,8,Aplicativo poderia explicar melhor,290.0,01/11/2025,C.O.E.,9,acesso app,Chat,Resolvido,Demora para resolver meu problema,COE
290.0,2026-02-08 00:00:00,PRD_COE,10.0,0.0,29.3,0.0,290,COE,FD00383,C00290,2025-11-04,2025T4,Varejo,COE,App,5+ anos,9,Assessoria ajudou na decisao,290.0,01/11/2025,C.O.E.,9,acesso app,Chat,Resolvido,Demora para resolver meu problema,COE
290.0,2026-02-08 00:00:00,PRD_COE,10.0,0.0,29.3,0.0,290,COE,FD00567,C00290,2026-01-29,2026T1,Varejo,COE,App,6-24 meses,1,,290.0,01/11/2025,C.O.E.,9,acesso app,Chat,Resolvido,Demora para resolver meu problema,COE
290.0,2025-10-26 00:00:00,PRD_COE,8.0,0.0,34.4,0.0,290,COE,FD00035,C00290,2025-08-12,2025T3,Varejo,Fundos,Internet Banking,2-5 anos,7,Tive duvida sobre rentabilidade,290.0,01/11/2025,C.O.E.,9,acesso app,Chat,Resolvido,Demora para resolver meu problema,COE
290.0,2025-10-26 00:00:00,PRD_COE,8.0,0.0,34.4,0.0,290,COE,FD00199,C00290,2025-08-12,2025T3,Varejo,CDB,App,2-5 anos,8,Aplicativo poderia explicar melhor,290.0,01/11/2025,C.O.E.,9,acesso app,Chat,Resolvido,Demora para resolver meu problema,COE
290.0,2025-10-26 00:00:00,PRD_COE,8.0,0.0,34.4,0.0,290,COE,FD00383,C00290,2025-11-04,2025T4,Varejo,COE,App,5+ anos,9,Assessoria ajudou na decisao,290.0,01/11/2025,C.O.E.,9,acesso app,Chat,Resolvido,Demora para resolver meu problema,COE
290.0,2025-10-26 00:00:00,PRD_COE,8.0,0.0,34.4,0.0,290,COE,FD00567,C00290,2026-01-29,2026T1,Varejo,COE,App,6-24 meses,1,,290.0,01/11/2025,C.O.E.,9,acesso app,Chat,Resolvido,Demora para resolver meu problema,COE
290.0,2025-08-15 00:00:00,PRD_FND,6.0,0.0,15.7,0.0,290,Fundos,FD00035,C00290,2025-08-12,2025T3,Varejo,Fundos,Internet Banking,2-5 anos,7,Tive duvida sobre rentabilidade,290.0,01/11/2025,C.O.E.,9,acesso app,Chat,Resolvido,Demora para resolver meu problema,COE
290.0,2025-08-15 00:00:00,PRD_FND,6.0,0.0,15.7,0.0,290,Fundos,FD00199,C00290,2025-08-12,2025T3,Varejo,CDB,App,2-5 anos,8,Aplicativo poderia explicar melhor,290.0,01/11/2025,C.O.E.,9,acesso app,Chat,Resolvido,Demora para resolver meu problema,COE
290.0,2025-08-15 00:00:00,PRD_FND,6.0,0.0,15.7,0.0,290,Fundos,FD00383,C00290,2025-11-04,2025T4,Varejo,COE,App,5+ anos,9,Assessoria ajudou na decisao,290.0,01/11/2025,C.O.E.,9,acesso app,Chat,Resolvido,Demora para resolver meu problema,COE
290.0,2025-08-15 00:00:00,PRD_FND,6.0,0.0,15.7,0.0,290,Fundos,FD00567,C00290,2026-01-29,2026T1,Varejo,COE,App,6-24 meses,1,,290.0,01/11/2025,C.O.E.,9,acesso app,Chat,Resolvido,Demora para resolver meu problema,COE
290.0,2025-08-05 00:00:00,PRD_CDB,8.0,0.0,17.9,0.0,290,CDB,FD00035,C00290,2025-08-12,2025T3,Varejo,Fundos,Internet Banking,2-5 anos,7,Tive duvida sobre rentabilidade,290.0,01/11/2025,C.O.E.,9,acesso app,Chat,Resolvido,Demora para resolver meu problema,COE
290.0,2025-08-05 00:00:00,PRD_CDB,8.0,0.0,17.9,0.0,290,CDB,FD00199,C00290,2025-08-12,2025T3,Varejo,CDB,App,2-5 anos,8,Aplicativo poderia explicar melhor,290.0,01/11/2025,C.O.E.,9,acesso app,Chat,Resolvido,Demora para resolver meu problema,COE
290.0,2025-08-05 00:00:00,PRD_CDB,8.0,0.0,17.9,0.0,290,CDB,FD00383,C00290,2025-11-04,2025T4,Varejo,COE,App,5+ anos,9,Assessoria ajudou na decisao,290.0,01/11/2025,C.O.E.,9,acesso app,Chat,Resolvido,Demora para resolver meu problema,COE
290.0,2025-08-05 00:00:00,PRD_CDB,8.0,0.0,17.9,0.0,290,CDB,FD00567,C00290,2026-01-29,2026T1,Varejo,COE,App,6-24 meses,1,,290.0,01/11/2025,C.O.E.,9,acesso app,Chat,Resolvido,Demora para resolver meu problema,COE
291.0,2026-02-23 00:00:00,PRD_TES,11.0,0.0,13.0,0.0,291,Tesouro Direto,FD00285,C00291,2025-11-20,2025T4,Private,CDB,Assessoria,0-6 meses,10,Informacoes estavam faceis de encontrar,291.0,15/05/2026,C.D.B.,10,cadastro,Chat,Pendente,,CDB
291.0,2026-02-23 00:00:00,PRD_TES,11.0,0.0,13.0,0.0,291,Tesouro Direto,FD00285,C00291,2025-11-20,2025T4,Private,CDB,Assessoria,0-6 meses,10,Informacoes estavam faceis de encontrar,291.0,22-Feb-26,TESOURO DIRETO,10,reclamacao atendimento,Chat,Resolvido,Nao ficou claro o risco do produto,Tesouro Direto
291.0,2026-02-23 00:00:00,PRD_TES,11.0,0.0,13.0,0.0,291,Tesouro Direto,FD00527,C00291,2026-02-22,2026T1,Private,Tesouro Direto,App,2-5 anos,10,Assessoria ajudou na decisao,291.0,15/05/2026,C.D.B.,10,cadastro,Chat,Pendente,,CDB
291.0,2026-02-23 00:00:00,PRD_TES,11.0,0.0,13.0,0.0,291,Tesouro Direto,FD00527,C00291,2026-02-22,2026T1,Private,Tesouro Direto,App,2-5 anos,10,Assessoria ajudou na decisao,291.0,22-Feb-26,TESOURO DIRETO,10,reclamacao atendimento,Chat,Resolvido,Nao ficou claro o risco do produto,Tesouro Direto
291.0,2026-02-23 00:00:00,PRD_TES,11.0,0.0,13.0,0.0,291,Tesouro Direto,FD00958,C00291,2026-05-13,2026T2,Private,CDB,Assessoria,6-24 meses,10,Consegui acompanhar minha carteira,291.0,15/05/2026,C.D.B.,10,cadastro,Chat,Pendente,,CDB
291.0,2026-02-23 00:00:00,PRD_TES,11.0,0.0,13.0,0.0,291,Tesouro Direto,FD00958,C00291,2026-05-13,2026T2,Private,CDB,Assessoria,6-24 meses,10,Consegui acompanhar minha carteira,291.0,22-Feb-26,TESOURO DIRETO,10,reclamacao atendimento,Chat,Resolvido,Nao ficou claro o risco do produto,Tesouro Direto
291.0,2025-11-11 00:00:00,PRD_CDB,6.0,0.0,37.1,0.0,291,CDB,FD00285,C00291,2025-11-20,2025T4,Private,CDB,Assessoria,0-6 meses,10,Informacoes estavam faceis de encontrar,291.0,15/05/2026,C.D.B.,10,cadastro,Chat,Pendente,,CDB
291.0,2025-11-11 00:00:00,PRD_CDB,6.0,0.0,37.1,0.0,291,CDB,FD00285,C00291,2025-11-20,2025T4,Private,CDB,Assessoria,0-6 meses,10,Informacoes estavam faceis de encontrar,291.0,22-Feb-26,TESOURO DIRETO,10,reclamacao atendimento,Chat,Resolvido,Nao ficou claro o risco do produto,Tesouro Direto
291.0,2025-11-11 00:00:00,PRD_CDB,6.0,0.0,37.1,0.0,291,CDB,FD00527,C00291,2026-02-22,2026T1,Private,Tesouro Direto,App,2-5 anos,10,Assessoria ajudou na decisao,291.0,15/05/2026,C.D.B.,10,cadastro,Chat,Pendente,,CDB
291.0,2025-11-11 00:00:00,PRD_CDB,6.0,0.0,37.1,0.0,291,CDB,FD00527,C00291,2026-02-22,2026T1,Private,Tesouro Direto,App,2-5 anos,10,Assessoria ajudou na decisao,291.0,22-Feb-26,TESOURO DIRETO,10,reclamacao atendimento,Chat,Resolvido,Nao ficou claro o risco do produto,Tesouro Direto
291.0,2025-11-11 00:00:00,PRD_CDB,6.0,0.0,37.1,0.0,291,CDB,FD00958,C00291,2026-05-13,2026T2,Private,CDB,Assessoria,6-24 meses,10,Consegui acompanhar minha carteira,291.0,15/05/2026,C.D.B.,10,cadastro,Chat,Pendente,,CDB
291.0,2025-11-11 00:00:00,PRD_CDB,6.0,0.0,37.1,0.0,291,CDB,FD00958,C00291,2026-05-13,2026T2,Private,CDB,Assessoria,6-24 meses,10,Consegui acompanhar minha carteira,291.0,22-Feb-26,TESOURO DIRETO,10,reclamacao atendimento,Chat,Resolvido,Nao ficou claro o risco do produto,Tesouro Direto
291.0,2026-05-22 00:00:00,PRD_CDB,6.0,0.0,23.4,0.0,291,CDB,FD00285,C00291,2025-11-20,2025T4,Private,CDB,Assessoria,0-6 meses,10,Informacoes estavam faceis de encontrar,291.0,15/05/2026,C.D.B.,10,cadastro,Chat,Pendente,,CDB
291.0,2026-05-22 00:00:00,PRD_CDB,6.0,0.0,23.4,0.0,291,CDB,FD00285,C00291,2025-11-20,2025T4,Private,CDB,Assessoria,0-6 meses,10,Informacoes estavam faceis de encontrar,291.0,22-Feb-26,TESOURO DIRETO,10,reclamacao atendimento,Chat,Resolvido,Nao ficou claro o risco do produto,Tesouro Direto
291.0,2026-05-22 00:00:00,PRD_CDB,6.0,0.0,23.4,0.0,291,CDB,FD00527,C00291,2026-02-22,2026T1,Private,Tesouro Direto,App,2-5 anos,10,Assessoria ajudou na decisao,291.0,15/05/2026,C.D.B.,10,cadastro,Chat,Pendente,,CDB
291.0,2026-05-22 00:00:00,PRD_CDB,6.0,0.0,23.4,0.0,291,CDB,FD00527,C00291,2026-02-22,2026T1,Private,Tesouro Direto,App,2-5 anos,10,Assessoria ajudou na decisao,291.0,22-Feb-26,TESOURO DIRETO,10,reclamacao atendimento,Chat,Resolvido,Nao ficou claro o risco do produto,Tesouro Direto
291.0,2026-05-22 00:00:00,PRD_CDB,6.0,0.0,23.4,0.0,291,CDB,FD00958,C00291,2026-05-13,2026T2,Private,CDB,Assessoria,6-24 meses,10,Consegui acompanhar minha carteira,291.0,15/05/2026,C.D.B.,10,cadastro,Chat,Pendente,,CDB
291.0,2026-05-22 00:00:00,PRD_CDB,6.0,0.0,23.4,0.0,291,CDB,FD00958,C00291,2026-05-13,2026T2,Private,CDB,Assessoria,6-24 meses,10,Consegui acompanhar minha carteira,291.0,22-Feb-26,TESOURO DIRETO,10,reclamacao atendimento,Chat,Resolvido,Nao ficou claro o risco do produto,Tesouro Direto
292.0,2025-10-10 00:00:00,PRD_CAR,7.0,0.0,57.3,0.0,292,Carteira Administrada,FD00247,C00292,2025-10-06,2025T4,Private,Carteira Administrada,App,2-5 anos,8,,,,,,,,,,
292.0,2025-10-10 00:00:00,PRD_CAR,7.0,0.0,57.3,0.0,292,Carteira Administrada,FD00470,C00292,2025-10-11,2025T4,Private,COE,Internet Banking,2-5 anos,9,Atendimento claro e rapido,,,,,,,,,
292.0,2025-10-19 00:00:00,PRD_COE,6.0,0.0,23.8,1.0,292,COE,FD00247,C00292,2025-10-06,2025T4,Private,Carteira Administrada,App,2-5 anos,8,,,,,,,,,,
292.0,2025-10-19 00:00:00,PRD_COE,6.0,0.0,23.8,1.0,292,COE,FD00470,C00292,2025-10-11,2025T4,Private,COE,Internet Banking,2-5 anos,9,Atendimento claro e rapido,,,,,,,,,
293.0,2026-01-10 00:00:00,PRD_CAR,3.0,0.0,31.7,0.0,293,Carteira Administrada,FD00197,C00293,2025-09-13,2025T3,Varejo,Tesouro Direto,Assessoria,6-24 meses,8,Tive duvida sobre rentabilidade,293.0,14/09/2025,TESOURO DIRETO,8,duvida rentabilidade,Chat,Resolvido,"Experiencia ok, mas poderia ser mais simples",Tesouro Direto
293.0,2026-01-10 00:00:00,PRD_CAR,3.0,0.0,31.7,0.0,293,Carteira Administrada,FD00197,C00293,2025-09-13,2025T3,Varejo,Tesouro Direto,Assessoria,6-24 meses,8,Tive duvida sobre rentabilidade,293.0,01-17-2026,Carteira Administrada,10,reclamacao atendimento,Chat,Resolvido,"Experiencia ok, mas poderia ser mais simples",Carteira Administrada
293.0,2026-01-10 00:00:00,PRD_CAR,3.0,0.0,31.7,0.0,293,Carteira Administrada,FD00537,C00293,2026-01-18,2026T1,Varejo,Carteira Administrada,Assessoria,2-5 anos,10,Consegui acompanhar minha carteira,293.0,14/09/2025,TESOURO DIRETO,8,duvida rentabilidade,Chat,Resolvido,"Experiencia ok, mas poderia ser mais simples",Tesouro Direto
293.0,2026-01-10 00:00:00,PRD_CAR,3.0,0.0,31.7,0.0,293,Carteira Administrada,FD00537,C00293,2026-01-18,2026T1,Varejo,Carteira Administrada,Assessoria,2-5 anos,10,Consegui acompanhar minha carteira,293.0,01-17-2026,Carteira Administrada,10,reclamacao atendimento,Chat,Resolvido,"Experiencia ok, mas poderia ser mais simples",Carteira Administrada
293.0,2025-09-11 00:00:00,PRD_TES,4.0,1.0,10.3,0.0,293,Tesouro Direto,FD00197,C00293,2025-09-13,2025T3,Varejo,Tesouro Direto,Assessoria,6-24 meses,8,Tive duvida sobre rentabilidade,293.0,14/09/2025,TESOURO DIRETO,8,duvida rentabilidade,Chat,Resolvido,"Experiencia ok, mas poderia ser mais simples",Tesouro Direto
293.0,2025-09-11 00:00:00,PRD_TES,4.0,1.0,10.3,0.0,293,Tesouro Direto,FD00197,C00293,2025-09-13,2025T3,Varejo,Tesouro Direto,Assessoria,6-24 meses,8,Tive duvida sobre rentabilidade,293.0,01-17-2026,Carteira Administrada,10,reclamacao atendimento,Chat,Resolvido,"Experiencia ok, mas poderia ser mais simples",Carteira Administrada
293.0,2025-09-11 00:00:00,PRD_TES,4.0,1.0,10.3,0.0,293,Tesouro Direto,FD00537,C00293,2026-01-18,2026T1,Varejo,Carteira Administrada,Assessoria,2-5 anos,10,Consegui acompanhar minha carteira,293.0,14/09/2025,TESOURO DIRETO,8,duvida rentabilidade,Chat,Resolvido,"Experiencia ok, mas poderia ser mais simples",Tesouro Direto
293.0,2025-09-11 00:00:00,PRD_TES,4.0,1.0,10.3,0.0,293,Tesouro Direto,FD00537,C00293,2026-01-18,2026T1,Varejo,Carteira Administrada,Assessoria,2-5 anos,10,Consegui acompanhar minha carteira,293.0,01-17-2026,Carteira Administrada,10,reclamacao atendimento,Chat,Resolvido,"Experiencia ok, mas poderia ser mais simples",Carteira Administrada
294.0,2025-11-26 00:00:00,PRD_COE,10.0,0.0,6.2,0.0,294,COE,FD00334,C00294,2025-12-01,2025T4,Alta Renda,COE,Central de Atendimento,2-5 anos,10,Atendimento claro e rapido,,,,,,,,,
294.0,2025-11-26 00:00:00,PRD_COE,10.0,0.0,6.2,0.0,294,COE,FD00571,C00294,2026-02-20,2026T1,Alta Renda,CDB,App,2-5 anos,7,"Atendimento resolveu, mas demorou",,,,,,,,,
294.0,2025-11-26 00:00:00,PRD_COE,10.0,0.0,6.2,0.0,294,COE,FD00749,C00294,2026-04-26,2026T2,Alta Renda,Tesouro Direto,Central de Atendimento,2-5 anos,10,Consegui acompanhar minha carteira,,,,,,,,,
294.0,2025-11-26 00:00:00,PRD_COE,10.0,0.0,6.2,0.0,294,COE,FD00773,C00294,2026-04-30,2026T2,Alta Renda,COE,Internet Banking,0-6 meses,9,Assessoria ajudou na decisao,,,,,,,,,
294.0,2026-04-25 00:00:00,PRD_TES,3.0,0.0,27.6,0.0,294,Tesouro Direto,FD00334,C00294,2025-12-01,2025T4,Alta Renda,COE,Central de Atendimento,2-5 anos,10,Atendimento claro e rapido,,,,,,,,,
294.0,2026-04-25 00:00:00,PRD_TES,3.0,0.0,27.6,0.0,294,Tesouro Direto,FD00571,C00294,2026-02-20,2026T1,Alta Renda,CDB,App,2-5 anos,7,"Atendimento resolveu, mas demorou",,,,,,,,,
294.0,2026-04-25 00:00:00,PRD_TES,3.0,0.0,27.6,0.0,294,Tesouro Direto,FD00749,C00294,2026-04-26,2026T2,Alta Renda,Tesouro Direto,Central de Atendimento,2-5 anos,10,Consegui acompanhar minha carteira,,,,,,,,,
294.0,2026-04-25 00:00:00,PRD_TES,3.0,0.0,27.6,0.0,294,Tesouro Direto,FD00773,C00294,2026-04-30,2026T2,Alta Renda,COE,Internet Banking,0-6 meses,9,Assessoria ajudou na decisao,,,,,,,,,
294.0,2026-04-28 00:00:00,PRD_COE,2.0,0.0,18.3,1.0,294,COE,FD00334,C00294,2025-12-01,2025T4,Alta Renda,COE,Central de Atendimento,2-5 anos,10,Atendimento claro e rapido,,,,,,,,,
294.0,2026-04-28 00:00:00,PRD_COE,2.0,0.0,18.3,1.0,294,COE,FD00571,C00294,2026-02-20,2026T1,Alta Renda,CDB,App,2-5 anos,7,"Atendimento resolveu, mas demorou",,,,,,,,,
294.0,2026-04-28 00:00:00,PRD_COE,2.0,0.0,18.3,1.0,294,COE,FD00749,C00294,2026-04-26,2026T2,Alta Renda,Tesouro Direto,Central de Atendimento,2-5 anos,10,Consegui acompanhar minha carteira,,,,,,,,,
294.0,2026-04-28 00:00:00,PRD_COE,2.0,0.0,18.3,1.0,294,COE,FD00773,C00294,2026-04-30,2026T2,Alta Renda,COE,Internet Banking,0-6 meses,9,Assessoria ajudou na decisao,,,,,,,,,
295.0,2026-01-11 00:00:00,PRD_CDB,6.0,0.0,6.5,0.0,295,CDB,FD00575,C00295,2026-01-09,2026T1,Private,CDB,Internet Banking,2-5 anos,10,Assessoria ajudou na decisao,,,,,,,,,
295.0,2026-01-11 00:00:00,PRD_CDB,6.0,0.0,6.5,0.0,295,CDB,FD00742,C00295,2026-04-20,2026T2,Private,Tesouro Direto,App,6-24 meses,7,Tive duvida sobre rentabilidade,,,,,,,,,
295.0,2026-01-11 00:00:00,PRD_CDB,6.0,0.0,6.5,0.0,295,CDB,FD00923,C00295,2026-06-19,2026T2,Private,CDB,App,6-24 meses,9,Consegui acompanhar minha carteira,,,,,,,,,
295.0,2026-04-30 00:00:00,PRD_TES,8.0,0.0,17.7,0.0,295,Tesouro Direto,FD00575,C00295,2026-01-09,2026T1,Private,CDB,Internet Banking,2-5 anos,10,Assessoria ajudou na decisao,,,,,,,,,
295.0,2026-04-30 00:00:00,PRD_TES,8.0,0.0,17.7,0.0,295,Tesouro Direto,FD00742,C00295,2026-04-20,2026T2,Private,Tesouro Direto,App,6-24 meses,7,Tive duvida sobre rentabilidade,,,,,,,,,
295.0,2026-04-30 00:00:00,PRD_TES,8.0,0.0,17.7,0.0,295,Tesouro Direto,FD00923,C00295,2026-06-19,2026T2,Private,CDB,App,6-24 meses,9,Consegui acompanhar minha carteira,,,,,,,,,
295.0,2026-06-12 00:00:00,PRD_CDB,7.0,0.0,19.1,0.0,295,CDB,FD00575,C00295,2026-01-09,2026T1,Private,CDB,Internet Banking,2-5 anos,10,Assessoria ajudou na decisao,,,,,,,,,
295.0,2026-06-12 00:00:00,PRD_CDB,7.0,0.0,19.1,0.0,295,CDB,FD00742,C00295,2026-04-20,2026T2,Private,Tesouro Direto,App,6-24 meses,7,Tive duvida sobre rentabilidade,,,,,,,,,
295.0,2026-06-12 00:00:00,PRD_CDB,7.0,0.0,19.1,0.0,295,CDB,FD00923,C00295,2026-06-19,2026T2,Private,CDB,App,6-24 meses,9,Consegui acompanhar minha carteira,,,,,,,,,
296.0,2025-08-07 00:00:00,PRD_COE,9.0,0.0,15.0,0.0,296,COE,FD00225,C00296,2025-08-08,2025T3,Alta Renda,COE,App,2-5 anos,10,Assessoria ajudou na decisao,296.0,08-09-2025,C.O.E.,,duvida rentabilidade,Chat,Resolvido,,COE
296.0,2025-08-07 00:00:00,PRD_COE,9.0,0.0,15.0,0.0,296,COE,FD00234,C00296,2025-10-03,2025T4,Alta Renda,CDB,Internet Banking,6-24 meses,9,Atendimento claro e rapido,296.0,08-09-2025,C.O.E.,,duvida rentabilidade,Chat,Resolvido,,COE
296.0,2025-10-07 00:00:00,PRD_CDB,3.0,0.0,22.8,1.0,296,CDB,FD00225,C00296,2025-08-08,2025T3,Alta Renda,COE,App,2-5 anos,10,Assessoria ajudou na decisao,296.0,08-09-2025,C.O.E.,,duvida rentabilidade,Chat,Resolvido,,COE
296.0,2025-10-07 00:00:00,PRD_CDB,3.0,0.0,22.8,1.0,296,CDB,FD00234,C00296,2025-10-03,2025T4,Alta Renda,CDB,Internet Banking,6-24 meses,9,Atendimento claro e rapido,296.0,08-09-2025,C.O.E.,,duvida rentabilidade,Chat,Resolvido,,COE
297.0,2025-07-03 00:00:00,PRD_FND,4.0,0.0,17.7,0.0,297,Fundos,FD00081,C00297,2025-07-04,2025T3,Varejo,Fundos,Central de Atendimento,6-24 meses,6,Informacoes divergentes sobre o produto,297.0,04/04/2026,Carteira Adm,9,acesso app,Chat,Resolvido,Atendimento claro e rapido,Carteira Administrada
297.0,2025-07-03 00:00:00,PRD_FND,4.0,0.0,17.7,0.0,297,Fundos,FD00812,C00297,2026-06-30,2026T2,Varejo,COE,App,0-6 meses,3,Nao entendi a cobranca,297.0,04/04/2026,Carteira Adm,9,acesso app,Chat,Resolvido,Atendimento claro e rapido,Carteira Administrada
297.0,2025-07-03 00:00:00,PRD_FND,4.0,0.0,17.7,0.0,297,Fundos,FD00813,C00297,2026-05-01,2026T2,Varejo,Fundos,Internet Banking,2-5 anos,10,Consegui acompanhar minha carteira,297.0,04/04/2026,Carteira Adm,9,acesso app,Chat,Resolvido,Atendimento claro e rapido,Carteira Administrada
297.0,2025-07-03 00:00:00,PRD_FND,4.0,0.0,17.7,0.0,297,Fundos,FD00963,C00297,2026-04-05,2026T2,Varejo,Carteira Administrada,App,6-24 meses,10,Informacoes estavam faceis de encontrar,297.0,04/04/2026,Carteira Adm,9,acesso app,Chat,Resolvido,Atendimento claro e rapido,Carteira Administrada
297.0,2026-04-08 00:00:00,PRD_CAR,6.0,0.0,83.8,0.0,297,Carteira Administrada,FD00081,C00297,2025-07-04,2025T3,Varejo,Fundos,Central de Atendimento,6-24 meses,6,Informacoes divergentes sobre o produto,297.0,04/04/2026,Carteira Adm,9,acesso app,Chat,Resolvido,Atendimento claro e rapido,Carteira Administrada
297.0,2026-04-08 00:00:00,PRD_CAR,6.0,0.0,83.8,0.0,297,Carteira Administrada,FD00812,C00297,2026-06-30,2026T2,Varejo,COE,App,0-6 meses,3,Nao entendi a cobranca,297.0,04/04/2026,Carteira Adm,9,acesso app,Chat,Resolvido,Atendimento claro e rapido,Carteira Administrada
297.0,2026-04-08 00:00:00,PRD_CAR,6.0,0.0,83.8,0.0,297,Carteira Administrada,FD00813,C00297,2026-05-01,2026T2,Varejo,Fundos,Internet Banking,2-5 anos,10,Consegui acompanhar minha carteira,297.0,04/04/2026,Carteira Adm,9,acesso app,Chat,Resolvido,Atendimento claro e rapido,Carteira Administrada
297.0,2026-04-08 00:00:00,PRD_CAR,6.0,0.0,83.8,0.0,297,Carteira Administrada,FD00963,C00297,2026-04-05,2026T2,Varejo,Carteira Administrada,App,6-24 meses,10,Informacoes estavam faceis de encontrar,297.0,04/04/2026,Carteira Adm,9,acesso app,Chat,Resolvido,Atendimento claro e rapido,Carteira Administrada
297.0,2026-06-20 00:00:00,PRD_COE,8.0,0.0,1.0,0.0,297,COE,FD00081,C00297,2025-07-04,2025T3,Varejo,Fundos,Central de Atendimento,6-24 meses,6,Informacoes divergentes sobre o produto,297.0,04/04/2026,Carteira Adm,9,acesso app,Chat,Resolvido,Atendimento claro e rapido,Carteira Administrada
297.0,2026-06-20 00:00:00,PRD_COE,8.0,0.0,1.0,0.0,297,COE,FD00812,C00297,2026-06-30,2026T2,Varejo,COE,App,0-6 meses,3,Nao entendi a cobranca,297.0,04/04/2026,Carteira Adm,9,acesso app,Chat,Resolvido,Atendimento claro e rapido,Carteira Administrada
297.0,2026-06-20 00:00:00,PRD_COE,8.0,0.0,1.0,0.0,297,COE,FD00813,C00297,2026-05-01,2026T2,Varejo,Fundos,Internet Banking,2-5 anos,10,Consegui acompanhar minha carteira,297.0,04/04/2026,Carteira Adm,9,acesso app,Chat,Resolvido,Atendimento claro e rapido,Carteira Administrada
297.0,2026-06-20 00:00:00,PRD_COE,8.0,0.0,1.0,0.0,297,COE,FD00963,C00297,2026-04-05,2026T2,Varejo,Carteira Administrada,App,6-24 meses,10,Informacoes estavam faceis de encontrar,297.0,04/04/2026,Carteira Adm,9,acesso app,Chat,Resolvido,Atendimento claro e rapido,Carteira Administrada
297.0,2026-05-01 00:00:00,PRD_FND,7.0,0.0,16.0,0.0,297,Fundos,FD00081,C00297,2025-07-04,2025T3,Varejo,Fundos,Central de Atendimento,6-24 meses,6,Informacoes divergentes sobre o produto,297.0,04/04/2026,Carteira Adm,9,acesso app,Chat,Resolvido,Atendimento claro e rapido,Carteira Administrada
297.0,2026-05-01 00:00:00,PRD_FND,7.0,0.0,16.0,0.0,297,Fundos,FD00812,C00297,2026-06-30,2026T2,Varejo,COE,App,0-6 meses,3,Nao entendi a cobranca,297.0,04/04/2026,Carteira Adm,9,acesso app,Chat,Resolvido,Atendimento claro e rapido,Carteira Administrada
297.0,2026-05-01 00:00:00,PRD_FND,7.0,0.0,16.0,0.0,297,Fundos,FD00813,C00297,2026-05-01,2026T2,Varejo,Fundos,Internet Banking,2-5 anos,10,Consegui acompanhar minha carteira,297.0,04/04/2026,Carteira Adm,9,acesso app,Chat,Resolvido,Atendimento claro e rapido,Carteira Administrada
297.0,2026-05-01 00:00:00,PRD_FND,7.0,0.0,16.0,0.0,297,Fundos,FD00963,C00297,2026-04-05,2026T2,Varejo,Carteira Administrada,App,6-24 meses,10,Informacoes estavam faceis de encontrar,297.0,04/04/2026,Carteira Adm,9,acesso app,Chat,Resolvido,Atendimento claro e rapido,Carteira Administrada
298.0,2026-03-02 00:00:00,PRD_FND,11.0,0.0,35.4,0.0,298,Fundos,FD00517,C00298,2026-01-29,2026T1,Private,Tesouro Direto,Internet Banking,6-24 meses,8,"Experiencia ok, mas poderia ser mais simples",298.0,29-Jan-26,Tesouro,,duvida rentabilidade,Telefone,Pendente,Consegui acompanhar minha carteira,Tesouro Direto
298.0,2026-03-02 00:00:00,PRD_FND,11.0,0.0,35.4,0.0,298,Fundos,FD00517,C00298,2026-01-29,2026T1,Private,Tesouro Direto,Internet Banking,6-24 meses,8,"Experiencia ok, mas poderia ser mais simples",298.0,17/01/2026,TESOURO DIRETO,7,reclamacao atendimento,E-mail,Resolvido,Nao ficou claro o risco do produto,Tesouro Direto
298.0,2026-03-02 00:00:00,PRD_FND,11.0,0.0,35.4,0.0,298,Fundos,FD00517,C00298,2026-01-29,2026T1,Private,Tesouro Direto,Internet Banking,6-24 meses,8,"Experiencia ok, mas poderia ser mais simples",298.0,29-Jan-26,Tesouro,,duvida rentabilidade,Telefone,Pendente,Consegui acompanhar minha carteira,Tesouro Direto
298.0,2026-03-02 00:00:00,PRD_FND,11.0,0.0,35.4,0.0,298,Fundos,FD00627,C00298,2026-02-28,2026T1,Private,Fundos,App,2-5 anos,9,Boa experiencia no aplicativo,298.0,29-Jan-26,Tesouro,,duvida rentabilidade,Telefone,Pendente,Consegui acompanhar minha carteira,Tesouro Direto
298.0,2026-03-02 00:00:00,PRD_FND,11.0,0.0,35.4,0.0,298,Fundos,FD00627,C00298,2026-02-28,2026T1,Private,Fundos,App,2-5 anos,9,Boa experiencia no aplicativo,298.0,17/01/2026,TESOURO DIRETO,7,reclamacao atendimento,E-mail,Resolvido,Nao ficou claro o risco do produto,Tesouro Direto
298.0,2026-03-02 00:00:00,PRD_FND,11.0,0.0,35.4,0.0,298,Fundos,FD00627,C00298,2026-02-28,2026T1,Private,Fundos,App,2-5 anos,9,Boa experiencia no aplicativo,298.0,29-Jan-26,Tesouro,,duvida rentabilidade,Telefone,Pendente,Consegui acompanhar minha carteira,Tesouro Direto
298.0,2026-03-02 00:00:00,PRD_FND,11.0,0.0,35.4,0.0,298,Fundos,FD00677,C00298,2026-01-17,2026T1,Private,Tesouro Direto,App,2-5 anos,7,"Experiencia ok, mas poderia ser mais simples",298.0,29-Jan-26,Tesouro,,duvida rentabilidade,Telefone,Pendente,Consegui acompanhar minha carteira,Tesouro Direto
298.0,2026-03-02 00:00:00,PRD_FND,11.0,0.0,35.4,0.0,298,Fundos,FD00677,C00298,2026-01-17,2026T1,Private,Tesouro Direto,App,2-5 anos,7,"Experiencia ok, mas poderia ser mais simples",298.0,17/01/2026,TESOURO DIRETO,7,reclamacao atendimento,E-mail,Resolvido,Nao ficou claro o risco do produto,Tesouro Direto
298.0,2026-03-02 00:00:00,PRD_FND,11.0,0.0,35.4,0.0,298,Fundos,FD00677,C00298,2026-01-17,2026T1,Private,Tesouro Direto,App,2-5 anos,7,"Experiencia ok, mas poderia ser mais simples",298.0,29-Jan-26,Tesouro,,duvida rentabilidade,Telefone,Pendente,Consegui acompanhar minha carteira,Tesouro Direto
298.0,2026-03-02 00:00:00,PRD_FND,11.0,0.0,35.4,0.0,298,Fundos,FD00627,C00298,2026-02-28,2026T1,Private,Fundos,App,2-5 anos,9,Boa experiencia no aplicativo,298.0,29-Jan-26,Tesouro,,duvida rentabilidade,Telefone,Pendente,Consegui acompanhar minha carteira,Tesouro Direto
298.0,2026-03-02 00:00:00,PRD_FND,11.0,0.0,35.4,0.0,298,Fundos,FD00627,C00298,2026-02-28,2026T1,Private,Fundos,App,2-5 anos,9,Boa experiencia no aplicativo,298.0,17/01/2026,TESOURO DIRETO,7,reclamacao atendimento,E-mail,Resolvido,Nao ficou claro o risco do produto,Tesouro Direto
298.0,2026-03-02 00:00:00,PRD_FND,11.0,0.0,35.4,0.0,298,Fundos,FD00627,C00298,2026-02-28,2026T1,Private,Fundos,App,2-5 anos,9,Boa experiencia no aplicativo,298.0,29-Jan-26,Tesouro,,duvida rentabilidade,Telefone,Pendente,Consegui acompanhar minha carteira,Tesouro Direto
298.0,2026-01-23 00:00:00,PRD_TES,3.0,0.0,4.9,0.0,298,Tesouro Direto,FD00517,C00298,2026-01-29,2026T1,Private,Tesouro Direto,Internet Banking,6-24 meses,8,"Experiencia ok, mas poderia ser mais simples",298.0,29-Jan-26,Tesouro,,duvida rentabilidade,Telefone,Pendente,Consegui acompanhar minha carteira,Tesouro Direto
298.0,2026-01-23 00:00:00,PRD_TES,3.0,0.0,4.9,0.0,298,Tesouro Direto,FD00517,C00298,2026-01-29,2026T1,Private,Tesouro Direto,Internet Banking,6-24 meses,8,"Experiencia ok, mas poderia ser mais simples",298.0,17/01/2026,TESOURO DIRETO,7,reclamacao atendimento,E-mail,Resolvido,Nao ficou claro o risco do produto,Tesouro Direto
298.0,2026-01-23 00:00:00,PRD_TES,3.0,0.0,4.9,0.0,298,Tesouro Direto,FD00517,C00298,2026-01-29,2026T1,Private,Tesouro Direto,Internet Banking,6-24 meses,8,"Experiencia ok, mas poderia ser mais simples",298.0,29-Jan-26,Tesouro,,duvida rentabilidade,Telefone,Pendente,Consegui acompanhar minha carteira,Tesouro Direto
298.0,2026-01-23 00:00:00,PRD_TES,3.0,0.0,4.9,0.0,298,Tesouro Direto,FD00627,C00298,2026-02-28,2026T1,Private,Fundos,App,2-5 anos,9,Boa experiencia no aplicativo,298.0,29-Jan-26,Tesouro,,duvida rentabilidade,Telefone,Pendente,Consegui acompanhar minha carteira,Tesouro Direto
298.0,2026-01-23 00:00:00,PRD_TES,3.0,0.0,4.9,0.0,298,Tesouro Direto,FD00627,C00298,2026-02-28,2026T1,Private,Fundos,App,2-5 anos,9,Boa experiencia no aplicativo,298.0,17/01/2026,TESOURO DIRETO,7,reclamacao atendimento,E-mail,Resolvido,Nao ficou claro o risco do produto,Tesouro Direto
298.0,2026-01-23 00:00:00,PRD_TES,3.0,0.0,4.9,0.0,298,Tesouro Direto,FD00627,C00298,2026-02-28,2026T1,Private,Fundos,App,2-5 anos,9,Boa experiencia no aplicativo,298.0,29-Jan-26,Tesouro,,duvida rentabilidade,Telefone,Pendente,Consegui acompanhar minha carteira,Tesouro Direto
298.0,2026-01-23 00:00:00,PRD_TES,3.0,0.0,4.9,0.0,298,Tesouro Direto,FD00677,C00298,2026-01-17,2026T1,Private,Tesouro Direto,App,2-5 anos,7,"Experiencia ok, mas poderia ser mais simples",298.0,29-Jan-26,Tesouro,,duvida rentabilidade,Telefone,Pendente,Consegui acompanhar minha carteira,Tesouro Direto
298.0,2026-01-23 00:00:00,PRD_TES,3.0,0.0,4.9,0.0,298,Tesouro Direto,FD00677,C00298,2026-01-17,2026T1,Private,Tesouro Direto,App,2-5 anos,7,"Experiencia ok, mas poderia ser mais simples",298.0,17/01/2026,TESOURO DIRETO,7,reclamacao atendimento,E-mail,Resolvido,Nao ficou claro o risco do produto,Tesouro Direto
298.0,2026-01-23 00:00:00,PRD_TES,3.0,0.0,4.9,0.0,298,Tesouro Direto,FD00677,C00298,2026-01-17,2026T1,Private,Tesouro Direto,App,2-5 anos,7,"Experiencia ok, mas poderia ser mais simples",298.0,29-Jan-26,Tesouro,,duvida rentabilidade,Telefone,Pendente,Consegui acompanhar minha carteira,Tesouro Direto
298.0,2026-01-23 00:00:00,PRD_TES,3.0,0.0,4.9,0.0,298,Tesouro Direto,FD00627,C00298,2026-02-28,2026T1,Private,Fundos,App,2-5 anos,9,Boa experiencia no aplicativo,298.0,29-Jan-26,Tesouro,,duvida rentabilidade,Telefone,Pendente,Consegui acompanhar minha carteira,Tesouro Direto
298.0,2026-01-23 00:00:00,PRD_TES,3.0,0.0,4.9,0.0,298,Tesouro Direto,FD00627,C00298,2026-02-28,2026T1,Private,Fundos,App,2-5 anos,9,Boa experiencia no aplicativo,298.0,17/01/2026,TESOURO DIRETO,7,reclamacao atendimento,E-mail,Resolvido,Nao ficou claro o risco do produto,Tesouro Direto
298.0,2026-01-23 00:00:00,PRD_TES,3.0,0.0,4.9,0.0,298,Tesouro Direto,FD00627,C00298,2026-02-28,2026T1,Private,Fundos,App,2-5 anos,9,Boa experiencia no aplicativo,298.0,29-Jan-26,Tesouro,,duvida rentabilidade,Telefone,Pendente,Consegui acompanhar minha carteira,Tesouro Direto
298.0,2026-01-07 00:00:00,PRD_TES,11.0,0.0,24.6,0.0,298,Tesouro Direto,FD00517,C00298,2026-01-29,2026T1,Private,Tesouro Direto,Internet Banking,6-24 meses,8,"Experiencia ok, mas poderia ser mais simples",298.0,29-Jan-26,Tesouro,,duvida rentabilidade,Telefone,Pendente,Consegui acompanhar minha carteira,Tesouro Direto
298.0,2026-01-07 00:00:00,PRD_TES,11.0,0.0,24.6,0.0,298,Tesouro Direto,FD00517,C00298,2026-01-29,2026T1,Private,Tesouro Direto,Internet Banking,6-24 meses,8,"Experiencia ok, mas poderia ser mais simples",298.0,17/01/2026,TESOURO DIRETO,7,reclamacao atendimento,E-mail,Resolvido,Nao ficou claro o risco do produto,Tesouro Direto
298.0,2026-01-07 00:00:00,PRD_TES,11.0,0.0,24.6,0.0,298,Tesouro Direto,FD00517,C00298,2026-01-29,2026T1,Private,Tesouro Direto,Internet Banking,6-24 meses,8,"Experiencia ok, mas poderia ser mais simples",298.0,29-Jan-26,Tesouro,,duvida rentabilidade,Telefone,Pendente,Consegui acompanhar minha carteira,Tesouro Direto
298.0,2026-01-07 00:00:00,PRD_TES,11.0,0.0,24.6,0.0,298,Tesouro Direto,FD00627,C00298,2026-02-28,2026T1,Private,Fundos,App,2-5 anos,9,Boa experiencia no aplicativo,298.0,29-Jan-26,Tesouro,,duvida rentabilidade,Telefone,Pendente,Consegui acompanhar minha carteira,Tesouro Direto
298.0,2026-01-07 00:00:00,PRD_TES,11.0,0.0,24.6,0.0,298,Tesouro Direto,FD00627,C00298,2026-02-28,2026T1,Private,Fundos,App,2-5 anos,9,Boa experiencia no aplicativo,298.0,17/01/2026,TESOURO DIRETO,7,reclamacao atendimento,E-mail,Resolvido,Nao ficou claro o risco do produto,Tesouro Direto
298.0,2026-01-07 00:00:00,PRD_TES,11.0,0.0,24.6,0.0,298,Tesouro Direto,FD00627,C00298,2026-02-28,2026T1,Private,Fundos,App,2-5 anos,9,Boa experiencia no aplicativo,298.0,29-Jan-26,Tesouro,,duvida rentabilidade,Telefone,Pendente,Consegui acompanhar minha carteira,Tesouro Direto
298.0,2026-01-07 00:00:00,PRD_TES,11.0,0.0,24.6,0.0,298,Tesouro Direto,FD00677,C00298,2026-01-17,2026T1,Private,Tesouro Direto,App,2-5 anos,7,"Experiencia ok, mas poderia ser mais simples",298.0,29-Jan-26,Tesouro,,duvida rentabilidade,Telefone,Pendente,Consegui acompanhar minha carteira,Tesouro Direto
298.0,2026-01-07 00:00:00,PRD_TES,11.0,0.0,24.6,0.0,298,Tesouro Direto,FD00677,C00298,2026-01-17,2026T1,Private,Tesouro Direto,App,2-5 anos,7,"Experiencia ok, mas poderia ser mais simples",298.0,17/01/2026,TESOURO DIRETO,7,reclamacao atendimento,E-mail,Resolvido,Nao ficou claro o risco do produto,Tesouro Direto
298.0,2026-01-07 00:00:00,PRD_TES,11.0,0.0,24.6,0.0,298,Tesouro Direto,FD00677,C00298,2026-01-17,2026T1,Private,Tesouro Direto,App,2-5 anos,7,"Experiencia ok, mas poderia ser mais simples",298.0,29-Jan-26,Tesouro,,duvida rentabilidade,Telefone,Pendente,Consegui acompanhar minha carteira,Tesouro Direto
298.0,2026-01-07 00:00:00,PRD_TES,11.0,0.0,24.6,0.0,298,Tesouro Direto,FD00627,C00298,2026-02-28,2026T1,Private,Fundos,App,2-5 anos,9,Boa experiencia no aplicativo,298.0,29-Jan-26,Tesouro,,duvida rentabilidade,Telefone,Pendente,Consegui acompanhar minha carteira,Tesouro Direto
298.0,2026-01-07 00:00:00,PRD_TES,11.0,0.0,24.6,0.0,298,Tesouro Direto,FD00627,C00298,2026-02-28,2026T1,Private,Fundos,App,2-5 anos,9,Boa experiencia no aplicativo,298.0,17/01/2026,TESOURO DIRETO,7,reclamacao atendimento,E-mail,Resolvido,Nao ficou claro o risco do produto,Tesouro Direto
298.0,2026-01-07 00:00:00,PRD_TES,11.0,0.0,24.6,0.0,298,Tesouro Direto,FD00627,C00298,2026-02-28,2026T1,Private,Fundos,App,2-5 anos,9,Boa experiencia no aplicativo,298.0,29-Jan-26,Tesouro,,duvida rentabilidade,Telefone,Pendente,Consegui acompanhar minha carteira,Tesouro Direto
299.0,2025-08-06 00:00:00,PRD_CDB,2.0,0.0,26.4,0.0,299,CDB,FD00196,C00299,2025-08-16,2025T3,Varejo,CDB,Assessoria,6-24 meses,6,Nao entendi a cobranca,299.0,13/08/2025,cdb,6,duvida rentabilidade,Telefone,Reaberto,Aplicativo poderia explicar melhor,CDB
299.0,2025-08-06 00:00:00,PRD_CDB,2.0,0.0,26.4,0.0,299,CDB,FD00196,C00299,2025-08-16,2025T3,Varejo,CDB,Assessoria,6-24 meses,6,Nao entendi a cobranca,299.0,06-Feb-26,Carteira Administrada,10,reclamacao atendimento,E-mail,Pendente,Nao consegui falar com assessor,Carteira Administrada
299.0,2025-08-06 00:00:00,PRD_CDB,2.0,0.0,26.4,0.0,299,CDB,FD00232,C00299,2025-12-13,2025T4,Varejo,Tesouro Direto,Assessoria,0-6 meses,3,Nao consegui falar com assessor,299.0,13/08/2025,cdb,6,duvida rentabilidade,Telefone,Reaberto,Aplicativo poderia explicar melhor,CDB
299.0,2025-08-06 00:00:00,PRD_CDB,2.0,0.0,26.4,0.0,299,CDB,FD00232,C00299,2025-12-13,2025T4,Varejo,Tesouro Direto,Assessoria,0-6 meses,3,Nao consegui falar com assessor,299.0,06-Feb-26,Carteira Administrada,10,reclamacao atendimento,E-mail,Pendente,Nao consegui falar com assessor,Carteira Administrada
299.0,2025-08-06 00:00:00,PRD_CDB,2.0,0.0,26.4,0.0,299,CDB,FD00573,C00299,2026-01-29,2026T1,Varejo,CDB,App,6-24 meses,9,Boa experiencia no aplicativo,299.0,13/08/2025,cdb,6,duvida rentabilidade,Telefone,Reaberto,Aplicativo poderia explicar melhor,CDB
299.0,2025-08-06 00:00:00,PRD_CDB,2.0,0.0,26.4,0.0,299,CDB,FD00573,C00299,2026-01-29,2026T1,Varejo,CDB,App,6-24 meses,9,Boa experiencia no aplicativo,299.0,06-Feb-26,Carteira Administrada,10,reclamacao atendimento,E-mail,Pendente,Nao consegui falar com assessor,Carteira Administrada
299.0,2025-08-06 00:00:00,PRD_CDB,2.0,0.0,26.4,0.0,299,CDB,FD00586,C00299,2026-02-09,2026T1,Varejo,Carteira Administrada,Assessoria,2-5 anos,10,Atendimento claro e rapido,299.0,13/08/2025,cdb,6,duvida rentabilidade,Telefone,Reaberto,Aplicativo poderia explicar melhor,CDB
299.0,2025-08-06 00:00:00,PRD_CDB,2.0,0.0,26.4,0.0,299,CDB,FD00586,C00299,2026-02-09,2026T1,Varejo,Carteira Administrada,Assessoria,2-5 anos,10,Atendimento claro e rapido,299.0,06-Feb-26,Carteira Administrada,10,reclamacao atendimento,E-mail,Pendente,Nao consegui falar com assessor,Carteira Administrada
299.0,2025-12-09 00:00:00,PRD_TES,3.0,0.0,10.6,0.0,299,Tesouro Direto,FD00196,C00299,2025-08-16,2025T3,Varejo,CDB,Assessoria,6-24 meses,6,Nao entendi a cobranca,299.0,13/08/2025,cdb,6,duvida rentabilidade,Telefone,Reaberto,Aplicativo poderia explicar melhor,CDB
299.0,2025-12-09 00:00:00,PRD_TES,3.0,0.0,10.6,0.0,299,Tesouro Direto,FD00196,C00299,2025-08-16,2025T3,Varejo,CDB,Assessoria,6-24 meses,6,Nao entendi a cobranca,299.0,06-Feb-26,Carteira Administrada,10,reclamacao atendimento,E-mail,Pendente,Nao consegui falar com assessor,Carteira Administrada
299.0,2025-12-09 00:00:00,PRD_TES,3.0,0.0,10.6,0.0,299,Tesouro Direto,FD00232,C00299,2025-12-13,2025T4,Varejo,Tesouro Direto,Assessoria,0-6 meses,3,Nao consegui falar com assessor,299.0,13/08/2025,cdb,6,duvida rentabilidade,Telefone,Reaberto,Aplicativo poderia explicar melhor,CDB
299.0,2025-12-09 00:00:00,PRD_TES,3.0,0.0,10.6,0.0,299,Tesouro Direto,FD00232,C00299,2025-12-13,2025T4,Varejo,Tesouro Direto,Assessoria,0-6 meses,3,Nao consegui falar com assessor,299.0,06-Feb-26,Carteira Administrada,10,reclamacao atendimento,E-mail,Pendente,Nao consegui falar com assessor,Carteira Administrada
299.0,2025-12-09 00:00:00,PRD_TES,3.0,0.0,10.6,0.0,299,Tesouro Direto,FD00573,C00299,2026-01-29,2026T1,Varejo,CDB,App,6-24 meses,9,Boa experiencia no aplicativo,299.0,13/08/2025,cdb,6,duvida rentabilidade,Telefone,Reaberto,Aplicativo poderia explicar melhor,CDB
299.0,2025-12-09 00:00:00,PRD_TES,3.0,0.0,10.6,0.0,299,Tesouro Direto,FD00573,C00299,2026-01-29,2026T1,Varejo,CDB,App,6-24 meses,9,Boa experiencia no aplicativo,299.0,06-Feb-26,Carteira Administrada,10,reclamacao atendimento,E-mail,Pendente,Nao consegui falar com assessor,Carteira Administrada
299.0,2025-12-09 00:00:00,PRD_TES,3.0,0.0,10.6,0.0,299,Tesouro Direto,FD00586,C00299,2026-02-09,2026T1,Varejo,Carteira Administrada,Assessoria,2-5 anos,10,Atendimento claro e rapido,299.0,13/08/2025,cdb,6,duvida rentabilidade,Telefone,Reaberto,Aplicativo poderia explicar melhor,CDB
299.0,2025-12-09 00:00:00,PRD_TES,3.0,0.0,10.6,0.0,299,Tesouro Direto,FD00586,C00299,2026-02-09,2026T1,Varejo,Carteira Administrada,Assessoria,2-5 anos,10,Atendimento claro e rapido,299.0,06-Feb-26,Carteira Administrada,10,reclamacao atendimento,E-mail,Pendente,Nao consegui falar com assessor,Carteira Administrada
299.0,2026-02-06 00:00:00,PRD_CDB,7.0,1.0,38.8,0.0,299,CDB,FD00196,C00299,2025-08-16,2025T3,Varejo,CDB,Assessoria,6-24 meses,6,Nao entendi a cobranca,299.0,13/08/2025,cdb,6,duvida rentabilidade,Telefone,Reaberto,Aplicativo poderia explicar melhor,CDB
299.0,2026-02-06 00:00:00,PRD_CDB,7.0,1.0,38.8,0.0,299,CDB,FD00196,C00299,2025-08-16,2025T3,Varejo,CDB,Assessoria,6-24 meses,6,Nao entendi a cobranca,299.0,06-Feb-26,Carteira Administrada,10,reclamacao atendimento,E-mail,Pendente,Nao consegui falar com assessor,Carteira Administrada
299.0,2026-02-06 00:00:00,PRD_CDB,7.0,1.0,38.8,0.0,299,CDB,FD00232,C00299,2025-12-13,2025T4,Varejo,Tesouro Direto,Assessoria,0-6 meses,3,Nao consegui falar com assessor,299.0,13/08/2025,cdb,6,duvida rentabilidade,Telefone,Reaberto,Aplicativo poderia explicar melhor,CDB
299.0,2026-02-06 00:00:00,PRD_CDB,7.0,1.0,38.8,0.0,299,CDB,FD00232,C00299,2025-12-13,2025T4,Varejo,Tesouro Direto,Assessoria,0-6 meses,3,Nao consegui falar com assessor,299.0,06-Feb-26,Carteira Administrada,10,reclamacao atendimento,E-mail,Pendente,Nao consegui falar com assessor,Carteira Administrada
299.0,2026-02-06 00:00:00,PRD_CDB,7.0,1.0,38.8,0.0,299,CDB,FD00573,C00299,2026-01-29,2026T1,Varejo,CDB,App,6-24 meses,9,Boa experiencia no aplicativo,299.0,13/08/2025,cdb,6,duvida rentabilidade,Telefone,Reaberto,Aplicativo poderia explicar melhor,CDB
299.0,2026-02-06 00:00:00,PRD_CDB,7.0,1.0,38.8,0.0,299,CDB,FD00573,C00299,2026-01-29,2026T1,Varejo,CDB,App,6-24 meses,9,Boa experiencia no aplicativo,299.0,06-Feb-26,Carteira Administrada,10,reclamacao atendimento,E-mail,Pendente,Nao consegui falar com assessor,Carteira Administrada
299.0,2026-02-06 00:00:00,PRD_CDB,7.0,1.0,38.8,0.0,299,CDB,FD00586,C00299,2026-02-09,2026T1,Varejo,Carteira Administrada,Assessoria,2-5 anos,10,Atendimento claro e rapido,299.0,13/08/2025,cdb,6,duvida rentabilidade,Telefone,Reaberto,Aplicativo poderia explicar melhor,CDB
299.0,2026-02-06 00:00:00,PRD_CDB,7.0,1.0,38.8,0.0,299,CDB,FD00586,C00299,2026-02-09,2026T1,Varejo,Carteira Administrada,Assessoria,2-5 anos,10,Atendimento claro e rapido,299.0,06-Feb-26,Carteira Administrada,10,reclamacao atendimento,E-mail,Pendente,Nao consegui falar com assessor,Carteira Administrada
299.0,2026-02-17 00:00:00,PRD_CAR,4.0,0.0,49.1,0.0,299,Carteira Administrada,FD00196,C00299,2025-08-16,2025T3,Varejo,CDB,Assessoria,6-24 meses,6,Nao entendi a cobranca,299.0,13/08/2025,cdb,6,duvida rentabilidade,Telefone,Reaberto,Aplicativo poderia explicar melhor,CDB
299.0,2026-02-17 00:00:00,PRD_CAR,4.0,0.0,49.1,0.0,299,Carteira Administrada,FD00196,C00299,2025-08-16,2025T3,Varejo,CDB,Assessoria,6-24 meses,6,Nao entendi a cobranca,299.0,06-Feb-26,Carteira Administrada,10,reclamacao atendimento,E-mail,Pendente,Nao consegui falar com assessor,Carteira Administrada
299.0,2026-02-17 00:00:00,PRD_CAR,4.0,0.0,49.1,0.0,299,Carteira Administrada,FD00232,C00299,2025-12-13,2025T4,Varejo,Tesouro Direto,Assessoria,0-6 meses,3,Nao consegui falar com assessor,299.0,13/08/2025,cdb,6,duvida rentabilidade,Telefone,Reaberto,Aplicativo poderia explicar melhor,CDB
299.0,2026-02-17 00:00:00,PRD_CAR,4.0,0.0,49.1,0.0,299,Carteira Administrada,FD00232,C00299,2025-12-13,2025T4,Varejo,Tesouro Direto,Assessoria,0-6 meses,3,Nao consegui falar com assessor,299.0,06-Feb-26,Carteira Administrada,10,reclamacao atendimento,E-mail,Pendente,Nao consegui falar com assessor,Carteira Administrada
299.0,2026-02-17 00:00:00,PRD_CAR,4.0,0.0,49.1,0.0,299,Carteira Administrada,FD00573,C00299,2026-01-29,2026T1,Varejo,CDB,App,6-24 meses,9,Boa experiencia no aplicativo,299.0,13/08/2025,cdb,6,duvida rentabilidade,Telefone,Reaberto,Aplicativo poderia explicar melhor,CDB
299.0,2026-02-17 00:00:00,PRD_CAR,4.0,0.0,49.1,0.0,299,Carteira Administrada,FD00573,C00299,2026-01-29,2026T1,Varejo,CDB,App,6-24 meses,9,Boa experiencia no aplicativo,299.0,06-Feb-26,Carteira Administrada,10,reclamacao atendimento,E-mail,Pendente,Nao consegui falar com assessor,Carteira Administrada
299.0,2026-02-17 00:00:00,PRD_CAR,4.0,0.0,49.1,0.0,299,Carteira Administrada,FD00586,C00299,2026-02-09,2026T1,Varejo,Carteira Administrada,Assessoria,2-5 anos,10,Atendimento claro e rapido,299.0,13/08/2025,cdb,6,duvida rentabilidade,Telefone,Reaberto,Aplicativo poderia explicar melhor,CDB
299.0,2026-02-17 00:00:00,PRD_CAR,4.0,0.0,49.1,0.0,299,Carteira Administrada,FD00586,C00299,2026-02-09,2026T1,Varejo,Carteira Administrada,Assessoria,2-5 anos,10,Atendimento claro e rapido,299.0,06-Feb-26,Carteira Administrada,10,reclamacao atendimento,E-mail,Pendente,Nao consegui falar com assessor,Carteira Administrada
300.0,2026-05-31 00:00:00,PRD_FND,5.0,0.0,6.7,0.0,300,Fundos,FD00253,C00300,2025-11-10,2025T4,Private,Carteira Administrada,App,0-6 meses,10,Atendimento claro e rapido,300.0,05-29-2026,fundos de investimento,9,extrato,Agencia,Pendente,Nao ficou claro o risco do produto,Fundos
300.0,2026-05-31 00:00:00,PRD_FND,5.0,0.0,6.7,0.0,300,Fundos,FD00857,C00300,2026-05-30,2026T2,Private,Fundos,Internet Banking,2-5 anos,9,Boa experiencia no aplicativo,300.0,05-29-2026,fundos de investimento,9,extrato,Agencia,Pendente,Nao ficou claro o risco do produto,Fundos
301.0,2026-06-18 00:00:00,PRD_TES,8.0,0.0,20.8,0.0,301,Tesouro Direto,FD00018,C00301,2025-09-13,2025T3,Private,CDB,App,0-6 meses,9,Atendimento claro e rapido,,,,,,,,,
301.0,2026-06-18 00:00:00,PRD_TES,8.0,0.0,20.8,0.0,301,Tesouro Direto,FD00996,C00301,2026-06-27,2026T2,Private,Tesouro Direto,App,5+ anos,10,Informacoes estavam faceis de encontrar,,,,,,,,,
301.0,2025-09-10 00:00:00,PRD_CDB,10.0,0.0,21.9,0.0,301,CDB,FD00018,C00301,2025-09-13,2025T3,Private,CDB,App,0-6 meses,9,Atendimento claro e rapido,,,,,,,,,
301.0,2025-09-10 00:00:00,PRD_CDB,10.0,0.0,21.9,0.0,301,CDB,FD00996,C00301,2026-06-27,2026T2,Private,Tesouro Direto,App,5+ anos,10,Informacoes estavam faceis de encontrar,,,,,,,,,
303.0,2026-05-21 00:00:00,PRD_FND,7.0,0.0,9.7,0.0,303,Fundos,FD00783,C00303,2026-05-15,2026T2,Alta Renda,Fundos,App,2-5 anos,9,Informacoes estavam faceis de encontrar,,,,,,,,,
304.0,2026-04-23 00:00:00,PRD_FND,9.0,0.0,33.9,0.0,304,Fundos,FD00969,C00304,2026-05-03,2026T2,Varejo,Fundos,App,0-6 meses,10,Assessoria ajudou na decisao,,,,,,,,,
306.0,2026-04-03 00:00:00,PRD_COE,12.0,0.0,23.8,0.0,306,COE,FD00720,C00306,2026-04-04,2026T2,Novo Investidor,COE,App,5+ anos,1,Nao entendi a cobranca,,,,,,,,,
307.0,2025-12-18 00:00:00,PRD_TES,5.0,0.0,15.4,0.0,307,Tesouro Direto,FD00363,C00307,2025-12-15,2025T4,Alta Renda,Tesouro Direto,Central de Atendimento,2-5 anos,8,,307.0,13/12/2025,tesouro direto,8,extrato,Chat,Resolvido,Atendimento claro e rapido,Tesouro Direto
307.0,2025-12-18 00:00:00,PRD_TES,5.0,0.0,15.4,0.0,307,Tesouro Direto,FD00726,C00307,2026-05-08,2026T2,Alta Renda,Tesouro Direto,Central de Atendimento,6-24 meses,9,Atendimento claro e rapido,307.0,13/12/2025,tesouro direto,8,extrato,Chat,Resolvido,Atendimento claro e rapido,Tesouro Direto
307.0,2026-05-04 00:00:00,PRD_TES,8.0,0.0,32.9,0.0,307,Tesouro Direto,FD00363,C00307,2025-12-15,2025T4,Alta Renda,Tesouro Direto,Central de Atendimento,2-5 anos,8,,307.0,13/12/2025,tesouro direto,8,extrato,Chat,Resolvido,Atendimento claro e rapido,Tesouro Direto
307.0,2026-05-04 00:00:00,PRD_TES,8.0,0.0,32.9,0.0,307,Tesouro Direto,FD00726,C00307,2026-05-08,2026T2,Alta Renda,Tesouro Direto,Central de Atendimento,6-24 meses,9,Atendimento claro e rapido,307.0,13/12/2025,tesouro direto,8,extrato,Chat,Resolvido,Atendimento claro e rapido,Tesouro Direto
309.0,2026-02-22 00:00:00,PRD_TES,2.0,0.0,20.9,0.0,309,Tesouro Direto,FD00703,C00309,2026-02-24,2026T1,Varejo,Tesouro Direto,Assessoria,5+ anos,10,Assessoria ajudou na decisao,,,,,,,,,
310.0,2026-05-24 00:00:00,PRD_TES,8.0,0.0,13.9,0.0,310,Tesouro Direto,FD00787,C00310,2026-05-14,2026T2,Private,Tesouro Direto,App,0-6 meses,10,Atendimento claro e rapido,310.0,12/05/2026,tesouro direto,10,duvida rentabilidade,E-mail,Resolvido,Nao consegui falar com assessor,Tesouro Direto
311.0,2026-03-24 00:00:00,PRD_CDB,10.0,0.0,28.8,0.0,311,CDB,FD00622,C00311,2026-03-30,2026T1,Alta Renda,CDB,App,2-5 anos,10,Boa experiencia no aplicativo,311.0,31-Mar-26,cdb,10,resgate,Telefone,Resolvido,Nao entendi a cobranca,CDB
311.0,2026-03-24 00:00:00,PRD_CDB,10.0,0.0,28.8,0.0,311,CDB,FD00893,C00311,2026-06-07,2026T2,Alta Renda,Carteira Administrada,Internet Banking,6-24 meses,2,Demora para resolver meu problema,311.0,31-Mar-26,cdb,10,resgate,Telefone,Resolvido,Nao entendi a cobranca,CDB
311.0,2026-06-16 00:00:00,PRD_CAR,4.0,0.0,64.9,0.0,311,Carteira Administrada,FD00622,C00311,2026-03-30,2026T1,Alta Renda,CDB,App,2-5 anos,10,Boa experiencia no aplicativo,311.0,31-Mar-26,cdb,10,resgate,Telefone,Resolvido,Nao entendi a cobranca,CDB
311.0,2026-06-16 00:00:00,PRD_CAR,4.0,0.0,64.9,0.0,311,Carteira Administrada,FD00893,C00311,2026-06-07,2026T2,Alta Renda,Carteira Administrada,Internet Banking,6-24 meses,2,Demora para resolver meu problema,311.0,31-Mar-26,cdb,10,resgate,Telefone,Resolvido,Nao entendi a cobranca,CDB
312.0,2026-06-10 00:00:00,PRD_COE,3.0,0.0,9.5,0.0,312,COE,FD00381,C00312,2025-12-04,2025T4,Private,Fundos,Internet Banking,0-6 meses,9,Assessoria ajudou na decisao,312.0,2025-12-03,Fundos,9,acesso app,Chat,Resolvido,Nao ficou claro o risco do produto,Fundos
312.0,2026-06-10 00:00:00,PRD_COE,3.0,0.0,9.5,0.0,312,COE,FD00505,C00312,2026-03-09,2026T1,Private,CDB,App,6-24 meses,6,Informacoes divergentes sobre o produto,312.0,2025-12-03,Fundos,9,acesso app,Chat,Resolvido,Nao ficou claro o risco do produto,Fundos
312.0,2026-06-10 00:00:00,PRD_COE,3.0,0.0,9.5,0.0,312,COE,FD00979,C00312,2026-06-02,2026T2,Private,COE,Internet Banking,6-24 meses,9,Boa experiencia no aplicativo,312.0,2025-12-03,Fundos,9,acesso app,Chat,Resolvido,Nao ficou claro o risco do produto,Fundos
312.0,2026-06-10 00:00:00,PRD_COE,3.0,0.0,9.5,0.0,312,COE,FD00988,C00312,2026-04-15,2026T2,Private,COE,Assessoria,2-5 anos,10,Informacoes estavam faceis de encontrar,312.0,2025-12-03,Fundos,9,acesso app,Chat,Resolvido,Nao ficou claro o risco do produto,Fundos
312.0,2025-12-09 00:00:00,PRD_FND,8.0,0.0,21.8,0.0,312,Fundos,FD00381,C00312,2025-12-04,2025T4,Private,Fundos,Internet Banking,0-6 meses,9,Assessoria ajudou na decisao,312.0,2025-12-03,Fundos,9,acesso app,Chat,Resolvido,Nao ficou claro o risco do produto,Fundos
312.0,2025-12-09 00:00:00,PRD_FND,8.0,0.0,21.8,0.0,312,Fundos,FD00505,C00312,2026-03-09,2026T1,Private,CDB,App,6-24 meses,6,Informacoes divergentes sobre o produto,312.0,2025-12-03,Fundos,9,acesso app,Chat,Resolvido,Nao ficou claro o risco do produto,Fundos
312.0,2025-12-09 00:00:00,PRD_FND,8.0,0.0,21.8,0.0,312,Fundos,FD00979,C00312,2026-06-02,2026T2,Private,COE,Internet Banking,6-24 meses,9,Boa experiencia no aplicativo,312.0,2025-12-03,Fundos,9,acesso app,Chat,Resolvido,Nao ficou claro o risco do produto,Fundos
312.0,2025-12-09 00:00:00,PRD_FND,8.0,0.0,21.8,0.0,312,Fundos,FD00988,C00312,2026-04-15,2026T2,Private,COE,Assessoria,2-5 anos,10,Informacoes estavam faceis de encontrar,312.0,2025-12-03,Fundos,9,acesso app,Chat,Resolvido,Nao ficou claro o risco do produto,Fundos
312.0,2026-03-06 00:00:00,PRD_CDB,15.0,0.0,7.6,0.0,312,CDB,FD00381,C00312,2025-12-04,2025T4,Private,Fundos,Internet Banking,0-6 meses,9,Assessoria ajudou na decisao,312.0,2025-12-03,Fundos,9,acesso app,Chat,Resolvido,Nao ficou claro o risco do produto,Fundos
312.0,2026-03-06 00:00:00,PRD_CDB,15.0,0.0,7.6,0.0,312,CDB,FD00505,C00312,2026-03-09,2026T1,Private,CDB,App,6-24 meses,6,Informacoes divergentes sobre o produto,312.0,2025-12-03,Fundos,9,acesso app,Chat,Resolvido,Nao ficou claro o risco do produto,Fundos
312.0,2026-03-06 00:00:00,PRD_CDB,15.0,0.0,7.6,0.0,312,CDB,FD00979,C00312,2026-06-02,2026T2,Private,COE,Internet Banking,6-24 meses,9,Boa experiencia no aplicativo,312.0,2025-12-03,Fundos,9,acesso app,Chat,Resolvido,Nao ficou claro o risco do produto,Fundos
312.0,2026-03-06 00:00:00,PRD_CDB,15.0,0.0,7.6,0.0,312,CDB,FD00988,C00312,2026-04-15,2026T2,Private,COE,Assessoria,2-5 anos,10,Informacoes estavam faceis de encontrar,312.0,2025-12-03,Fundos,9,acesso app,Chat,Resolvido,Nao ficou claro o risco do produto,Fundos
313.0,2025-12-24 00:00:00,PRD_FND,7.0,0.0,13.8,0.0,313,Fundos,FD00166,C00313,2025-09-23,2025T3,Private,CDB,App,6-24 meses,9,Atendimento claro e rapido,313.0,2026/13/01,fundos de investimento,10,reclamacao atendimento,E-mail,Resolvido,Consegui acompanhar minha carteira,Fundos
313.0,2025-12-24 00:00:00,PRD_FND,7.0,0.0,13.8,0.0,313,Fundos,FD00166,C00313,2025-09-23,2025T3,Private,CDB,App,6-24 meses,9,Atendimento claro e rapido,313.0,24/09/2025,C.D.B.,9,reclamacao atendimento,Telefone,Resolvido,Aplicativo travou durante consulta,CDB
313.0,2025-12-24 00:00:00,PRD_FND,7.0,0.0,13.8,0.0,313,Fundos,FD00323,C00313,2025-12-20,2025T4,Private,Tesouro Direto,Assessoria,2-5 anos,9,Boa experiencia no aplicativo,313.0,2026/13/01,fundos de investimento,10,reclamacao atendimento,E-mail,Resolvido,Consegui acompanhar minha carteira,Fundos
313.0,2025-12-24 00:00:00,PRD_FND,7.0,0.0,13.8,0.0,313,Fundos,FD00323,C00313,2025-12-20,2025T4,Private,Tesouro Direto,Assessoria,2-5 anos,9,Boa experiencia no aplicativo,313.0,24/09/2025,C.D.B.,9,reclamacao atendimento,Telefone,Resolvido,Aplicativo travou durante consulta,CDB
313.0,2025-12-24 00:00:00,PRD_FND,7.0,0.0,13.8,0.0,313,Fundos,FD00686,C00313,2026-01-03,2026T1,Private,Fundos,App,5+ anos,9,Informacoes estavam faceis de encontrar,313.0,2026/13/01,fundos de investimento,10,reclamacao atendimento,E-mail,Resolvido,Consegui acompanhar minha carteira,Fundos
313.0,2025-12-24 00:00:00,PRD_FND,7.0,0.0,13.8,0.0,313,Fundos,FD00686,C00313,2026-01-03,2026T1,Private,Fundos,App,5+ anos,9,Informacoes estavam faceis de encontrar,313.0,24/09/2025,C.D.B.,9,reclamacao atendimento,Telefone,Resolvido,Aplicativo travou durante consulta,CDB
313.0,2025-09-29 00:00:00,PRD_CDB,12.0,0.0,7.1,1.0,313,CDB,FD00166,C00313,2025-09-23,2025T3,Private,CDB,App,6-24 meses,9,Atendimento claro e rapido,313.0,2026/13/01,fundos de investimento,10,reclamacao atendimento,E-mail,Resolvido,Consegui acompanhar minha carteira,Fundos
313.0,2025-09-29 00:00:00,PRD_CDB,12.0,0.0,7.1,1.0,313,CDB,FD00166,C00313,2025-09-23,2025T3,Private,CDB,App,6-24 meses,9,Atendimento claro e rapido,313.0,24/09/2025,C.D.B.,9,reclamacao atendimento,Telefone,Resolvido,Aplicativo travou durante consulta,CDB
313.0,2025-09-29 00:00:00,PRD_CDB,12.0,0.0,7.1,1.0,313,CDB,FD00323,C00313,2025-12-20,2025T4,Private,Tesouro Direto,Assessoria,2-5 anos,9,Boa experiencia no aplicativo,313.0,2026/13/01,fundos de investimento,10,reclamacao atendimento,E-mail,Resolvido,Consegui acompanhar minha carteira,Fundos
313.0,2025-09-29 00:00:00,PRD_CDB,12.0,0.0,7.1,1.0,313,CDB,FD00323,C00313,2025-12-20,2025T4,Private,Tesouro Direto,Assessoria,2-5 anos,9,Boa experiencia no aplicativo,313.0,24/09/2025,C.D.B.,9,reclamacao atendimento,Telefone,Resolvido,Aplicativo travou durante consulta,CDB
313.0,2025-09-29 00:00:00,PRD_CDB,12.0,0.0,7.1,1.0,313,CDB,FD00686,C00313,2026-01-03,2026T1,Private,Fundos,App,5+ anos,9,Informacoes estavam faceis de encontrar,313.0,2026/13/01,fundos de investimento,10,reclamacao atendimento,E-mail,Resolvido,Consegui acompanhar minha carteira,Fundos
313.0,2025-09-29 00:00:00,PRD_CDB,12.0,0.0,7.1,1.0,313,CDB,FD00686,C00313,2026-01-03,2026T1,Private,Fundos,App,5+ anos,9,Informacoes estavam faceis de encontrar,313.0,24/09/2025,C.D.B.,9,reclamacao atendimento,Telefone,Resolvido,Aplicativo travou durante consulta,CDB
313.0,2025-12-24 00:00:00,PRD_TES,5.0,0.0,26.7,1.0,313,Tesouro Direto,FD00166,C00313,2025-09-23,2025T3,Private,CDB,App,6-24 meses,9,Atendimento claro e rapido,313.0,2026/13/01,fundos de investimento,10,reclamacao atendimento,E-mail,Resolvido,Consegui acompanhar minha carteira,Fundos
313.0,2025-12-24 00:00:00,PRD_TES,5.0,0.0,26.7,1.0,313,Tesouro Direto,FD00166,C00313,2025-09-23,2025T3,Private,CDB,App,6-24 meses,9,Atendimento claro e rapido,313.0,24/09/2025,C.D.B.,9,reclamacao atendimento,Telefone,Resolvido,Aplicativo travou durante consulta,CDB
313.0,2025-12-24 00:00:00,PRD_TES,5.0,0.0,26.7,1.0,313,Tesouro Direto,FD00323,C00313,2025-12-20,2025T4,Private,Tesouro Direto,Assessoria,2-5 anos,9,Boa experiencia no aplicativo,313.0,2026/13/01,fundos de investimento,10,reclamacao atendimento,E-mail,Resolvido,Consegui acompanhar minha carteira,Fundos
313.0,2025-12-24 00:00:00,PRD_TES,5.0,0.0,26.7,1.0,313,Tesouro Direto,FD00323,C00313,2025-12-20,2025T4,Private,Tesouro Direto,Assessoria,2-5 anos,9,Boa experiencia no aplicativo,313.0,24/09/2025,C.D.B.,9,reclamacao atendimento,Telefone,Resolvido,Aplicativo travou durante consulta,CDB
313.0,2025-12-24 00:00:00,PRD_TES,5.0,0.0,26.7,1.0,313,Tesouro Direto,FD00686,C00313,2026-01-03,2026T1,Private,Fundos,App,5+ anos,9,Informacoes estavam faceis de encontrar,313.0,2026/13/01,fundos de investimento,10,reclamacao atendimento,E-mail,Resolvido,Consegui acompanhar minha carteira,Fundos
313.0,2025-12-24 00:00:00,PRD_TES,5.0,0.0,26.7,1.0,313,Tesouro Direto,FD00686,C00313,2026-01-03,2026T1,Private,Fundos,App,5+ anos,9,Informacoes estavam faceis de encontrar,313.0,24/09/2025,C.D.B.,9,reclamacao atendimento,Telefone,Resolvido,Aplicativo travou durante consulta,CDB
314.0,2025-10-21 00:00:00,PRD_TES,11.0,0.0,31.9,0.0,314,Tesouro Direto,FD00273,C00314,2025-11-24,2025T4,Novo Investidor,Carteira Administrada,Internet Banking,2-5 anos,9,Assessoria ajudou na decisao,314.0,21/11/2025,carteira administrada,10,reclamacao atendimento,E-mail,Resolvido,,Carteira Administrada
314.0,2025-10-21 00:00:00,PRD_TES,11.0,0.0,31.9,0.0,314,Tesouro Direto,FD00387,C00314,2025-10-16,2025T4,Novo Investidor,Tesouro Direto,App,0-6 meses,10,Atendimento claro e rapido,314.0,21/11/2025,carteira administrada,10,reclamacao atendimento,E-mail,Resolvido,,Carteira Administrada
314.0,2025-10-21 00:00:00,PRD_TES,11.0,0.0,31.9,0.0,314,Tesouro Direto,FD00512,C00314,2026-02-28,2026T1,Novo Investidor,CDB,App,2-5 anos,10,Assessoria ajudou na decisao,314.0,21/11/2025,carteira administrada,10,reclamacao atendimento,E-mail,Resolvido,,Carteira Administrada
314.0,2025-10-21 00:00:00,PRD_TES,11.0,0.0,31.9,0.0,314,Tesouro Direto,FD00767,C00314,2026-04-03,2026T2,Novo Investidor,Tesouro Direto,App,2-5 anos,9,Boa experiencia no aplicativo,314.0,21/11/2025,carteira administrada,10,reclamacao atendimento,E-mail,Resolvido,,Carteira Administrada
314.0,2025-10-21 00:00:00,PRD_TES,11.0,0.0,31.9,0.0,314,Tesouro Direto,FD00903,C00314,2026-04-13,2026T2,Novo Investidor,Carteira Administrada,App,0-6 meses,9,Consegui acompanhar minha carteira,314.0,21/11/2025,carteira administrada,10,reclamacao atendimento,E-mail,Resolvido,,Carteira Administrada
314.0,2025-10-21 00:00:00,PRD_TES,11.0,0.0,31.9,0.0,314,Tesouro Direto,FDX00006,C00314,2026-04-04,2026T2,Novo Investidor,Tesouro Direto,App,2-5 anos,9,Boa experiencia no aplicativo,314.0,21/11/2025,carteira administrada,10,reclamacao atendimento,E-mail,Resolvido,,Carteira Administrada
314.0,2026-04-05 00:00:00,PRD_CAR,6.0,1.0,115.0,0.0,314,Carteira Administrada,FD00273,C00314,2025-11-24,2025T4,Novo Investidor,Carteira Administrada,Internet Banking,2-5 anos,9,Assessoria ajudou na decisao,314.0,21/11/2025,carteira administrada,10,reclamacao atendimento,E-mail,Resolvido,,Carteira Administrada
314.0,2026-04-05 00:00:00,PRD_CAR,6.0,1.0,115.0,0.0,314,Carteira Administrada,FD00387,C00314,2025-10-16,2025T4,Novo Investidor,Tesouro Direto,App,0-6 meses,10,Atendimento claro e rapido,314.0,21/11/2025,carteira administrada,10,reclamacao atendimento,E-mail,Resolvido,,Carteira Administrada
314.0,2026-04-05 00:00:00,PRD_CAR,6.0,1.0,115.0,0.0,314,Carteira Administrada,FD00512,C00314,2026-02-28,2026T1,Novo Investidor,CDB,App,2-5 anos,10,Assessoria ajudou na decisao,314.0,21/11/2025,carteira administrada,10,reclamacao atendimento,E-mail,Resolvido,,Carteira Administrada
314.0,2026-04-05 00:00:00,PRD_CAR,6.0,1.0,115.0,0.0,314,Carteira Administrada,FD00767,C00314,2026-04-03,2026T2,Novo Investidor,Tesouro Direto,App,2-5 anos,9,Boa experiencia no aplicativo,314.0,21/11/2025,carteira administrada,10,reclamacao atendimento,E-mail,Resolvido,,Carteira Administrada
314.0,2026-04-05 00:00:00,PRD_CAR,6.0,1.0,115.0,0.0,314,Carteira Administrada,FD00903,C00314,2026-04-13,2026T2,Novo Investidor,Carteira Administrada,App,0-6 meses,9,Consegui acompanhar minha carteira,314.0,21/11/2025,carteira administrada,10,reclamacao atendimento,E-mail,Resolvido,,Carteira Administrada
314.0,2026-04-05 00:00:00,PRD_CAR,6.0,1.0,115.0,0.0,314,Carteira Administrada,FDX00006,C00314,2026-04-04,2026T2,Novo Investidor,Tesouro Direto,App,2-5 anos,9,Boa experiencia no aplicativo,314.0,21/11/2025,carteira administrada,10,reclamacao atendimento,E-mail,Resolvido,,Carteira Administrada
314.0,2025-12-03 00:00:00,PRD_CAR,4.0,0.0,49.3,0.0,314,Carteira Administrada,FD00273,C00314,2025-11-24,2025T4,Novo Investidor,Carteira Administrada,Internet Banking,2-5 anos,9,Assessoria ajudou na decisao,314.0,21/11/2025,carteira administrada,10,reclamacao atendimento,E-mail,Resolvido,,Carteira Administrada
314.0,2025-12-03 00:00:00,PRD_CAR,4.0,0.0,49.3,0.0,314,Carteira Administrada,FD00387,C00314,2025-10-16,2025T4,Novo Investidor,Tesouro Direto,App,0-6 meses,10,Atendimento claro e rapido,314.0,21/11/2025,carteira administrada,10,reclamacao atendimento,E-mail,Resolvido,,Carteira Administrada
314.0,2025-12-03 00:00:00,PRD_CAR,4.0,0.0,49.3,0.0,314,Carteira Administrada,FD00512,C00314,2026-02-28,2026T1,Novo Investidor,CDB,App,2-5 anos,10,Assessoria ajudou na decisao,314.0,21/11/2025,carteira administrada,10,reclamacao atendimento,E-mail,Resolvido,,Carteira Administrada
314.0,2025-12-03 00:00:00,PRD_CAR,4.0,0.0,49.3,0.0,314,Carteira Administrada,FD00767,C00314,2026-04-03,2026T2,Novo Investidor,Tesouro Direto,App,2-5 anos,9,Boa experiencia no aplicativo,314.0,21/11/2025,carteira administrada,10,reclamacao atendimento,E-mail,Resolvido,,Carteira Administrada
314.0,2025-12-03 00:00:00,PRD_CAR,4.0,0.0,49.3,0.0,314,Carteira Administrada,FD00903,C00314,2026-04-13,2026T2,Novo Investidor,Carteira Administrada,App,0-6 meses,9,Consegui acompanhar minha carteira,314.0,21/11/2025,carteira administrada,10,reclamacao atendimento,E-mail,Resolvido,,Carteira Administrada
314.0,2025-12-03 00:00:00,PRD_CAR,4.0,0.0,49.3,0.0,314,Carteira Administrada,FDX00006,C00314,2026-04-04,2026T2,Novo Investidor,Tesouro Direto,App,2-5 anos,9,Boa experiencia no aplicativo,314.0,21/11/2025,carteira administrada,10,reclamacao atendimento,E-mail,Resolvido,,Carteira Administrada
315.0,2025-08-04 00:00:00,PRD_FND,3.0,0.0,10.5,1.0,315,Fundos,FD00032,C00315,2025-07-27,2025T3,Varejo,Fundos,Central de Atendimento,2-5 anos,8,Demorou um pouco para encontrar informacoes,,,,,,,,,
316.0,2026-04-13 00:00:00,PRD_FND,12.0,0.0,23.6,0.0,316,Fundos,FD00510,C00316,2026-03-16,2026T1,Varejo,CDB,App,0-6 meses,9,Boa experiencia no aplicativo,,,,,,,,,
316.0,2026-04-13 00:00:00,PRD_FND,12.0,0.0,23.6,0.0,316,Fundos,FD00938,C00316,2026-04-03,2026T2,Varejo,Fundos,App,2-5 anos,10,Informacoes estavam faceis de encontrar,,,,,,,,,
316.0,2026-03-11 00:00:00,PRD_CDB,8.0,0.0,24.8,0.0,316,CDB,FD00510,C00316,2026-03-16,2026T1,Varejo,CDB,App,0-6 meses,9,Boa experiencia no aplicativo,,,,,,,,,
316.0,2026-03-11 00:00:00,PRD_CDB,8.0,0.0,24.8,0.0,316,CDB,FD00938,C00316,2026-04-03,2026T2,Varejo,Fundos,App,2-5 anos,10,Informacoes estavam faceis de encontrar,,,,,,,,,
317.0,2026-05-03 00:00:00,PRD_TES,14.0,0.0,23.2,0.0,317,Tesouro Direto,FD00582,C00317,2026-03-07,2026T1,Alta Renda,CDB,App,2-5 anos,10,Atendimento claro e rapido,,,,,,,,,
317.0,2026-05-03 00:00:00,PRD_TES,14.0,0.0,23.2,0.0,317,Tesouro Direto,FD00914,C00317,2026-05-04,2026T2,Alta Renda,Tesouro Direto,App,6-24 meses,9,Boa experiencia no aplicativo,,,,,,,,,
317.0,2026-03-14 00:00:00,PRD_CDB,10.0,0.0,24.2,0.0,317,CDB,FD00582,C00317,2026-03-07,2026T1,Alta Renda,CDB,App,2-5 anos,10,Atendimento claro e rapido,,,,,,,,,
317.0,2026-03-14 00:00:00,PRD_CDB,10.0,0.0,24.2,0.0,317,CDB,FD00914,C00317,2026-05-04,2026T2,Alta Renda,Tesouro Direto,App,6-24 meses,9,Boa experiencia no aplicativo,,,,,,,,,
318.0,2026-05-10 00:00:00,PRD_COE,8.0,,23.6,0.0,318,COE,FD00365,C00318,2025-11-30,2025T4,Private,Carteira Administrada,App,0-6 meses,10,Consegui acompanhar minha carteira,,,,,,,,,
318.0,2026-05-10 00:00:00,PRD_COE,8.0,,23.6,0.0,318,COE,FD00928,C00318,2026-05-11,2026T2,Private,COE,App,2-5 anos,10,Informacoes estavam faceis de encontrar,,,,,,,,,
318.0,2025-12-02 00:00:00,PRD_CAR,6.0,0.0,32.4,0.0,318,Carteira Administrada,FD00365,C00318,2025-11-30,2025T4,Private,Carteira Administrada,App,0-6 meses,10,Consegui acompanhar minha carteira,,,,,,,,,
318.0,2025-12-02 00:00:00,PRD_CAR,6.0,0.0,32.4,0.0,318,Carteira Administrada,FD00928,C00318,2026-05-11,2026T2,Private,COE,App,2-5 anos,10,Informacoes estavam faceis de encontrar,,,,,,,,,
319.0,2026-03-09 00:00:00,PRD_CDB,9.0,0.0,8.8,0.0,319,CDB,FD00634,C00319,2026-03-03,2026T1,Private,CDB,App,6-24 meses,9,Boa experiencia no aplicativo,,,,,,,,,
320.0,2025-11-10 00:00:00,PRD_FND,6.0,0.0,14.5,0.0,320,Fundos,FD00395,C00320,2025-11-04,2025T4,Private,Fundos,Assessoria,5+ anos,10,Boa experiencia no aplicativo,,,,,,,,,
321.0,2025-11-29 00:00:00,PRD_FND,5.0,0.0,7.2,0.0,321,Fundos,FD00016,C00321,2025-09-21,2025T3,Alta Renda,CDB,App,6-24 meses,10,Consegui acompanhar minha carteira,,,,,,,,,
321.0,2025-11-29 00:00:00,PRD_FND,5.0,0.0,7.2,0.0,321,Fundos,FD00366,C00321,2025-12-04,2025T4,Alta Renda,Tesouro Direto,Internet Banking,6-24 meses,10,Consegui acompanhar minha carteira,,,,,,,,,
321.0,2025-11-29 00:00:00,PRD_FND,5.0,0.0,7.2,0.0,321,Fundos,FD00405,C00321,2025-11-19,2025T4,Alta Renda,Fundos,Internet Banking,6-24 meses,9,Boa experiencia no aplicativo,,,,,,,,,
321.0,2025-09-28 00:00:00,PRD_CDB,8.0,0.0,1.0,0.0,321,CDB,FD00016,C00321,2025-09-21,2025T3,Alta Renda,CDB,App,6-24 meses,10,Consegui acompanhar minha carteira,,,,,,,,,
321.0,2025-09-28 00:00:00,PRD_CDB,8.0,0.0,1.0,0.0,321,CDB,FD00366,C00321,2025-12-04,2025T4,Alta Renda,Tesouro Direto,Internet Banking,6-24 meses,10,Consegui acompanhar minha carteira,,,,,,,,,
321.0,2025-09-28 00:00:00,PRD_CDB,8.0,0.0,1.0,0.0,321,CDB,FD00405,C00321,2025-11-19,2025T4,Alta Renda,Fundos,Internet Banking,6-24 meses,9,Boa experiencia no aplicativo,,,,,,,,,
321.0,2025-12-04 00:00:00,PRD_TES,7.0,0.0,17.0,0.0,321,Tesouro Direto,FD00016,C00321,2025-09-21,2025T3,Alta Renda,CDB,App,6-24 meses,10,Consegui acompanhar minha carteira,,,,,,,,,
321.0,2025-12-04 00:00:00,PRD_TES,7.0,0.0,17.0,0.0,321,Tesouro Direto,FD00366,C00321,2025-12-04,2025T4,Alta Renda,Tesouro Direto,Internet Banking,6-24 meses,10,Consegui acompanhar minha carteira,,,,,,,,,
321.0,2025-12-04 00:00:00,PRD_TES,7.0,0.0,17.0,0.0,321,Tesouro Direto,FD00405,C00321,2025-11-19,2025T4,Alta Renda,Fundos,Internet Banking,6-24 meses,9,Boa experiencia no aplicativo,,,,,,,,,
322.0,2026-04-23 00:00:00,PRD_FND,10.0,,16.8,1.0,322,Fundos,FD00794,C00322,2026-04-27,2026T2,Varejo,Fundos,App,0-6 meses,10,Assessoria ajudou na decisao,,,,,,,,,
324.0,2026-02-12 00:00:00,PRD_CDB,6.0,0.0,25.8,0.0,324,CDB,FD00578,C00324,2026-02-12,2026T1,Private,CDB,App,2-5 anos,9,Informacoes estavam faceis de encontrar,,,,,,,,,
325.0,2026-03-22 00:00:00,PRD_CDB,6.0,0.0,32.8,0.0,325,CDB,FD00508,C00325,2026-03-28,2026T1,Novo Investidor,CDB,Internet Banking,6-24 meses,9,Boa experiencia no aplicativo,,,,,,,,,
326.0,2025-12-10 00:00:00,PRD_TES,8.0,0.0,39.7,0.0,326,Tesouro Direto,FD00337,C00326,2025-12-15,2025T4,Varejo,Tesouro Direto,App,6-24 meses,5,Nao ficou claro o risco do produto,,,,,,,,,
,,,,,,,327,,FD00891,C00327,2026-05-27,2026T2,Alta Renda,CDB,App,6-24 meses,10,Boa experiencia no aplicativo,,,,,,,,,
328.0,2025-07-11 00:00:00,PRD_TES,13.0,1.0,32.9,0.0,328,Tesouro Direto,FD00055,C00328,2025-07-09,2025T3,Varejo,Tesouro Direto,App,6-24 meses,7,Demorou um pouco para encontrar informacoes,,,,,,,,,
328.0,2025-07-11 00:00:00,PRD_TES,13.0,1.0,32.9,0.0,328,Tesouro Direto,FD00649,C00328,2026-02-05,2026T1,Varejo,Fundos,App,2-5 anos,10,Assessoria ajudou na decisao,,,,,,,,,
328.0,2026-01-26 00:00:00,PRD_FND,7.0,0.0,4.7,0.0,328,Fundos,FD00055,C00328,2025-07-09,2025T3,Varejo,Tesouro Direto,App,6-24 meses,7,Demorou um pouco para encontrar informacoes,,,,,,,,,
328.0,2026-01-26 00:00:00,PRD_FND,7.0,0.0,4.7,0.0,328,Fundos,FD00649,C00328,2026-02-05,2026T1,Varejo,Fundos,App,2-5 anos,10,Assessoria ajudou na decisao,,,,,,,,,
329.0,2026-03-30 00:00:00,PRD_FND,9.0,0.0,34.2,0.0,329,Fundos,FD00755,C00329,2026-06-13,2026T2,Alta Renda,Fundos,App,2-5 anos,4,Nao ficou claro o risco do produto,329.0,06/04/2026,Fundos,2,resgate,Chat,Pendente,Demora para resolver meu problema,Fundos
329.0,2026-03-30 00:00:00,PRD_FND,9.0,0.0,34.2,0.0,329,Fundos,FD00755,C00329,2026-06-13,2026T2,Alta Renda,Fundos,App,2-5 anos,4,Nao ficou claro o risco do produto,329.0,16/06/2026,Fundos,5,reclamacao atendimento,Chat,Pendente,Aplicativo poderia explicar melhor,Fundos
329.0,2026-03-30 00:00:00,PRD_FND,9.0,0.0,34.2,0.0,329,Fundos,FD00804,C00329,2026-04-05,2026T2,Alta Renda,Fundos,App,5+ anos,2,Informacoes divergentes sobre o produto,329.0,06/04/2026,Fundos,2,resgate,Chat,Pendente,Demora para resolver meu problema,Fundos
329.0,2026-03-30 00:00:00,PRD_FND,9.0,0.0,34.2,0.0,329,Fundos,FD00804,C00329,2026-04-05,2026T2,Alta Renda,Fundos,App,5+ anos,2,Informacoes divergentes sobre o produto,329.0,16/06/2026,Fundos,5,reclamacao atendimento,Chat,Pendente,Aplicativo poderia explicar melhor,Fundos
329.0,2026-06-10 00:00:00,PRD_FND,8.0,0.0,20.5,0.0,329,Fundos,FD00755,C00329,2026-06-13,2026T2,Alta Renda,Fundos,App,2-5 anos,4,Nao ficou claro o risco do produto,329.0,06/04/2026,Fundos,2,resgate,Chat,Pendente,Demora para resolver meu problema,Fundos
329.0,2026-06-10 00:00:00,PRD_FND,8.0,0.0,20.5,0.0,329,Fundos,FD00755,C00329,2026-06-13,2026T2,Alta Renda,Fundos,App,2-5 anos,4,Nao ficou claro o risco do produto,329.0,16/06/2026,Fundos,5,reclamacao atendimento,Chat,Pendente,Aplicativo poderia explicar melhor,Fundos
329.0,2026-06-10 00:00:00,PRD_FND,8.0,0.0,20.5,0.0,329,Fundos,FD00804,C00329,2026-04-05,2026T2,Alta Renda,Fundos,App,5+ anos,2,Informacoes divergentes sobre o produto,329.0,06/04/2026,Fundos,2,resgate,Chat,Pendente,Demora para resolver meu problema,Fundos
329.0,2026-06-10 00:00:00,PRD_FND,8.0,0.0,20.5,0.0,329,Fundos,FD00804,C00329,2026-04-05,2026T2,Alta Renda,Fundos,App,5+ anos,2,Informacoes divergentes sobre o produto,329.0,16/06/2026,Fundos,5,reclamacao atendimento,Chat,Pendente,Aplicativo poderia explicar melhor,Fundos
330.0,2026-02-11 00:00:00,PRD_TES,4.0,0.0,8.5,0.0,330,Tesouro Direto,FD00379,C00330,2025-11-28,2025T4,Private,Fundos,Internet Banking,2-5 anos,9,Assessoria ajudou na decisao,330.0,2026-02-17,Tesouro,8,reclamacao atendimento,Chat,Resolvido,,Tesouro Direto
330.0,2026-02-11 00:00:00,PRD_TES,4.0,0.0,8.5,0.0,330,Tesouro Direto,FD00590,C00330,2026-02-16,2026T1,Private,Tesouro Direto,Internet Banking,0-6 meses,9,Consegui acompanhar minha carteira,330.0,2026-02-17,Tesouro,8,reclamacao atendimento,Chat,Resolvido,,Tesouro Direto
330.0,2026-02-11 00:00:00,PRD_TES,4.0,0.0,8.5,0.0,330,Tesouro Direto,FD00916,C00330,2026-04-24,2026T2,Private,CDB,App,5+ anos,9,Informacoes estavam faceis de encontrar,330.0,2026-02-17,Tesouro,8,reclamacao atendimento,Chat,Resolvido,,Tesouro Direto
330.0,2025-11-21 00:00:00,PRD_FND,9.0,0.0,21.1,0.0,330,Fundos,FD00379,C00330,2025-11-28,2025T4,Private,Fundos,Internet Banking,2-5 anos,9,Assessoria ajudou na decisao,330.0,2026-02-17,Tesouro,8,reclamacao atendimento,Chat,Resolvido,,Tesouro Direto
330.0,2025-11-21 00:00:00,PRD_FND,9.0,0.0,21.1,0.0,330,Fundos,FD00590,C00330,2026-02-16,2026T1,Private,Tesouro Direto,Internet Banking,0-6 meses,9,Consegui acompanhar minha carteira,330.0,2026-02-17,Tesouro,8,reclamacao atendimento,Chat,Resolvido,,Tesouro Direto
330.0,2025-11-21 00:00:00,PRD_FND,9.0,0.0,21.1,0.0,330,Fundos,FD00916,C00330,2026-04-24,2026T2,Private,CDB,App,5+ anos,9,Informacoes estavam faceis de encontrar,330.0,2026-02-17,Tesouro,8,reclamacao atendimento,Chat,Resolvido,,Tesouro Direto
330.0,2026-04-23 00:00:00,PRD_CDB,10.0,0.0,20.0,0.0,330,CDB,FD00379,C00330,2025-11-28,2025T4,Private,Fundos,Internet Banking,2-5 anos,9,Assessoria ajudou na decisao,330.0,2026-02-17,Tesouro,8,reclamacao atendimento,Chat,Resolvido,,Tesouro Direto
330.0,2026-04-23 00:00:00,PRD_CDB,10.0,0.0,20.0,0.0,330,CDB,FD00590,C00330,2026-02-16,2026T1,Private,Tesouro Direto,Internet Banking,0-6 meses,9,Consegui acompanhar minha carteira,330.0,2026-02-17,Tesouro,8,reclamacao atendimento,Chat,Resolvido,,Tesouro Direto
330.0,2026-04-23 00:00:00,PRD_CDB,10.0,0.0,20.0,0.0,330,CDB,FD00916,C00330,2026-04-24,2026T2,Private,CDB,App,5+ anos,9,Informacoes estavam faceis de encontrar,330.0,2026-02-17,Tesouro,8,reclamacao atendimento,Chat,Resolvido,,Tesouro Direto
331.0,2026-07-07 00:00:00,PRD_FND,10.0,0.0,3.3,0.0,331,Fundos,FD00879,C00331,2026-06-28,2026T2,Alta Renda,Fundos,App,6-24 meses,9,Boa experiencia no aplicativo,331.0,2026-06-29,Fundo,9,reclamacao atendimento,Telefone,Resolvido,,Fundos
332.0,2025-08-30 00:00:00,PRD_CDB,6.0,0.0,1.0,1.0,332,CDB,FD00117,C00332,2025-08-22,2025T3,Varejo,CDB,Central de Atendimento,2-5 anos,9,Consegui acompanhar minha carteira,332.0,14/10/2025,fundos de investimento,7,extrato,E-mail,Pendente,Assessoria ajudou na decisao,Fundos
332.0,2025-08-30 00:00:00,PRD_CDB,6.0,0.0,1.0,1.0,332,CDB,FD00243,C00332,2025-10-15,2025T4,Varejo,Fundos,,6-24 meses,7,Aplicativo poderia explicar melhor,332.0,14/10/2025,fundos de investimento,7,extrato,E-mail,Pendente,Assessoria ajudou na decisao,Fundos
332.0,2025-08-30 00:00:00,PRD_CDB,6.0,0.0,1.0,1.0,332,CDB,FD00471,C00332,2026-02-25,2026T1,Varejo,CDB,Internet Banking,6-24 meses,8,Aplicativo poderia explicar melhor,332.0,14/10/2025,fundos de investimento,7,extrato,E-mail,Pendente,Assessoria ajudou na decisao,Fundos
332.0,2025-10-06 00:00:00,PRD_FND,9.0,0.0,11.0,0.0,332,Fundos,FD00117,C00332,2025-08-22,2025T3,Varejo,CDB,Central de Atendimento,2-5 anos,9,Consegui acompanhar minha carteira,332.0,14/10/2025,fundos de investimento,7,extrato,E-mail,Pendente,Assessoria ajudou na decisao,Fundos
332.0,2025-10-06 00:00:00,PRD_FND,9.0,0.0,11.0,0.0,332,Fundos,FD00243,C00332,2025-10-15,2025T4,Varejo,Fundos,,6-24 meses,7,Aplicativo poderia explicar melhor,332.0,14/10/2025,fundos de investimento,7,extrato,E-mail,Pendente,Assessoria ajudou na decisao,Fundos
332.0,2025-10-06 00:00:00,PRD_FND,9.0,0.0,11.0,0.0,332,Fundos,FD00471,C00332,2026-02-25,2026T1,Varejo,CDB,Internet Banking,6-24 meses,8,Aplicativo poderia explicar melhor,332.0,14/10/2025,fundos de investimento,7,extrato,E-mail,Pendente,Assessoria ajudou na decisao,Fundos
332.0,2026-03-05 00:00:00,PRD_CDB,4.0,0.0,27.3,0.0,332,CDB,FD00117,C00332,2025-08-22,2025T3,Varejo,CDB,Central de Atendimento,2-5 anos,9,Consegui acompanhar minha carteira,332.0,14/10/2025,fundos de investimento,7,extrato,E-mail,Pendente,Assessoria ajudou na decisao,Fundos
332.0,2026-03-05 00:00:00,PRD_CDB,4.0,0.0,27.3,0.0,332,CDB,FD00243,C00332,2025-10-15,2025T4,Varejo,Fundos,,6-24 meses,7,Aplicativo poderia explicar melhor,332.0,14/10/2025,fundos de investimento,7,extrato,E-mail,Pendente,Assessoria ajudou na decisao,Fundos
332.0,2026-03-05 00:00:00,PRD_CDB,4.0,0.0,27.3,0.0,332,CDB,FD00471,C00332,2026-02-25,2026T1,Varejo,CDB,Internet Banking,6-24 meses,8,Aplicativo poderia explicar melhor,332.0,14/10/2025,fundos de investimento,7,extrato,E-mail,Pendente,Assessoria ajudou na decisao,Fundos
333.0,2025-08-25 00:00:00,PRD_CDB,11.0,0.0,17.6,0.0,333,CDB,FD00076,C00333,2025-08-15,2025T3,Private,CDB,App,6-24 meses,1,Demora para resolver meu problema,,,,,,,,,
333.0,2025-08-25 00:00:00,PRD_CDB,11.0,0.0,17.6,0.0,333,CDB,FD00793,C00333,2026-06-12,2026T2,Private,Carteira Administrada,App,6-24 meses,9,Consegui acompanhar minha carteira,,,,,,,,,
334.0,2026-01-10 00:00:00,PRD_COE,8.0,0.0,17.3,0.0,334,COE,FD00507,C00334,2026-01-18,2026T1,Private,COE,App,0-6 meses,10,Assessoria ajudou na decisao,,,,,,,,,
334.0,2026-01-10 00:00:00,PRD_COE,8.0,0.0,17.3,0.0,334,COE,FD00823,C00334,2026-04-25,2026T2,Private,Carteira Administrada,Assessoria,6-24 meses,10,Boa experiencia no aplicativo,,,,,,,,,
334.0,2026-04-26 00:00:00,PRD_CAR,5.0,0.0,83.9,0.0,334,Carteira Administrada,FD00507,C00334,2026-01-18,2026T1,Private,COE,App,0-6 meses,10,Assessoria ajudou na decisao,,,,,,,,,
334.0,2026-04-26 00:00:00,PRD_CAR,5.0,0.0,83.9,0.0,334,Carteira Administrada,FD00823,C00334,2026-04-25,2026T2,Private,Carteira Administrada,Assessoria,6-24 meses,10,Boa experiencia no aplicativo,,,,,,,,,
335.0,2025-12-01 00:00:00,PRD_TES,9.0,0.0,23.9,0.0,335,Tesouro Direto,FD00063,C00335,2025-08-23,2025T3,Private,Carteira Administrada,App,2-5 anos,8,Aplicativo poderia explicar melhor,335.0,08-Nov-25,coe,10,reclamacao atendimento,Telefone,Resolvido,Aplicativo travou durante consulta,COE
335.0,2025-12-01 00:00:00,PRD_TES,9.0,0.0,23.9,0.0,335,Tesouro Direto,FD00063,C00335,2025-08-23,2025T3,Private,Carteira Administrada,App,2-5 anos,8,Aplicativo poderia explicar melhor,335.0,12-28-2025,cdb,10,cadastro,Telefone,Resolvido,Nao consegui falar com assessor,CDB
335.0,2025-12-01 00:00:00,PRD_TES,9.0,0.0,23.9,0.0,335,Tesouro Direto,FD00063,C00335,2025-08-23,2025T3,Private,Carteira Administrada,App,2-5 anos,8,Aplicativo poderia explicar melhor,335.0,20/03/2026,Carteira Adm,10,acesso app,Telefone,Resolvido,"Experiencia ok, mas poderia ser mais simples",Carteira Administrada
335.0,2025-12-01 00:00:00,PRD_TES,9.0,0.0,23.9,0.0,335,Tesouro Direto,FD00297,C00335,2025-11-25,2025T4,Private,Tesouro Direto,App,2-5 anos,9,Assessoria ajudou na decisao,335.0,08-Nov-25,coe,10,reclamacao atendimento,Telefone,Resolvido,Aplicativo travou durante consulta,COE
335.0,2025-12-01 00:00:00,PRD_TES,9.0,0.0,23.9,0.0,335,Tesouro Direto,FD00297,C00335,2025-11-25,2025T4,Private,Tesouro Direto,App,2-5 anos,9,Assessoria ajudou na decisao,335.0,12-28-2025,cdb,10,cadastro,Telefone,Resolvido,Nao consegui falar com assessor,CDB
335.0,2025-12-01 00:00:00,PRD_TES,9.0,0.0,23.9,0.0,335,Tesouro Direto,FD00297,C00335,2025-11-25,2025T4,Private,Tesouro Direto,App,2-5 anos,9,Assessoria ajudou na decisao,335.0,20/03/2026,Carteira Adm,10,acesso app,Telefone,Resolvido,"Experiencia ok, mas poderia ser mais simples",Carteira Administrada
335.0,2025-12-01 00:00:00,PRD_TES,9.0,0.0,23.9,0.0,335,Tesouro Direto,FD00361,C00335,2025-11-08,2025T4,Private,COE,App,2-5 anos,9,Consegui acompanhar minha carteira,335.0,08-Nov-25,coe,10,reclamacao atendimento,Telefone,Resolvido,Aplicativo travou durante consulta,COE
335.0,2025-12-01 00:00:00,PRD_TES,9.0,0.0,23.9,0.0,335,Tesouro Direto,FD00361,C00335,2025-11-08,2025T4,Private,COE,App,2-5 anos,9,Consegui acompanhar minha carteira,335.0,12-28-2025,cdb,10,cadastro,Telefone,Resolvido,Nao consegui falar com assessor,CDB
335.0,2025-12-01 00:00:00,PRD_TES,9.0,0.0,23.9,0.0,335,Tesouro Direto,FD00361,C00335,2025-11-08,2025T4,Private,COE,App,2-5 anos,9,Consegui acompanhar minha carteira,335.0,20/03/2026,Carteira Adm,10,acesso app,Telefone,Resolvido,"Experiencia ok, mas poderia ser mais simples",Carteira Administrada
335.0,2025-12-01 00:00:00,PRD_TES,9.0,0.0,23.9,0.0,335,Tesouro Direto,FD00418,C00335,2025-12-31,2025T4,Private,CDB,Internet Banking,6-24 meses,10,Assessoria ajudou na decisao,335.0,08-Nov-25,coe,10,reclamacao atendimento,Telefone,Resolvido,Aplicativo travou durante consulta,COE
335.0,2025-12-01 00:00:00,PRD_TES,9.0,0.0,23.9,0.0,335,Tesouro Direto,FD00418,C00335,2025-12-31,2025T4,Private,CDB,Internet Banking,6-24 meses,10,Assessoria ajudou na decisao,335.0,12-28-2025,cdb,10,cadastro,Telefone,Resolvido,Nao consegui falar com assessor,CDB
335.0,2025-12-01 00:00:00,PRD_TES,9.0,0.0,23.9,0.0,335,Tesouro Direto,FD00418,C00335,2025-12-31,2025T4,Private,CDB,Internet Banking,6-24 meses,10,Assessoria ajudou na decisao,335.0,20/03/2026,Carteira Adm,10,acesso app,Telefone,Resolvido,"Experiencia ok, mas poderia ser mais simples",Carteira Administrada
335.0,2025-12-01 00:00:00,PRD_TES,9.0,0.0,23.9,0.0,335,Tesouro Direto,FD00513,C00335,2026-03-18,2026T1,Private,Carteira Administrada,App,2-5 anos,10,Assessoria ajudou na decisao,335.0,08-Nov-25,coe,10,reclamacao atendimento,Telefone,Resolvido,Aplicativo travou durante consulta,COE
335.0,2025-12-01 00:00:00,PRD_TES,9.0,0.0,23.9,0.0,335,Tesouro Direto,FD00513,C00335,2026-03-18,2026T1,Private,Carteira Administrada,App,2-5 anos,10,Assessoria ajudou na decisao,335.0,12-28-2025,cdb,10,cadastro,Telefone,Resolvido,Nao consegui falar com assessor,CDB
335.0,2025-12-01 00:00:00,PRD_TES,9.0,0.0,23.9,0.0,335,Tesouro Direto,FD00513,C00335,2026-03-18,2026T1,Private,Carteira Administrada,App,2-5 anos,10,Assessoria ajudou na decisao,335.0,20/03/2026,Carteira Adm,10,acesso app,Telefone,Resolvido,"Experiencia ok, mas poderia ser mais simples",Carteira Administrada
335.0,2026-01-07 00:00:00,PRD_CDB,4.0,0.0,20.3,0.0,335,CDB,FD00063,C00335,2025-08-23,2025T3,Private,Carteira Administrada,App,2-5 anos,8,Aplicativo poderia explicar melhor,335.0,08-Nov-25,coe,10,reclamacao atendimento,Telefone,Resolvido,Aplicativo travou durante consulta,COE
335.0,2026-01-07 00:00:00,PRD_CDB,4.0,0.0,20.3,0.0,335,CDB,FD00063,C00335,2025-08-23,2025T3,Private,Carteira Administrada,App,2-5 anos,8,Aplicativo poderia explicar melhor,335.0,12-28-2025,cdb,10,cadastro,Telefone,Resolvido,Nao consegui falar com assessor,CDB
335.0,2026-01-07 00:00:00,PRD_CDB,4.0,0.0,20.3,0.0,335,CDB,FD00063,C00335,2025-08-23,2025T3,Private,Carteira Administrada,App,2-5 anos,8,Aplicativo poderia explicar melhor,335.0,20/03/2026,Carteira Adm,10,acesso app,Telefone,Resolvido,"Experiencia ok, mas poderia ser mais simples",Carteira Administrada
335.0,2026-01-07 00:00:00,PRD_CDB,4.0,0.0,20.3,0.0,335,CDB,FD00297,C00335,2025-11-25,2025T4,Private,Tesouro Direto,App,2-5 anos,9,Assessoria ajudou na decisao,335.0,08-Nov-25,coe,10,reclamacao atendimento,Telefone,Resolvido,Aplicativo travou durante consulta,COE
335.0,2026-01-07 00:00:00,PRD_CDB,4.0,0.0,20.3,0.0,335,CDB,FD00297,C00335,2025-11-25,2025T4,Private,Tesouro Direto,App,2-5 anos,9,Assessoria ajudou na decisao,335.0,12-28-2025,cdb,10,cadastro,Telefone,Resolvido,Nao consegui falar com assessor,CDB
335.0,2026-01-07 00:00:00,PRD_CDB,4.0,0.0,20.3,0.0,335,CDB,FD00297,C00335,2025-11-25,2025T4,Private,Tesouro Direto,App,2-5 anos,9,Assessoria ajudou na decisao,335.0,20/03/2026,Carteira Adm,10,acesso app,Telefone,Resolvido,"Experiencia ok, mas poderia ser mais simples",Carteira Administrada
335.0,2026-01-07 00:00:00,PRD_CDB,4.0,0.0,20.3,0.0,335,CDB,FD00361,C00335,2025-11-08,2025T4,Private,COE,App,2-5 anos,9,Consegui acompanhar minha carteira,335.0,08-Nov-25,coe,10,reclamacao atendimento,Telefone,Resolvido,Aplicativo travou durante consulta,COE
335.0,2026-01-07 00:00:00,PRD_CDB,4.0,0.0,20.3,0.0,335,CDB,FD00361,C00335,2025-11-08,2025T4,Private,COE,App,2-5 anos,9,Consegui acompanhar minha carteira,335.0,12-28-2025,cdb,10,cadastro,Telefone,Resolvido,Nao consegui falar com assessor,CDB
335.0,2026-01-07 00:00:00,PRD_CDB,4.0,0.0,20.3,0.0,335,CDB,FD00361,C00335,2025-11-08,2025T4,Private,COE,App,2-5 anos,9,Consegui acompanhar minha carteira,335.0,20/03/2026,Carteira Adm,10,acesso app,Telefone,Resolvido,"Experiencia ok, mas poderia ser mais simples",Carteira Administrada
335.0,2026-01-07 00:00:00,PRD_CDB,4.0,0.0,20.3,0.0,335,CDB,FD00418,C00335,2025-12-31,2025T4,Private,CDB,Internet Banking,6-24 meses,10,Assessoria ajudou na decisao,335.0,08-Nov-25,coe,10,reclamacao atendimento,Telefone,Resolvido,Aplicativo travou durante consulta,COE
335.0,2026-01-07 00:00:00,PRD_CDB,4.0,0.0,20.3,0.0,335,CDB,FD00418,C00335,2025-12-31,2025T4,Private,CDB,Internet Banking,6-24 meses,10,Assessoria ajudou na decisao,335.0,12-28-2025,cdb,10,cadastro,Telefone,Resolvido,Nao consegui falar com assessor,CDB
335.0,2026-01-07 00:00:00,PRD_CDB,4.0,0.0,20.3,0.0,335,CDB,FD00418,C00335,2025-12-31,2025T4,Private,CDB,Internet Banking,6-24 meses,10,Assessoria ajudou na decisao,335.0,20/03/2026,Carteira Adm,10,acesso app,Telefone,Resolvido,"Experiencia ok, mas poderia ser mais simples",Carteira Administrada
335.0,2026-01-07 00:00:00,PRD_CDB,4.0,0.0,20.3,0.0,335,CDB,FD00513,C00335,2026-03-18,2026T1,Private,Carteira Administrada,App,2-5 anos,10,Assessoria ajudou na decisao,335.0,08-Nov-25,coe,10,reclamacao atendimento,Telefone,Resolvido,Aplicativo travou durante consulta,COE
335.0,2026-01-07 00:00:00,PRD_CDB,4.0,0.0,20.3,0.0,335,CDB,FD00513,C00335,2026-03-18,2026T1,Private,Carteira Administrada,App,2-5 anos,10,Assessoria ajudou na decisao,335.0,12-28-2025,cdb,10,cadastro,Telefone,Resolvido,Nao consegui falar com assessor,CDB
335.0,2026-01-07 00:00:00,PRD_CDB,4.0,0.0,20.3,0.0,335,CDB,FD00513,C00335,2026-03-18,2026T1,Private,Carteira Administrada,App,2-5 anos,10,Assessoria ajudou na decisao,335.0,20/03/2026,Carteira Adm,10,acesso app,Telefone,Resolvido,"Experiencia ok, mas poderia ser mais simples",Carteira Administrada
335.0,2025-08-22 00:00:00,PRD_CAR,9.0,0.0,28.6,1.0,335,Carteira Administrada,FD00063,C00335,2025-08-23,2025T3,Private,Carteira Administrada,App,2-5 anos,8,Aplicativo poderia explicar melhor,335.0,08-Nov-25,coe,10,reclamacao atendimento,Telefone,Resolvido,Aplicativo travou durante consulta,COE
335.0,2025-08-22 00:00:00,PRD_CAR,9.0,0.0,28.6,1.0,335,Carteira Administrada,FD00063,C00335,2025-08-23,2025T3,Private,Carteira Administrada,App,2-5 anos,8,Aplicativo poderia explicar melhor,335.0,12-28-2025,cdb,10,cadastro,Telefone,Resolvido,Nao consegui falar com assessor,CDB
335.0,2025-08-22 00:00:00,PRD_CAR,9.0,0.0,28.6,1.0,335,Carteira Administrada,FD00063,C00335,2025-08-23,2025T3,Private,Carteira Administrada,App,2-5 anos,8,Aplicativo poderia explicar melhor,335.0,20/03/2026,Carteira Adm,10,acesso app,Telefone,Resolvido,"Experiencia ok, mas poderia ser mais simples",Carteira Administrada
335.0,2025-08-22 00:00:00,PRD_CAR,9.0,0.0,28.6,1.0,335,Carteira Administrada,FD00297,C00335,2025-11-25,2025T4,Private,Tesouro Direto,App,2-5 anos,9,Assessoria ajudou na decisao,335.0,08-Nov-25,coe,10,reclamacao atendimento,Telefone,Resolvido,Aplicativo travou durante consulta,COE
335.0,2025-08-22 00:00:00,PRD_CAR,9.0,0.0,28.6,1.0,335,Carteira Administrada,FD00297,C00335,2025-11-25,2025T4,Private,Tesouro Direto,App,2-5 anos,9,Assessoria ajudou na decisao,335.0,12-28-2025,cdb,10,cadastro,Telefone,Resolvido,Nao consegui falar com assessor,CDB
335.0,2025-08-22 00:00:00,PRD_CAR,9.0,0.0,28.6,1.0,335,Carteira Administrada,FD00297,C00335,2025-11-25,2025T4,Private,Tesouro Direto,App,2-5 anos,9,Assessoria ajudou na decisao,335.0,20/03/2026,Carteira Adm,10,acesso app,Telefone,Resolvido,"Experiencia ok, mas poderia ser mais simples",Carteira Administrada
335.0,2025-08-22 00:00:00,PRD_CAR,9.0,0.0,28.6,1.0,335,Carteira Administrada,FD00361,C00335,2025-11-08,2025T4,Private,COE,App,2-5 anos,9,Consegui acompanhar minha carteira,335.0,08-Nov-25,coe,10,reclamacao atendimento,Telefone,Resolvido,Aplicativo travou durante consulta,COE
335.0,2025-08-22 00:00:00,PRD_CAR,9.0,0.0,28.6,1.0,335,Carteira Administrada,FD00361,C00335,2025-11-08,2025T4,Private,COE,App,2-5 anos,9,Consegui acompanhar minha carteira,335.0,12-28-2025,cdb,10,cadastro,Telefone,Resolvido,Nao consegui falar com assessor,CDB
335.0,2025-08-22 00:00:00,PRD_CAR,9.0,0.0,28.6,1.0,335,Carteira Administrada,FD00361,C00335,2025-11-08,2025T4,Private,COE,App,2-5 anos,9,Consegui acompanhar minha carteira,335.0,20/03/2026,Carteira Adm,10,acesso app,Telefone,Resolvido,"Experiencia ok, mas poderia ser mais simples",Carteira Administrada
335.0,2025-08-22 00:00:00,PRD_CAR,9.0,0.0,28.6,1.0,335,Carteira Administrada,FD00418,C00335,2025-12-31,2025T4,Private,CDB,Internet Banking,6-24 meses,10,Assessoria ajudou na decisao,335.0,08-Nov-25,coe,10,reclamacao atendimento,Telefone,Resolvido,Aplicativo travou durante consulta,COE
335.0,2025-08-22 00:00:00,PRD_CAR,9.0,0.0,28.6,1.0,335,Carteira Administrada,FD00418,C00335,2025-12-31,2025T4,Private,CDB,Internet Banking,6-24 meses,10,Assessoria ajudou na decisao,335.0,12-28-2025,cdb,10,cadastro,Telefone,Resolvido,Nao consegui falar com assessor,CDB
335.0,2025-08-22 00:00:00,PRD_CAR,9.0,0.0,28.6,1.0,335,Carteira Administrada,FD00418,C00335,2025-12-31,2025T4,Private,CDB,Internet Banking,6-24 meses,10,Assessoria ajudou na decisao,335.0,20/03/2026,Carteira Adm,10,acesso app,Telefone,Resolvido,"Experiencia ok, mas poderia ser mais simples",Carteira Administrada
335.0,2025-08-22 00:00:00,PRD_CAR,9.0,0.0,28.6,1.0,335,Carteira Administrada,FD00513,C00335,2026-03-18,2026T1,Private,Carteira Administrada,App,2-5 anos,10,Assessoria ajudou na decisao,335.0,08-Nov-25,coe,10,reclamacao atendimento,Telefone,Resolvido,Aplicativo travou durante consulta,COE
335.0,2025-08-22 00:00:00,PRD_CAR,9.0,0.0,28.6,1.0,335,Carteira Administrada,FD00513,C00335,2026-03-18,2026T1,Private,Carteira Administrada,App,2-5 anos,10,Assessoria ajudou na decisao,335.0,12-28-2025,cdb,10,cadastro,Telefone,Resolvido,Nao consegui falar com assessor,CDB
335.0,2025-08-22 00:00:00,PRD_CAR,9.0,0.0,28.6,1.0,335,Carteira Administrada,FD00513,C00335,2026-03-18,2026T1,Private,Carteira Administrada,App,2-5 anos,10,Assessoria ajudou na decisao,335.0,20/03/2026,Carteira Adm,10,acesso app,Telefone,Resolvido,"Experiencia ok, mas poderia ser mais simples",Carteira Administrada
335.0,2026-03-10 00:00:00,PRD_CAR,8.0,0.0,47.4,0.0,335,Carteira Administrada,FD00063,C00335,2025-08-23,2025T3,Private,Carteira Administrada,App,2-5 anos,8,Aplicativo poderia explicar melhor,335.0,08-Nov-25,coe,10,reclamacao atendimento,Telefone,Resolvido,Aplicativo travou durante consulta,COE
335.0,2026-03-10 00:00:00,PRD_CAR,8.0,0.0,47.4,0.0,335,Carteira Administrada,FD00063,C00335,2025-08-23,2025T3,Private,Carteira Administrada,App,2-5 anos,8,Aplicativo poderia explicar melhor,335.0,12-28-2025,cdb,10,cadastro,Telefone,Resolvido,Nao consegui falar com assessor,CDB
335.0,2026-03-10 00:00:00,PRD_CAR,8.0,0.0,47.4,0.0,335,Carteira Administrada,FD00063,C00335,2025-08-23,2025T3,Private,Carteira Administrada,App,2-5 anos,8,Aplicativo poderia explicar melhor,335.0,20/03/2026,Carteira Adm,10,acesso app,Telefone,Resolvido,"Experiencia ok, mas poderia ser mais simples",Carteira Administrada
335.0,2026-03-10 00:00:00,PRD_CAR,8.0,0.0,47.4,0.0,335,Carteira Administrada,FD00297,C00335,2025-11-25,2025T4,Private,Tesouro Direto,App,2-5 anos,9,Assessoria ajudou na decisao,335.0,08-Nov-25,coe,10,reclamacao atendimento,Telefone,Resolvido,Aplicativo travou durante consulta,COE
335.0,2026-03-10 00:00:00,PRD_CAR,8.0,0.0,47.4,0.0,335,Carteira Administrada,FD00297,C00335,2025-11-25,2025T4,Private,Tesouro Direto,App,2-5 anos,9,Assessoria ajudou na decisao,335.0,12-28-2025,cdb,10,cadastro,Telefone,Resolvido,Nao consegui falar com assessor,CDB
335.0,2026-03-10 00:00:00,PRD_CAR,8.0,0.0,47.4,0.0,335,Carteira Administrada,FD00297,C00335,2025-11-25,2025T4,Private,Tesouro Direto,App,2-5 anos,9,Assessoria ajudou na decisao,335.0,20/03/2026,Carteira Adm,10,acesso app,Telefone,Resolvido,"Experiencia ok, mas poderia ser mais simples",Carteira Administrada
335.0,2026-03-10 00:00:00,PRD_CAR,8.0,0.0,47.4,0.0,335,Carteira Administrada,FD00361,C00335,2025-11-08,2025T4,Private,COE,App,2-5 anos,9,Consegui acompanhar minha carteira,335.0,08-Nov-25,coe,10,reclamacao atendimento,Telefone,Resolvido,Aplicativo travou durante consulta,COE
335.0,2026-03-10 00:00:00,PRD_CAR,8.0,0.0,47.4,0.0,335,Carteira Administrada,FD00361,C00335,2025-11-08,2025T4,Private,COE,App,2-5 anos,9,Consegui acompanhar minha carteira,335.0,12-28-2025,cdb,10,cadastro,Telefone,Resolvido,Nao consegui falar com assessor,CDB
335.0,2026-03-10 00:00:00,PRD_CAR,8.0,0.0,47.4,0.0,335,Carteira Administrada,FD00361,C00335,2025-11-08,2025T4,Private,COE,App,2-5 anos,9,Consegui acompanhar minha carteira,335.0,20/03/2026,Carteira Adm,10,acesso app,Telefone,Resolvido,"Experiencia ok, mas poderia ser mais simples",Carteira Administrada
335.0,2026-03-10 00:00:00,PRD_CAR,8.0,0.0,47.4,0.0,335,Carteira Administrada,FD00418,C00335,2025-12-31,2025T4,Private,CDB,Internet Banking,6-24 meses,10,Assessoria ajudou na decisao,335.0,08-Nov-25,coe,10,reclamacao atendimento,Telefone,Resolvido,Aplicativo travou durante consulta,COE
335.0,2026-03-10 00:00:00,PRD_CAR,8.0,0.0,47.4,0.0,335,Carteira Administrada,FD00418,C00335,2025-12-31,2025T4,Private,CDB,Internet Banking,6-24 meses,10,Assessoria ajudou na decisao,335.0,12-28-2025,cdb,10,cadastro,Telefone,Resolvido,Nao consegui falar com assessor,CDB
335.0,2026-03-10 00:00:00,PRD_CAR,8.0,0.0,47.4,0.0,335,Carteira Administrada,FD00418,C00335,2025-12-31,2025T4,Private,CDB,Internet Banking,6-24 meses,10,Assessoria ajudou na decisao,335.0,20/03/2026,Carteira Adm,10,acesso app,Telefone,Resolvido,"Experiencia ok, mas poderia ser mais simples",Carteira Administrada
335.0,2026-03-10 00:00:00,PRD_CAR,8.0,0.0,47.4,0.0,335,Carteira Administrada,FD00513,C00335,2026-03-18,2026T1,Private,Carteira Administrada,App,2-5 anos,10,Assessoria ajudou na decisao,335.0,08-Nov-25,coe,10,reclamacao atendimento,Telefone,Resolvido,Aplicativo travou durante consulta,COE
335.0,2026-03-10 00:00:00,PRD_CAR,8.0,0.0,47.4,0.0,335,Carteira Administrada,FD00513,C00335,2026-03-18,2026T1,Private,Carteira Administrada,App,2-5 anos,10,Assessoria ajudou na decisao,335.0,12-28-2025,cdb,10,cadastro,Telefone,Resolvido,Nao consegui falar com assessor,CDB
335.0,2026-03-10 00:00:00,PRD_CAR,8.0,0.0,47.4,0.0,335,Carteira Administrada,FD00513,C00335,2026-03-18,2026T1,Private,Carteira Administrada,App,2-5 anos,10,Assessoria ajudou na decisao,335.0,20/03/2026,Carteira Adm,10,acesso app,Telefone,Resolvido,"Experiencia ok, mas poderia ser mais simples",Carteira Administrada
336.0,2025-09-20 00:00:00,PRD_CDB,3.0,0.0,21.5,0.0,336,CDB,FD00227,C00336,2025-09-14,2025T3,Private,CDB,Assessoria,0-6 meses,10,Informacoes estavam faceis de encontrar,,,,,,,,,
336.0,2025-09-20 00:00:00,PRD_CDB,3.0,0.0,21.5,0.0,336,CDB,FD00288,C00336,2025-10-08,2025T4,Private,Tesouro Direto,Assessoria,0-6 meses,10,Boa experiencia no aplicativo,,,,,,,,,
336.0,2025-09-20 00:00:00,PRD_CDB,3.0,0.0,21.5,0.0,336,CDB,FD00779,C00336,2026-04-07,2026T2,Private,Carteira Administrada,Central de Atendimento,6-24 meses,10,Assessoria ajudou na decisao,,,,,,,,,
336.0,2026-03-30 00:00:00,PRD_CAR,4.0,1.0,77.0,0.0,336,Carteira Administrada,FD00227,C00336,2025-09-14,2025T3,Private,CDB,Assessoria,0-6 meses,10,Informacoes estavam faceis de encontrar,,,,,,,,,
336.0,2026-03-30 00:00:00,PRD_CAR,4.0,1.0,77.0,0.0,336,Carteira Administrada,FD00288,C00336,2025-10-08,2025T4,Private,Tesouro Direto,Assessoria,0-6 meses,10,Boa experiencia no aplicativo,,,,,,,,,
336.0,2026-03-30 00:00:00,PRD_CAR,4.0,1.0,77.0,0.0,336,Carteira Administrada,FD00779,C00336,2026-04-07,2026T2,Private,Carteira Administrada,Central de Atendimento,6-24 meses,10,Assessoria ajudou na decisao,,,,,,,,,
336.0,2025-10-04 00:00:00,PRD_TES,5.0,0.0,8.1,0.0,336,Tesouro Direto,FD00227,C00336,2025-09-14,2025T3,Private,CDB,Assessoria,0-6 meses,10,Informacoes estavam faceis de encontrar,,,,,,,,,
336.0,2025-10-04 00:00:00,PRD_TES,5.0,0.0,8.1,0.0,336,Tesouro Direto,FD00288,C00336,2025-10-08,2025T4,Private,Tesouro Direto,Assessoria,0-6 meses,10,Boa experiencia no aplicativo,,,,,,,,,
336.0,2025-10-04 00:00:00,PRD_TES,5.0,0.0,8.1,0.0,336,Tesouro Direto,FD00779,C00336,2026-04-07,2026T2,Private,Carteira Administrada,Central de Atendimento,6-24 meses,10,Assessoria ajudou na decisao,,,,,,,,,
337.0,2026-02-24 00:00:00,PRD_CDB,6.0,0.0,22.9,0.0,337,CDB,FD00200,C00337,2025-07-25,2025T3,Varejo,Fundos,App,2-5 anos,9,Informacoes estavam faceis de encontrar,337.0,28/07/2025,Fundo,8,acesso app,E-mail,Pendente,Consegui acompanhar minha carteira,Fundos
337.0,2026-02-24 00:00:00,PRD_CDB,6.0,0.0,22.9,0.0,337,CDB,FD00609,C00337,2026-02-20,2026T1,Varejo,CDB,Assessoria,6-24 meses,3,Informacoes divergentes sobre o produto,337.0,28/07/2025,Fundo,8,acesso app,E-mail,Pendente,Consegui acompanhar minha carteira,Fundos
337.0,2025-07-16 00:00:00,PRD_FND,5.0,1.0,29.2,0.0,337,Fundos,FD00200,C00337,2025-07-25,2025T3,Varejo,Fundos,App,2-5 anos,9,Informacoes estavam faceis de encontrar,337.0,28/07/2025,Fundo,8,acesso app,E-mail,Pendente,Consegui acompanhar minha carteira,Fundos
337.0,2025-07-16 00:00:00,PRD_FND,5.0,1.0,29.2,0.0,337,Fundos,FD00609,C00337,2026-02-20,2026T1,Varejo,CDB,Assessoria,6-24 meses,3,Informacoes divergentes sobre o produto,337.0,28/07/2025,Fundo,8,acesso app,E-mail,Pendente,Consegui acompanhar minha carteira,Fundos
338.0,2026-03-17 00:00:00,PRD_COE,11.0,0.0,26.8,1.0,338,COE,FD00511,C00338,2026-03-17,2026T1,Varejo,COE,App,0-6 meses,10,Atendimento claro e rapido,,,,,,,,,
340.0,2026-03-19 00:00:00,PRD_CAR,10.0,0.0,35.4,0.0,340,Carteira Administrada,FD00603,C00340,2026-03-14,2026T1,Private,Carteira Administrada,App,2-5 anos,9,Assessoria ajudou na decisao,,,,,,,,,
341.0,2026-02-19 00:00:00,PRD_CDB,7.0,0.0,5.9,0.0,341,CDB,FD00027,C00341,2025-07-30,2025T3,Alta Renda,Carteira Administrada,App,5+ anos,7,Aplicativo poderia explicar melhor,341.0,27/07/2025,Carteira Adm,6,resgate,Telefone,Resolvido,Aplicativo poderia explicar melhor,Carteira Administrada
341.0,2026-02-19 00:00:00,PRD_CDB,7.0,0.0,5.9,0.0,341,CDB,FD00613,C00341,2026-02-20,2026T1,Alta Renda,CDB,Internet Banking,5+ anos,10,Atendimento claro e rapido,341.0,27/07/2025,Carteira Adm,6,resgate,Telefone,Resolvido,Aplicativo poderia explicar melhor,Carteira Administrada
,,,,,,,342,,FD00827,C00342,2026-06-19,2026T2,Alta Renda,COE,App,2-5 anos,10,Boa experiencia no aplicativo,,,,,,,,,
344.0,2026-03-10 00:00:00,PRD_FND,12.0,0.0,16.9,0.0,344,Fundos,FD00345,C00344,2025-12-17,2025T4,Alta Renda,Fundos,Central de Atendimento,2-5 anos,5,Nao entendi a cobranca,344.0,23/01/2026,Tesouro,5,reclamacao atendimento,Agencia,Resolvido,,Tesouro Direto
344.0,2026-03-10 00:00:00,PRD_FND,12.0,0.0,16.9,0.0,344,Fundos,FD00345,C00344,2025-12-17,2025T4,Alta Renda,Fundos,Central de Atendimento,2-5 anos,5,Nao entendi a cobranca,344.0,23/01/2026,Tesouro,5,reclamacao atendimento,Agencia,Resolvido,,Tesouro Direto
344.0,2026-03-10 00:00:00,PRD_FND,12.0,0.0,16.9,0.0,344,Fundos,FD00604,C00344,2026-01-23,2026T1,Alta Renda,Tesouro Direto,App,6-24 meses,5,,344.0,23/01/2026,Tesouro,5,reclamacao atendimento,Agencia,Resolvido,,Tesouro Direto
344.0,2026-03-10 00:00:00,PRD_FND,12.0,0.0,16.9,0.0,344,Fundos,FD00604,C00344,2026-01-23,2026T1,Alta Renda,Tesouro Direto,App,6-24 meses,5,,344.0,23/01/2026,Tesouro,5,reclamacao atendimento,Agencia,Resolvido,,Tesouro Direto
344.0,2026-03-10 00:00:00,PRD_FND,12.0,0.0,16.9,0.0,344,Fundos,FD00614,C00344,2026-02-25,2026T1,Alta Renda,Carteira Administrada,App,2-5 anos,10,Informacoes estavam faceis de encontrar,344.0,23/01/2026,Tesouro,5,reclamacao atendimento,Agencia,Resolvido,,Tesouro Direto
344.0,2026-03-10 00:00:00,PRD_FND,12.0,0.0,16.9,0.0,344,Fundos,FD00614,C00344,2026-02-25,2026T1,Alta Renda,Carteira Administrada,App,2-5 anos,10,Informacoes estavam faceis de encontrar,344.0,23/01/2026,Tesouro,5,reclamacao atendimento,Agencia,Resolvido,,Tesouro Direto
344.0,2026-03-10 00:00:00,PRD_FND,12.0,0.0,16.9,0.0,344,Fundos,FD00687,C00344,2026-03-18,2026T1,Alta Renda,Fundos,App,5+ anos,10,Atendimento claro e rapido,344.0,23/01/2026,Tesouro,5,reclamacao atendimento,Agencia,Resolvido,,Tesouro Direto
344.0,2026-03-10 00:00:00,PRD_FND,12.0,0.0,16.9,0.0,344,Fundos,FD00687,C00344,2026-03-18,2026T1,Alta Renda,Fundos,App,5+ anos,10,Atendimento claro e rapido,344.0,23/01/2026,Tesouro,5,reclamacao atendimento,Agencia,Resolvido,,Tesouro Direto
344.0,2025-12-24 00:00:00,PRD_FND,4.0,0.0,15.2,1.0,344,Fundos,FD00345,C00344,2025-12-17,2025T4,Alta Renda,Fundos,Central de Atendimento,2-5 anos,5,Nao entendi a cobranca,344.0,23/01/2026,Tesouro,5,reclamacao atendimento,Agencia,Resolvido,,Tesouro Direto
344.0,2025-12-24 00:00:00,PRD_FND,4.0,0.0,15.2,1.0,344,Fundos,FD00345,C00344,2025-12-17,2025T4,Alta Renda,Fundos,Central de Atendimento,2-5 anos,5,Nao entendi a cobranca,344.0,23/01/2026,Tesouro,5,reclamacao atendimento,Agencia,Resolvido,,Tesouro Direto
344.0,2025-12-24 00:00:00,PRD_FND,4.0,0.0,15.2,1.0,344,Fundos,FD00604,C00344,2026-01-23,2026T1,Alta Renda,Tesouro Direto,App,6-24 meses,5,,344.0,23/01/2026,Tesouro,5,reclamacao atendimento,Agencia,Resolvido,,Tesouro Direto
344.0,2025-12-24 00:00:00,PRD_FND,4.0,0.0,15.2,1.0,344,Fundos,FD00604,C00344,2026-01-23,2026T1,Alta Renda,Tesouro Direto,App,6-24 meses,5,,344.0,23/01/2026,Tesouro,5,reclamacao atendimento,Agencia,Resolvido,,Tesouro Direto
344.0,2025-12-24 00:00:00,PRD_FND,4.0,0.0,15.2,1.0,344,Fundos,FD00614,C00344,2026-02-25,2026T1,Alta Renda,Carteira Administrada,App,2-5 anos,10,Informacoes estavam faceis de encontrar,344.0,23/01/2026,Tesouro,5,reclamacao atendimento,Agencia,Resolvido,,Tesouro Direto
344.0,2025-12-24 00:00:00,PRD_FND,4.0,0.0,15.2,1.0,344,Fundos,FD00614,C00344,2026-02-25,2026T1,Alta Renda,Carteira Administrada,App,2-5 anos,10,Informacoes estavam faceis de encontrar,344.0,23/01/2026,Tesouro,5,reclamacao atendimento,Agencia,Resolvido,,Tesouro Direto
344.0,2025-12-24 00:00:00,PRD_FND,4.0,0.0,15.2,1.0,344,Fundos,FD00687,C00344,2026-03-18,2026T1,Alta Renda,Fundos,App,5+ anos,10,Atendimento claro e rapido,344.0,23/01/2026,Tesouro,5,reclamacao atendimento,Agencia,Resolvido,,Tesouro Direto
344.0,2025-12-24 00:00:00,PRD_FND,4.0,0.0,15.2,1.0,344,Fundos,FD00687,C00344,2026-03-18,2026T1,Alta Renda,Fundos,App,5+ anos,10,Atendimento claro e rapido,344.0,23/01/2026,Tesouro,5,reclamacao atendimento,Agencia,Resolvido,,Tesouro Direto
344.0,2026-01-16 00:00:00,PRD_TES,11.0,0.0,22.1,0.0,344,Tesouro Direto,FD00345,C00344,2025-12-17,2025T4,Alta Renda,Fundos,Central de Atendimento,2-5 anos,5,Nao entendi a cobranca,344.0,23/01/2026,Tesouro,5,reclamacao atendimento,Agencia,Resolvido,,Tesouro Direto
344.0,2026-01-16 00:00:00,PRD_TES,11.0,0.0,22.1,0.0,344,Tesouro Direto,FD00345,C00344,2025-12-17,2025T4,Alta Renda,Fundos,Central de Atendimento,2-5 anos,5,Nao entendi a cobranca,344.0,23/01/2026,Tesouro,5,reclamacao atendimento,Agencia,Resolvido,,Tesouro Direto
344.0,2026-01-16 00:00:00,PRD_TES,11.0,0.0,22.1,0.0,344,Tesouro Direto,FD00604,C00344,2026-01-23,2026T1,Alta Renda,Tesouro Direto,App,6-24 meses,5,,344.0,23/01/2026,Tesouro,5,reclamacao atendimento,Agencia,Resolvido,,Tesouro Direto
344.0,2026-01-16 00:00:00,PRD_TES,11.0,0.0,22.1,0.0,344,Tesouro Direto,FD00604,C00344,2026-01-23,2026T1,Alta Renda,Tesouro Direto,App,6-24 meses,5,,344.0,23/01/2026,Tesouro,5,reclamacao atendimento,Agencia,Resolvido,,Tesouro Direto
344.0,2026-01-16 00:00:00,PRD_TES,11.0,0.0,22.1,0.0,344,Tesouro Direto,FD00614,C00344,2026-02-25,2026T1,Alta Renda,Carteira Administrada,App,2-5 anos,10,Informacoes estavam faceis de encontrar,344.0,23/01/2026,Tesouro,5,reclamacao atendimento,Agencia,Resolvido,,Tesouro Direto
344.0,2026-01-16 00:00:00,PRD_TES,11.0,0.0,22.1,0.0,344,Tesouro Direto,FD00614,C00344,2026-02-25,2026T1,Alta Renda,Carteira Administrada,App,2-5 anos,10,Informacoes estavam faceis de encontrar,344.0,23/01/2026,Tesouro,5,reclamacao atendimento,Agencia,Resolvido,,Tesouro Direto
344.0,2026-01-16 00:00:00,PRD_TES,11.0,0.0,22.1,0.0,344,Tesouro Direto,FD00687,C00344,2026-03-18,2026T1,Alta Renda,Fundos,App,5+ anos,10,Atendimento claro e rapido,344.0,23/01/2026,Tesouro,5,reclamacao atendimento,Agencia,Resolvido,,Tesouro Direto
344.0,2026-01-16 00:00:00,PRD_TES,11.0,0.0,22.1,0.0,344,Tesouro Direto,FD00687,C00344,2026-03-18,2026T1,Alta Renda,Fundos,App,5+ anos,10,Atendimento claro e rapido,344.0,23/01/2026,Tesouro,5,reclamacao atendimento,Agencia,Resolvido,,Tesouro Direto
344.0,2026-02-17 00:00:00,PRD_CAR,7.0,0.0,26.9,0.0,344,Carteira Administrada,FD00345,C00344,2025-12-17,2025T4,Alta Renda,Fundos,Central de Atendimento,2-5 anos,5,Nao entendi a cobranca,344.0,23/01/2026,Tesouro,5,reclamacao atendimento,Agencia,Resolvido,,Tesouro Direto
344.0,2026-02-17 00:00:00,PRD_CAR,7.0,0.0,26.9,0.0,344,Carteira Administrada,FD00345,C00344,2025-12-17,2025T4,Alta Renda,Fundos,Central de Atendimento,2-5 anos,5,Nao entendi a cobranca,344.0,23/01/2026,Tesouro,5,reclamacao atendimento,Agencia,Resolvido,,Tesouro Direto
344.0,2026-02-17 00:00:00,PRD_CAR,7.0,0.0,26.9,0.0,344,Carteira Administrada,FD00604,C00344,2026-01-23,2026T1,Alta Renda,Tesouro Direto,App,6-24 meses,5,,344.0,23/01/2026,Tesouro,5,reclamacao atendimento,Agencia,Resolvido,,Tesouro Direto
344.0,2026-02-17 00:00:00,PRD_CAR,7.0,0.0,26.9,0.0,344,Carteira Administrada,FD00604,C00344,2026-01-23,2026T1,Alta Renda,Tesouro Direto,App,6-24 meses,5,,344.0,23/01/2026,Tesouro,5,reclamacao atendimento,Agencia,Resolvido,,Tesouro Direto
344.0,2026-02-17 00:00:00,PRD_CAR,7.0,0.0,26.9,0.0,344,Carteira Administrada,FD00614,C00344,2026-02-25,2026T1,Alta Renda,Carteira Administrada,App,2-5 anos,10,Informacoes estavam faceis de encontrar,344.0,23/01/2026,Tesouro,5,reclamacao atendimento,Agencia,Resolvido,,Tesouro Direto
344.0,2026-02-17 00:00:00,PRD_CAR,7.0,0.0,26.9,0.0,344,Carteira Administrada,FD00614,C00344,2026-02-25,2026T1,Alta Renda,Carteira Administrada,App,2-5 anos,10,Informacoes estavam faceis de encontrar,344.0,23/01/2026,Tesouro,5,reclamacao atendimento,Agencia,Resolvido,,Tesouro Direto
344.0,2026-02-17 00:00:00,PRD_CAR,7.0,0.0,26.9,0.0,344,Carteira Administrada,FD00687,C00344,2026-03-18,2026T1,Alta Renda,Fundos,App,5+ anos,10,Atendimento claro e rapido,344.0,23/01/2026,Tesouro,5,reclamacao atendimento,Agencia,Resolvido,,Tesouro Direto
344.0,2026-02-17 00:00:00,PRD_CAR,7.0,0.0,26.9,0.0,344,Carteira Administrada,FD00687,C00344,2026-03-18,2026T1,Alta Renda,Fundos,App,5+ anos,10,Atendimento claro e rapido,344.0,23/01/2026,Tesouro,5,reclamacao atendimento,Agencia,Resolvido,,Tesouro Direto
345.0,2026-01-11 00:00:00,PRD_FND,7.0,0.0,13.2,0.0,345,Fundos,FD00669,C00345,2026-01-21,2026T1,Alta Renda,Fundos,App,5+ anos,9,Boa experiencia no aplicativo,,,,,,,,,
347.0,2025-11-21 00:00:00,PRD_FND,7.0,0.0,29.3,0.0,347,Fundos,FD00240,C00347,2025-11-16,2025T4,Varejo,Fundos,Internet Banking,2-5 anos,10,Assessoria ajudou na decisao,,,,,,,,,
347.0,2025-11-21 00:00:00,PRD_FND,7.0,0.0,29.3,0.0,347,Fundos,FD00294,C00347,2025-11-14,2025T4,Varejo,Fundos,Central de Atendimento,6-24 meses,9,Assessoria ajudou na decisao,,,,,,,,,
347.0,2025-11-21 00:00:00,PRD_FND,7.0,0.0,29.3,0.0,347,Fundos,FD00300,C00347,2025-11-03,2025T4,Varejo,Carteira Administrada,Internet Banking,0-6 meses,9,Informacoes estavam faceis de encontrar,,,,,,,,,
347.0,2025-11-11 00:00:00,PRD_CAR,13.0,0.0,64.5,0.0,347,Carteira Administrada,FD00240,C00347,2025-11-16,2025T4,Varejo,Fundos,Internet Banking,2-5 anos,10,Assessoria ajudou na decisao,,,,,,,,,
347.0,2025-11-11 00:00:00,PRD_CAR,13.0,0.0,64.5,0.0,347,Carteira Administrada,FD00294,C00347,2025-11-14,2025T4,Varejo,Fundos,Central de Atendimento,6-24 meses,9,Assessoria ajudou na decisao,,,,,,,,,
347.0,2025-11-11 00:00:00,PRD_CAR,13.0,0.0,64.5,0.0,347,Carteira Administrada,FD00300,C00347,2025-11-03,2025T4,Varejo,Carteira Administrada,Internet Banking,0-6 meses,9,Informacoes estavam faceis de encontrar,,,,,,,,,
347.0,2025-11-10 00:00:00,PRD_FND,3.0,0.0,9.7,0.0,347,Fundos,FD00240,C00347,2025-11-16,2025T4,Varejo,Fundos,Internet Banking,2-5 anos,10,Assessoria ajudou na decisao,,,,,,,,,
347.0,2025-11-10 00:00:00,PRD_FND,3.0,0.0,9.7,0.0,347,Fundos,FD00294,C00347,2025-11-14,2025T4,Varejo,Fundos,Central de Atendimento,6-24 meses,9,Assessoria ajudou na decisao,,,,,,,,,
347.0,2025-11-10 00:00:00,PRD_FND,3.0,0.0,9.7,0.0,347,Fundos,FD00300,C00347,2025-11-03,2025T4,Varejo,Carteira Administrada,Internet Banking,0-6 meses,9,Informacoes estavam faceis de encontrar,,,,,,,,,
348.0,2026-04-30 00:00:00,PRD_CAR,2.0,1.0,87.1,0.0,348,Carteira Administrada,FD00945,C00348,2026-04-23,2026T2,Private,Carteira Administrada,Central de Atendimento,2-5 anos,10,Consegui acompanhar minha carteira,,,,,,,,,
351.0,2025-12-26 00:00:00,PRD_TES,8.0,0.0,21.2,1.0,351,Tesouro Direto,FD00543,C00351,2026-01-01,2026T1,Alta Renda,Tesouro Direto,Internet Banking,6-24 meses,9,Informacoes estavam faceis de encontrar,351.0,01-02-2026,TESOURO DIRETO,8,reclamacao atendimento,Chat,Resolvido,,Tesouro Direto
351.0,2025-12-26 00:00:00,PRD_TES,8.0,0.0,21.2,1.0,351,Tesouro Direto,FD00591,C00351,2026-02-26,2026T1,Alta Renda,Carteira Administrada,Internet Banking,2-5 anos,10,Consegui acompanhar minha carteira,351.0,01-02-2026,TESOURO DIRETO,8,reclamacao atendimento,Chat,Resolvido,,Tesouro Direto
351.0,2026-03-04 00:00:00,PRD_CAR,7.0,0.0,32.0,0.0,351,Carteira Administrada,FD00543,C00351,2026-01-01,2026T1,Alta Renda,Tesouro Direto,Internet Banking,6-24 meses,9,Informacoes estavam faceis de encontrar,351.0,01-02-2026,TESOURO DIRETO,8,reclamacao atendimento,Chat,Resolvido,,Tesouro Direto
351.0,2026-03-04 00:00:00,PRD_CAR,7.0,0.0,32.0,0.0,351,Carteira Administrada,FD00591,C00351,2026-02-26,2026T1,Alta Renda,Carteira Administrada,Internet Banking,2-5 anos,10,Consegui acompanhar minha carteira,351.0,01-02-2026,TESOURO DIRETO,8,reclamacao atendimento,Chat,Resolvido,,Tesouro Direto
353.0,2026-05-19 00:00:00,PRD_CDB,7.0,0.0,23.9,0.0,353,CDB,FD00919,C00353,2026-05-12,2026T2,Varejo,CDB,Assessoria,5+ anos,7,Aplicativo poderia explicar melhor,,,,,,,,,
354.0,2025-08-15 00:00:00,PRD_CDB,4.0,0.0,8.2,0.0,354,CDB,FD00131,C00354,2025-08-20,2025T3,Private,CDB,App,0-6 meses,4,Nao entendi a cobranca,354.0,22/08/2025,cdb,5,duvida rentabilidade,Chat,Resolvido,Informacoes estavam faceis de encontrar,CDB
354.0,2025-08-15 00:00:00,PRD_CDB,4.0,0.0,8.2,0.0,354,CDB,FD00131,C00354,2025-08-20,2025T3,Private,CDB,App,0-6 meses,4,Nao entendi a cobranca,354.0,2025-08-22,CDB,10,reclamacao atendimento,E-mail,Resolvido,Atendimento claro e rapido,CDB
354.0,2025-08-15 00:00:00,PRD_CDB,4.0,0.0,8.2,0.0,354,CDB,FD00214,C00354,2025-08-20,2025T3,Private,CDB,Assessoria,5+ anos,10,Consegui acompanhar minha carteira,354.0,22/08/2025,cdb,5,duvida rentabilidade,Chat,Resolvido,Informacoes estavam faceis de encontrar,CDB
354.0,2025-08-15 00:00:00,PRD_CDB,4.0,0.0,8.2,0.0,354,CDB,FD00214,C00354,2025-08-20,2025T3,Private,CDB,Assessoria,5+ anos,10,Consegui acompanhar minha carteira,354.0,2025-08-22,CDB,10,reclamacao atendimento,E-mail,Resolvido,Atendimento claro e rapido,CDB
354.0,2025-08-15 00:00:00,PRD_CDB,4.0,0.0,8.2,0.0,354,CDB,FD00747,C00354,2026-05-23,2026T2,Private,Carteira Administrada,App,0-6 meses,9,Informacoes estavam faceis de encontrar,354.0,22/08/2025,cdb,5,duvida rentabilidade,Chat,Resolvido,Informacoes estavam faceis de encontrar,CDB
354.0,2025-08-15 00:00:00,PRD_CDB,4.0,0.0,8.2,0.0,354,CDB,FD00747,C00354,2026-05-23,2026T2,Private,Carteira Administrada,App,0-6 meses,9,Informacoes estavam faceis de encontrar,354.0,2025-08-22,CDB,10,reclamacao atendimento,E-mail,Resolvido,Atendimento claro e rapido,CDB
354.0,2025-08-30 00:00:00,PRD_CDB,4.0,0.0,29.2,1.0,354,CDB,FD00131,C00354,2025-08-20,2025T3,Private,CDB,App,0-6 meses,4,Nao entendi a cobranca,354.0,22/08/2025,cdb,5,duvida rentabilidade,Chat,Resolvido,Informacoes estavam faceis de encontrar,CDB
354.0,2025-08-30 00:00:00,PRD_CDB,4.0,0.0,29.2,1.0,354,CDB,FD00131,C00354,2025-08-20,2025T3,Private,CDB,App,0-6 meses,4,Nao entendi a cobranca,354.0,2025-08-22,CDB,10,reclamacao atendimento,E-mail,Resolvido,Atendimento claro e rapido,CDB
354.0,2025-08-30 00:00:00,PRD_CDB,4.0,0.0,29.2,1.0,354,CDB,FD00214,C00354,2025-08-20,2025T3,Private,CDB,Assessoria,5+ anos,10,Consegui acompanhar minha carteira,354.0,22/08/2025,cdb,5,duvida rentabilidade,Chat,Resolvido,Informacoes estavam faceis de encontrar,CDB
354.0,2025-08-30 00:00:00,PRD_CDB,4.0,0.0,29.2,1.0,354,CDB,FD00214,C00354,2025-08-20,2025T3,Private,CDB,Assessoria,5+ anos,10,Consegui acompanhar minha carteira,354.0,2025-08-22,CDB,10,reclamacao atendimento,E-mail,Resolvido,Atendimento claro e rapido,CDB
354.0,2025-08-30 00:00:00,PRD_CDB,4.0,0.0,29.2,1.0,354,CDB,FD00747,C00354,2026-05-23,2026T2,Private,Carteira Administrada,App,0-6 meses,9,Informacoes estavam faceis de encontrar,354.0,22/08/2025,cdb,5,duvida rentabilidade,Chat,Resolvido,Informacoes estavam faceis de encontrar,CDB
354.0,2025-08-30 00:00:00,PRD_CDB,4.0,0.0,29.2,1.0,354,CDB,FD00747,C00354,2026-05-23,2026T2,Private,Carteira Administrada,App,0-6 meses,9,Informacoes estavam faceis de encontrar,354.0,2025-08-22,CDB,10,reclamacao atendimento,E-mail,Resolvido,Atendimento claro e rapido,CDB
354.0,2026-05-24 00:00:00,PRD_CAR,6.0,0.0,74.3,0.0,354,Carteira Administrada,FD00131,C00354,2025-08-20,2025T3,Private,CDB,App,0-6 meses,4,Nao entendi a cobranca,354.0,22/08/2025,cdb,5,duvida rentabilidade,Chat,Resolvido,Informacoes estavam faceis de encontrar,CDB
354.0,2026-05-24 00:00:00,PRD_CAR,6.0,0.0,74.3,0.0,354,Carteira Administrada,FD00131,C00354,2025-08-20,2025T3,Private,CDB,App,0-6 meses,4,Nao entendi a cobranca,354.0,2025-08-22,CDB,10,reclamacao atendimento,E-mail,Resolvido,Atendimento claro e rapido,CDB
354.0,2026-05-24 00:00:00,PRD_CAR,6.0,0.0,74.3,0.0,354,Carteira Administrada,FD00214,C00354,2025-08-20,2025T3,Private,CDB,Assessoria,5+ anos,10,Consegui acompanhar minha carteira,354.0,22/08/2025,cdb,5,duvida rentabilidade,Chat,Resolvido,Informacoes estavam faceis de encontrar,CDB
354.0,2026-05-24 00:00:00,PRD_CAR,6.0,0.0,74.3,0.0,354,Carteira Administrada,FD00214,C00354,2025-08-20,2025T3,Private,CDB,Assessoria,5+ anos,10,Consegui acompanhar minha carteira,354.0,2025-08-22,CDB,10,reclamacao atendimento,E-mail,Resolvido,Atendimento claro e rapido,CDB
354.0,2026-05-24 00:00:00,PRD_CAR,6.0,0.0,74.3,0.0,354,Carteira Administrada,FD00747,C00354,2026-05-23,2026T2,Private,Carteira Administrada,App,0-6 meses,9,Informacoes estavam faceis de encontrar,354.0,22/08/2025,cdb,5,duvida rentabilidade,Chat,Resolvido,Informacoes estavam faceis de encontrar,CDB
354.0,2026-05-24 00:00:00,PRD_CAR,6.0,0.0,74.3,0.0,354,Carteira Administrada,FD00747,C00354,2026-05-23,2026T2,Private,Carteira Administrada,App,0-6 meses,9,Informacoes estavam faceis de encontrar,354.0,2025-08-22,CDB,10,reclamacao atendimento,E-mail,Resolvido,Atendimento claro e rapido,CDB
355.0,2025-08-10 00:00:00,PRD_CAR,1.0,1.0,41.0,0.0,355,Carteira Administrada,FD00149,C00355,2025-08-11,2025T3,Private,Carteira Administrada,Assessoria,6-24 meses,9,Atendimento claro e rapido,355.0,14/08/2025,carteira administrada,8,acesso app,E-mail,Resolvido,,Carteira Administrada
356.0,2026-04-01 00:00:00,PRD_FND,9.0,1.0,21.5,0.0,356,Fundos,FD00912,C00356,2026-04-10,2026T2,Varejo,Fundos,Assessoria,6-24 meses,9,Assessoria ajudou na decisao,,,,,,,,,
357.0,2025-11-18 00:00:00,PRD_TES,10.0,0.0,16.3,0.0,357,Tesouro Direto,FD00111,C00357,2025-08-02,2025T3,Private,Tesouro Direto,App,5+ anos,9,Boa experiencia no aplicativo,357.0,01-Aug-25,Tesouro,9,resgate,Chat,Resolvido,Informacoes divergentes sobre o produto,Tesouro Direto
357.0,2025-11-18 00:00:00,PRD_TES,10.0,0.0,16.3,0.0,357,Tesouro Direto,FD00462,C00357,2025-11-14,2025T4,Private,Tesouro Direto,App,5+ anos,10,Consegui acompanhar minha carteira,357.0,01-Aug-25,Tesouro,9,resgate,Chat,Resolvido,Informacoes divergentes sobre o produto,Tesouro Direto
357.0,2025-11-18 00:00:00,PRD_TES,10.0,0.0,16.3,0.0,357,Tesouro Direto,FD00597,C00357,2026-01-18,2026T1,Private,Tesouro Direto,App,6-24 meses,10,Atendimento claro e rapido,357.0,01-Aug-25,Tesouro,9,resgate,Chat,Resolvido,Informacoes divergentes sobre o produto,Tesouro Direto
357.0,2026-01-24 00:00:00,PRD_TES,12.0,0.0,10.0,1.0,357,Tesouro Direto,FD00111,C00357,2025-08-02,2025T3,Private,Tesouro Direto,App,5+ anos,9,Boa experiencia no aplicativo,357.0,01-Aug-25,Tesouro,9,resgate,Chat,Resolvido,Informacoes divergentes sobre o produto,Tesouro Direto
357.0,2026-01-24 00:00:00,PRD_TES,12.0,0.0,10.0,1.0,357,Tesouro Direto,FD00462,C00357,2025-11-14,2025T4,Private,Tesouro Direto,App,5+ anos,10,Consegui acompanhar minha carteira,357.0,01-Aug-25,Tesouro,9,resgate,Chat,Resolvido,Informacoes divergentes sobre o produto,Tesouro Direto
357.0,2026-01-24 00:00:00,PRD_TES,12.0,0.0,10.0,1.0,357,Tesouro Direto,FD00597,C00357,2026-01-18,2026T1,Private,Tesouro Direto,App,6-24 meses,10,Atendimento claro e rapido,357.0,01-Aug-25,Tesouro,9,resgate,Chat,Resolvido,Informacoes divergentes sobre o produto,Tesouro Direto
357.0,2025-07-30 00:00:00,PRD_TES,14.0,0.0,12.2,0.0,357,Tesouro Direto,FD00111,C00357,2025-08-02,2025T3,Private,Tesouro Direto,App,5+ anos,9,Boa experiencia no aplicativo,357.0,01-Aug-25,Tesouro,9,resgate,Chat,Resolvido,Informacoes divergentes sobre o produto,Tesouro Direto
357.0,2025-07-30 00:00:00,PRD_TES,14.0,0.0,12.2,0.0,357,Tesouro Direto,FD00462,C00357,2025-11-14,2025T4,Private,Tesouro Direto,App,5+ anos,10,Consegui acompanhar minha carteira,357.0,01-Aug-25,Tesouro,9,resgate,Chat,Resolvido,Informacoes divergentes sobre o produto,Tesouro Direto
357.0,2025-07-30 00:00:00,PRD_TES,14.0,0.0,12.2,0.0,357,Tesouro Direto,FD00597,C00357,2026-01-18,2026T1,Private,Tesouro Direto,App,6-24 meses,10,Atendimento claro e rapido,357.0,01-Aug-25,Tesouro,9,resgate,Chat,Resolvido,Informacoes divergentes sobre o produto,Tesouro Direto
358.0,2026-02-26 00:00:00,PRD_FND,15.0,0.0,2.8,0.0,358,Fundos,FD00169,C00358,2025-09-18,2025T3,Varejo,Tesouro Direto,Assessoria,6-24 meses,6,Aplicativo travou durante consulta,358.0,2026-04-06,Fundos,,reclamacao atendimento,Chat,Resolvido,Aplicativo poderia explicar melhor,Fundos
358.0,2026-02-26 00:00:00,PRD_FND,15.0,0.0,2.8,0.0,358,Fundos,FD00169,C00358,2025-09-18,2025T3,Varejo,Tesouro Direto,Assessoria,6-24 meses,6,Aplicativo travou durante consulta,358.0,2026-04-06,Fundos,,reclamacao atendimento,Chat,Resolvido,Aplicativo poderia explicar melhor,Fundos
358.0,2026-02-26 00:00:00,PRD_FND,15.0,0.0,2.8,0.0,358,Fundos,FD00480,C00358,2026-02-22,2026T1,Varejo,Fundos,App,6-24 meses,9,Assessoria ajudou na decisao,358.0,2026-04-06,Fundos,,reclamacao atendimento,Chat,Resolvido,Aplicativo poderia explicar melhor,Fundos
358.0,2026-02-26 00:00:00,PRD_FND,15.0,0.0,2.8,0.0,358,Fundos,FD00480,C00358,2026-02-22,2026T1,Varejo,Fundos,App,6-24 meses,9,Assessoria ajudou na decisao,358.0,2026-04-06,Fundos,,reclamacao atendimento,Chat,Resolvido,Aplicativo poderia explicar melhor,Fundos
358.0,2026-02-26 00:00:00,PRD_FND,15.0,0.0,2.8,0.0,358,Fundos,FD00790,C00358,2026-04-03,2026T2,Varejo,Fundos,App,2-5 anos,9,Assessoria ajudou na decisao,358.0,2026-04-06,Fundos,,reclamacao atendimento,Chat,Resolvido,Aplicativo poderia explicar melhor,Fundos
358.0,2026-02-26 00:00:00,PRD_FND,15.0,0.0,2.8,0.0,358,Fundos,FD00790,C00358,2026-04-03,2026T2,Varejo,Fundos,App,2-5 anos,9,Assessoria ajudou na decisao,358.0,2026-04-06,Fundos,,reclamacao atendimento,Chat,Resolvido,Aplicativo poderia explicar melhor,Fundos
358.0,2026-04-03 00:00:00,PRD_FND,11.0,0.0,35.8,0.0,358,Fundos,FD00169,C00358,2025-09-18,2025T3,Varejo,Tesouro Direto,Assessoria,6-24 meses,6,Aplicativo travou durante consulta,358.0,2026-04-06,Fundos,,reclamacao atendimento,Chat,Resolvido,Aplicativo poderia explicar melhor,Fundos
358.0,2026-04-03 00:00:00,PRD_FND,11.0,0.0,35.8,0.0,358,Fundos,FD00169,C00358,2025-09-18,2025T3,Varejo,Tesouro Direto,Assessoria,6-24 meses,6,Aplicativo travou durante consulta,358.0,2026-04-06,Fundos,,reclamacao atendimento,Chat,Resolvido,Aplicativo poderia explicar melhor,Fundos
358.0,2026-04-03 00:00:00,PRD_FND,11.0,0.0,35.8,0.0,358,Fundos,FD00480,C00358,2026-02-22,2026T1,Varejo,Fundos,App,6-24 meses,9,Assessoria ajudou na decisao,358.0,2026-04-06,Fundos,,reclamacao atendimento,Chat,Resolvido,Aplicativo poderia explicar melhor,Fundos
358.0,2026-04-03 00:00:00,PRD_FND,11.0,0.0,35.8,0.0,358,Fundos,FD00480,C00358,2026-02-22,2026T1,Varejo,Fundos,App,6-24 meses,9,Assessoria ajudou na decisao,358.0,2026-04-06,Fundos,,reclamacao atendimento,Chat,Resolvido,Aplicativo poderia explicar melhor,Fundos
358.0,2026-04-03 00:00:00,PRD_FND,11.0,0.0,35.8,0.0,358,Fundos,FD00790,C00358,2026-04-03,2026T2,Varejo,Fundos,App,2-5 anos,9,Assessoria ajudou na decisao,358.0,2026-04-06,Fundos,,reclamacao atendimento,Chat,Resolvido,Aplicativo poderia explicar melhor,Fundos
358.0,2026-04-03 00:00:00,PRD_FND,11.0,0.0,35.8,0.0,358,Fundos,FD00790,C00358,2026-04-03,2026T2,Varejo,Fundos,App,2-5 anos,9,Assessoria ajudou na decisao,358.0,2026-04-06,Fundos,,reclamacao atendimento,Chat,Resolvido,Aplicativo poderia explicar melhor,Fundos
358.0,2025-09-20 00:00:00,PRD_TES,4.0,0.0,10.5,0.0,358,Tesouro Direto,FD00169,C00358,2025-09-18,2025T3,Varejo,Tesouro Direto,Assessoria,6-24 meses,6,Aplicativo travou durante consulta,358.0,2026-04-06,Fundos,,reclamacao atendimento,Chat,Resolvido,Aplicativo poderia explicar melhor,Fundos
358.0,2025-09-20 00:00:00,PRD_TES,4.0,0.0,10.5,0.0,358,Tesouro Direto,FD00169,C00358,2025-09-18,2025T3,Varejo,Tesouro Direto,Assessoria,6-24 meses,6,Aplicativo travou durante consulta,358.0,2026-04-06,Fundos,,reclamacao atendimento,Chat,Resolvido,Aplicativo poderia explicar melhor,Fundos
358.0,2025-09-20 00:00:00,PRD_TES,4.0,0.0,10.5,0.0,358,Tesouro Direto,FD00480,C00358,2026-02-22,2026T1,Varejo,Fundos,App,6-24 meses,9,Assessoria ajudou na decisao,358.0,2026-04-06,Fundos,,reclamacao atendimento,Chat,Resolvido,Aplicativo poderia explicar melhor,Fundos
358.0,2025-09-20 00:00:00,PRD_TES,4.0,0.0,10.5,0.0,358,Tesouro Direto,FD00480,C00358,2026-02-22,2026T1,Varejo,Fundos,App,6-24 meses,9,Assessoria ajudou na decisao,358.0,2026-04-06,Fundos,,reclamacao atendimento,Chat,Resolvido,Aplicativo poderia explicar melhor,Fundos
358.0,2025-09-20 00:00:00,PRD_TES,4.0,0.0,10.5,0.0,358,Tesouro Direto,FD00790,C00358,2026-04-03,2026T2,Varejo,Fundos,App,2-5 anos,9,Assessoria ajudou na decisao,358.0,2026-04-06,Fundos,,reclamacao atendimento,Chat,Resolvido,Aplicativo poderia explicar melhor,Fundos
358.0,2025-09-20 00:00:00,PRD_TES,4.0,0.0,10.5,0.0,358,Tesouro Direto,FD00790,C00358,2026-04-03,2026T2,Varejo,Fundos,App,2-5 anos,9,Assessoria ajudou na decisao,358.0,2026-04-06,Fundos,,reclamacao atendimento,Chat,Resolvido,Aplicativo poderia explicar melhor,Fundos
359.0,2026-05-19 00:00:00,PRD_TES,12.0,0.0,27.3,0.0,359,Tesouro Direto,FD00219,C00359,2025-09-15,2025T3,Novo Investidor,CDB,App,6-24 meses,7,"Experiencia ok, mas poderia ser mais simples",359.0,2025-09-14,cdb,7,duvida rentabilidade,E-mail,Resolvido,Informacoes estavam faceis de encontrar,CDB
359.0,2026-05-19 00:00:00,PRD_TES,12.0,0.0,27.3,0.0,359,Tesouro Direto,FD00802,C00359,2026-05-22,2026T2,Novo Investidor,Tesouro Direto,App,6-24 meses,9,Atendimento claro e rapido,359.0,2025-09-14,cdb,7,duvida rentabilidade,E-mail,Resolvido,Informacoes estavam faceis de encontrar,CDB
359.0,2025-09-17 00:00:00,PRD_CDB,14.0,0.0,14.5,0.0,359,CDB,FD00219,C00359,2025-09-15,2025T3,Novo Investidor,CDB,App,6-24 meses,7,"Experiencia ok, mas poderia ser mais simples",359.0,2025-09-14,cdb,7,duvida rentabilidade,E-mail,Resolvido,Informacoes estavam faceis de encontrar,CDB
359.0,2025-09-17 00:00:00,PRD_CDB,14.0,0.0,14.5,0.0,359,CDB,FD00802,C00359,2026-05-22,2026T2,Novo Investidor,Tesouro Direto,App,6-24 meses,9,Atendimento claro e rapido,359.0,2025-09-14,cdb,7,duvida rentabilidade,E-mail,Resolvido,Informacoes estavam faceis de encontrar,CDB
,,,,,,,360,,FD00612,C00360,2026-02-07,2026T1,Varejo,Fundos,App,0-6 meses,10,Boa experiencia no aplicativo,360.0,07/02/2026,fundos de investimento,10,acesso app,Chat,Resolvido,Boa experiencia no aplicativo,Fundos
,,,,,,,360,,FD00651,C00360,2026-01-17,2026T1,Varejo,CDB,,6-24 meses,9,Atendimento claro e rapido,360.0,07/02/2026,fundos de investimento,10,acesso app,Chat,Resolvido,Boa experiencia no aplicativo,Fundos
362.0,2026-05-08 00:00:00,PRD_CAR,6.0,2.0,100.3,0.0,362,Carteira Administrada,FD00641,C00362,2026-01-22,2026T1,Varejo,Fundos,App,2-5 anos,10,Consegui acompanhar minha carteira,,,,,,,,,
362.0,2026-05-08 00:00:00,PRD_CAR,6.0,2.0,100.3,0.0,362,Carteira Administrada,FD00927,C00362,2026-05-12,2026T2,Varejo,Carteira Administrada,Internet Banking,2-5 anos,6,Nao entendi a cobranca,,,,,,,,,
362.0,2026-01-30 00:00:00,PRD_FND,7.0,0.0,19.6,1.0,362,Fundos,FD00641,C00362,2026-01-22,2026T1,Varejo,Fundos,App,2-5 anos,10,Consegui acompanhar minha carteira,,,,,,,,,
362.0,2026-01-30 00:00:00,PRD_FND,7.0,0.0,19.6,1.0,362,Fundos,FD00927,C00362,2026-05-12,2026T2,Varejo,Carteira Administrada,Internet Banking,2-5 anos,6,Nao entendi a cobranca,,,,,,,,,
363.0,2026-05-09 00:00:00,PRD_COE,11.0,0.0,25.6,0.0,363,COE,FD00888,C00363,2026-05-13,2026T2,Alta Renda,COE,App,6-24 meses,10,Consegui acompanhar minha carteira,,,,,,,,,
364.0,2026-04-18 00:00:00,PRD_FND,4.0,0.0,23.1,0.0,364,Fundos,FD00310,C00364,2025-11-13,2025T4,Alta Renda,Carteira Administrada,Internet Banking,2-5 anos,9,Informacoes estavam faceis de encontrar,,,,,,,,,
364.0,2026-04-18 00:00:00,PRD_FND,4.0,0.0,23.1,0.0,364,Fundos,FD00805,C00364,2026-04-12,2026T2,Alta Renda,Fundos,Central de Atendimento,0-6 meses,9,Boa experiencia no aplicativo,,,,,,,,,
364.0,2026-04-18 00:00:00,PRD_FND,4.0,0.0,23.1,0.0,364,Fundos,FD00310,C00364,2025-11-13,2025T4,Alta Renda,Carteira Administrada,Internet Banking,2-5 anos,9,Informacoes estavam faceis de encontrar,,,,,,,,,
364.0,2025-11-18 00:00:00,PRD_CAR,5.0,1.0,46.1,0.0,364,Carteira Administrada,FD00310,C00364,2025-11-13,2025T4,Alta Renda,Carteira Administrada,Internet Banking,2-5 anos,9,Informacoes estavam faceis de encontrar,,,,,,,,,
364.0,2025-11-18 00:00:00,PRD_CAR,5.0,1.0,46.1,0.0,364,Carteira Administrada,FD00805,C00364,2026-04-12,2026T2,Alta Renda,Fundos,Central de Atendimento,0-6 meses,9,Boa experiencia no aplicativo,,,,,,,,,
364.0,2025-11-18 00:00:00,PRD_CAR,5.0,1.0,46.1,0.0,364,Carteira Administrada,FD00310,C00364,2025-11-13,2025T4,Alta Renda,Carteira Administrada,Internet Banking,2-5 anos,9,Informacoes estavam faceis de encontrar,,,,,,,,,
365.0,2025-09-10 00:00:00,PRD_CAR,6.0,0.0,56.4,0.0,365,Carteira Administrada,FD00068,C00365,2025-09-18,2025T3,Novo Investidor,Carteira Administrada,Internet Banking,5+ anos,9,Atendimento claro e rapido,,,,,,,,,
366.0,2026-01-20 00:00:00,PRD_CDB,10.0,0.0,17.2,0.0,366,CDB,FD00562,C00366,2026-01-29,2026T1,Alta Renda,CDB,Internet Banking,0-6 meses,7,Demorou um pouco para encontrar informacoes,366.0,01-30-2026,CDB,7,explicacao risco,Telefone,Resolvido,,CDB
366.0,2026-01-20 00:00:00,PRD_CDB,10.0,0.0,17.2,0.0,366,CDB,FD00587,C00366,2026-03-01,2026T1,Alta Renda,Fundos,Central de Atendimento,5+ anos,10,Atendimento claro e rapido,366.0,01-30-2026,CDB,7,explicacao risco,Telefone,Resolvido,,CDB
366.0,2026-03-09 00:00:00,PRD_FND,4.0,0.0,18.1,0.0,366,Fundos,FD00562,C00366,2026-01-29,2026T1,Alta Renda,CDB,Internet Banking,0-6 meses,7,Demorou um pouco para encontrar informacoes,366.0,01-30-2026,CDB,7,explicacao risco,Telefone,Resolvido,,CDB
366.0,2026-03-09 00:00:00,PRD_FND,4.0,0.0,18.1,0.0,366,Fundos,FD00587,C00366,2026-03-01,2026T1,Alta Renda,Fundos,Central de Atendimento,5+ anos,10,Atendimento claro e rapido,366.0,01-30-2026,CDB,7,explicacao risco,Telefone,Resolvido,,CDB
367.0,2026-03-10 00:00:00,PRD_FND,8.0,0.0,28.8,0.0,367,Fundos,FD00552,C00367,2026-03-02,2026T1,Novo Investidor,Fundos,App,5+ anos,1,Aplicativo travou durante consulta,367.0,28/05/2026,tesouro direto,8,duvida rentabilidade,Telefone,Resolvido,Informacoes estavam faceis de encontrar,Tesouro Direto
367.0,2026-03-10 00:00:00,PRD_FND,8.0,0.0,28.8,0.0,367,Fundos,FD00716,C00367,2026-05-25,2026T2,Novo Investidor,Tesouro Direto,App,0-6 meses,7,"Atendimento resolveu, mas demorou",367.0,28/05/2026,tesouro direto,8,duvida rentabilidade,Telefone,Resolvido,Informacoes estavam faceis de encontrar,Tesouro Direto
368.0,2026-06-20 00:00:00,PRD_TES,12.0,0.0,19.8,0.0,368,Tesouro Direto,FD00890,C00368,2026-06-10,2026T2,Novo Investidor,Tesouro Direto,App,0-6 meses,10,Atendimento claro e rapido,368.0,06-10-2026,Tesouro,10,extrato,Chat,Resolvido,Aplicativo poderia explicar melhor,Tesouro Direto
368.0,2026-06-20 00:00:00,PRD_TES,12.0,0.0,19.8,0.0,368,Tesouro Direto,FD00890,C00368,2026-06-10,2026T2,Novo Investidor,Tesouro Direto,App,0-6 meses,10,Atendimento claro e rapido,368.0,06-10-2026,Tesouro,10,extrato,Chat,Resolvido,Aplicativo poderia explicar melhor,Tesouro Direto
369.0,2025-07-21 00:00:00,PRD_CAR,4.0,0.0,26.6,1.0,369,Carteira Administrada,FD00203,C00369,2025-09-28,2025T3,Private,Tesouro Direto,Assessoria,5+ anos,9,Atendimento claro e rapido,369.0,15-Feb-26,CDB,10,resgate,E-mail,Resolvido,,CDB
369.0,2025-07-21 00:00:00,PRD_CAR,4.0,0.0,26.6,1.0,369,Carteira Administrada,FD00205,C00369,2025-07-20,2025T3,Private,Carteira Administrada,Central de Atendimento,2-5 anos,9,Boa experiencia no aplicativo,369.0,15-Feb-26,CDB,10,resgate,E-mail,Resolvido,,CDB
369.0,2025-07-21 00:00:00,PRD_CAR,4.0,0.0,26.6,1.0,369,Carteira Administrada,FD00540,C00369,2026-03-28,2026T1,Private,Carteira Administrada,Central de Atendimento,2-5 anos,9,Informacoes estavam faceis de encontrar,369.0,15-Feb-26,CDB,10,resgate,E-mail,Resolvido,,CDB
369.0,2025-07-21 00:00:00,PRD_CAR,4.0,0.0,26.6,1.0,369,Carteira Administrada,FD00664,C00369,2026-02-17,2026T1,Private,CDB,Central de Atendimento,2-5 anos,10,Consegui acompanhar minha carteira,369.0,15-Feb-26,CDB,10,resgate,E-mail,Resolvido,,CDB
369.0,2025-07-21 00:00:00,PRD_CAR,4.0,0.0,26.6,1.0,369,Carteira Administrada,FD00678,C00369,2026-02-26,2026T1,Private,Tesouro Direto,Internet Banking,6-24 meses,9,Consegui acompanhar minha carteira,369.0,15-Feb-26,CDB,10,resgate,E-mail,Resolvido,,CDB
369.0,2025-09-25 00:00:00,PRD_TES,10.0,0.0,4.1,0.0,369,Tesouro Direto,FD00203,C00369,2025-09-28,2025T3,Private,Tesouro Direto,Assessoria,5+ anos,9,Atendimento claro e rapido,369.0,15-Feb-26,CDB,10,resgate,E-mail,Resolvido,,CDB
369.0,2025-09-25 00:00:00,PRD_TES,10.0,0.0,4.1,0.0,369,Tesouro Direto,FD00205,C00369,2025-07-20,2025T3,Private,Carteira Administrada,Central de Atendimento,2-5 anos,9,Boa experiencia no aplicativo,369.0,15-Feb-26,CDB,10,resgate,E-mail,Resolvido,,CDB
369.0,2025-09-25 00:00:00,PRD_TES,10.0,0.0,4.1,0.0,369,Tesouro Direto,FD00540,C00369,2026-03-28,2026T1,Private,Carteira Administrada,Central de Atendimento,2-5 anos,9,Informacoes estavam faceis de encontrar,369.0,15-Feb-26,CDB,10,resgate,E-mail,Resolvido,,CDB
369.0,2025-09-25 00:00:00,PRD_TES,10.0,0.0,4.1,0.0,369,Tesouro Direto,FD00664,C00369,2026-02-17,2026T1,Private,CDB,Central de Atendimento,2-5 anos,10,Consegui acompanhar minha carteira,369.0,15-Feb-26,CDB,10,resgate,E-mail,Resolvido,,CDB
369.0,2025-09-25 00:00:00,PRD_TES,10.0,0.0,4.1,0.0,369,Tesouro Direto,FD00678,C00369,2026-02-26,2026T1,Private,Tesouro Direto,Internet Banking,6-24 meses,9,Consegui acompanhar minha carteira,369.0,15-Feb-26,CDB,10,resgate,E-mail,Resolvido,,CDB
369.0,2026-03-22 00:00:00,PRD_CAR,6.0,1.0,55.3,0.0,369,Carteira Administrada,FD00203,C00369,2025-09-28,2025T3,Private,Tesouro Direto,Assessoria,5+ anos,9,Atendimento claro e rapido,369.0,15-Feb-26,CDB,10,resgate,E-mail,Resolvido,,CDB
369.0,2026-03-22 00:00:00,PRD_CAR,6.0,1.0,55.3,0.0,369,Carteira Administrada,FD00205,C00369,2025-07-20,2025T3,Private,Carteira Administrada,Central de Atendimento,2-5 anos,9,Boa experiencia no aplicativo,369.0,15-Feb-26,CDB,10,resgate,E-mail,Resolvido,,CDB
369.0,2026-03-22 00:00:00,PRD_CAR,6.0,1.0,55.3,0.0,369,Carteira Administrada,FD00540,C00369,2026-03-28,2026T1,Private,Carteira Administrada,Central de Atendimento,2-5 anos,9,Informacoes estavam faceis de encontrar,369.0,15-Feb-26,CDB,10,resgate,E-mail,Resolvido,,CDB
369.0,2026-03-22 00:00:00,PRD_CAR,6.0,1.0,55.3,0.0,369,Carteira Administrada,FD00664,C00369,2026-02-17,2026T1,Private,CDB,Central de Atendimento,2-5 anos,10,Consegui acompanhar minha carteira,369.0,15-Feb-26,CDB,10,resgate,E-mail,Resolvido,,CDB
369.0,2026-03-22 00:00:00,PRD_CAR,6.0,1.0,55.3,0.0,369,Carteira Administrada,FD00678,C00369,2026-02-26,2026T1,Private,Tesouro Direto,Internet Banking,6-24 meses,9,Consegui acompanhar minha carteira,369.0,15-Feb-26,CDB,10,resgate,E-mail,Resolvido,,CDB
369.0,2026-03-01 00:00:00,PRD_TES,6.0,0.0,5.4,0.0,369,Tesouro Direto,FD00203,C00369,2025-09-28,2025T3,Private,Tesouro Direto,Assessoria,5+ anos,9,Atendimento claro e rapido,369.0,15-Feb-26,CDB,10,resgate,E-mail,Resolvido,,CDB
369.0,2026-03-01 00:00:00,PRD_TES,6.0,0.0,5.4,0.0,369,Tesouro Direto,FD00205,C00369,2025-07-20,2025T3,Private,Carteira Administrada,Central de Atendimento,2-5 anos,9,Boa experiencia no aplicativo,369.0,15-Feb-26,CDB,10,resgate,E-mail,Resolvido,,CDB
369.0,2026-03-01 00:00:00,PRD_TES,6.0,0.0,5.4,0.0,369,Tesouro Direto,FD00540,C00369,2026-03-28,2026T1,Private,Carteira Administrada,Central de Atendimento,2-5 anos,9,Informacoes estavam faceis de encontrar,369.0,15-Feb-26,CDB,10,resgate,E-mail,Resolvido,,CDB
369.0,2026-03-01 00:00:00,PRD_TES,6.0,0.0,5.4,0.0,369,Tesouro Direto,FD00664,C00369,2026-02-17,2026T1,Private,CDB,Central de Atendimento,2-5 anos,10,Consegui acompanhar minha carteira,369.0,15-Feb-26,CDB,10,resgate,E-mail,Resolvido,,CDB
369.0,2026-03-01 00:00:00,PRD_TES,6.0,0.0,5.4,0.0,369,Tesouro Direto,FD00678,C00369,2026-02-26,2026T1,Private,Tesouro Direto,Internet Banking,6-24 meses,9,Consegui acompanhar minha carteira,369.0,15-Feb-26,CDB,10,resgate,E-mail,Resolvido,,CDB
370.0,2026-02-24 00:00:00,PRD_TES,7.0,0.0,14.5,0.0,370,Tesouro Direto,FD00607,C00370,2026-03-03,2026T1,Private,Tesouro Direto,Internet Banking,2-5 anos,9,Atendimento claro e rapido,,,,,,,,,
371.0,2026-04-06 00:00:00,PRD_CAR,5.0,0.0,89.1,0.0,371,Carteira Administrada,FD00837,C00371,2026-04-08,2026T2,Private,Carteira Administrada,App,5+ anos,10,Boa experiencia no aplicativo,,,,,,,,,
372.0,2026-03-26 00:00:00,PRD_CAR,7.0,0.0,31.8,0.0,372,Carteira Administrada,FD00006,C00372,2025-09-18,2025T3,Private,Fundos,App,0-6 meses,10,Atendimento claro e rapido,,,,,,,,,
372.0,2026-03-26 00:00:00,PRD_CAR,7.0,0.0,31.8,0.0,372,Carteira Administrada,FD00061,C00372,2025-09-23,2025T3,Private,Fundos,App,6-24 meses,10,Informacoes estavam faceis de encontrar,,,,,,,,,
372.0,2026-03-26 00:00:00,PRD_CAR,7.0,0.0,31.8,0.0,372,Carteira Administrada,FD00554,C00372,2026-03-16,2026T1,Private,Carteira Administrada,Internet Banking,5+ anos,10,Consegui acompanhar minha carteira,,,,,,,,,
372.0,2025-09-11 00:00:00,PRD_FND,9.0,0.0,11.8,0.0,372,Fundos,FD00006,C00372,2025-09-18,2025T3,Private,Fundos,App,0-6 meses,10,Atendimento claro e rapido,,,,,,,,,
372.0,2025-09-11 00:00:00,PRD_FND,9.0,0.0,11.8,0.0,372,Fundos,FD00061,C00372,2025-09-23,2025T3,Private,Fundos,App,6-24 meses,10,Informacoes estavam faceis de encontrar,,,,,,,,,
372.0,2025-09-11 00:00:00,PRD_FND,9.0,0.0,11.8,0.0,372,Fundos,FD00554,C00372,2026-03-16,2026T1,Private,Carteira Administrada,Internet Banking,5+ anos,10,Consegui acompanhar minha carteira,,,,,,,,,
372.0,2025-09-19 00:00:00,PRD_FND,8.0,0.0,26.2,1.0,372,Fundos,FD00006,C00372,2025-09-18,2025T3,Private,Fundos,App,0-6 meses,10,Atendimento claro e rapido,,,,,,,,,
372.0,2025-09-19 00:00:00,PRD_FND,8.0,0.0,26.2,1.0,372,Fundos,FD00061,C00372,2025-09-23,2025T3,Private,Fundos,App,6-24 meses,10,Informacoes estavam faceis de encontrar,,,,,,,,,
372.0,2025-09-19 00:00:00,PRD_FND,8.0,0.0,26.2,1.0,372,Fundos,FD00554,C00372,2026-03-16,2026T1,Private,Carteira Administrada,Internet Banking,5+ anos,10,Consegui acompanhar minha carteira,,,,,,,,,
373.0,2025-12-13 00:00:00,PRD_TES,6.0,0.0,36.1,1.0,373,Tesouro Direto,FD00054,C00373,2025-07-20,2025T3,Private,Fundos,App,6-24 meses,8,Aplicativo poderia explicar melhor,,,,,,,,,
373.0,2025-12-13 00:00:00,PRD_TES,6.0,0.0,36.1,1.0,373,Tesouro Direto,FD00344,C00373,2025-12-10,2025T4,Private,Tesouro Direto,Central de Atendimento,6-24 meses,1,Nao ficou claro o risco do produto,,,,,,,,,
373.0,2025-12-13 00:00:00,PRD_TES,6.0,0.0,36.1,1.0,373,Tesouro Direto,FD00420,C00373,2025-11-26,2025T4,Private,Tesouro Direto,Internet Banking,6-24 meses,10,Consegui acompanhar minha carteira,,,,,,,,,
373.0,2025-12-13 00:00:00,PRD_TES,6.0,0.0,36.1,1.0,373,Tesouro Direto,FD00925,C00373,2026-06-13,2026T2,Private,Fundos,Assessoria,6-24 meses,9,Boa experiencia no aplicativo,,,,,,,,,
373.0,2025-07-18 00:00:00,PRD_FND,15.0,0.0,5.7,0.0,373,Fundos,FD00054,C00373,2025-07-20,2025T3,Private,Fundos,App,6-24 meses,8,Aplicativo poderia explicar melhor,,,,,,,,,
373.0,2025-07-18 00:00:00,PRD_FND,15.0,0.0,5.7,0.0,373,Fundos,FD00344,C00373,2025-12-10,2025T4,Private,Tesouro Direto,Central de Atendimento,6-24 meses,1,Nao ficou claro o risco do produto,,,,,,,,,
373.0,2025-07-18 00:00:00,PRD_FND,15.0,0.0,5.7,0.0,373,Fundos,FD00420,C00373,2025-11-26,2025T4,Private,Tesouro Direto,Internet Banking,6-24 meses,10,Consegui acompanhar minha carteira,,,,,,,,,
373.0,2025-07-18 00:00:00,PRD_FND,15.0,0.0,5.7,0.0,373,Fundos,FD00925,C00373,2026-06-13,2026T2,Private,Fundos,Assessoria,6-24 meses,9,Boa experiencia no aplicativo,,,,,,,,,
373.0,2026-06-18 00:00:00,PRD_FND,9.0,0.0,18.3,0.0,373,Fundos,FD00054,C00373,2025-07-20,2025T3,Private,Fundos,App,6-24 meses,8,Aplicativo poderia explicar melhor,,,,,,,,,
373.0,2026-06-18 00:00:00,PRD_FND,9.0,0.0,18.3,0.0,373,Fundos,FD00344,C00373,2025-12-10,2025T4,Private,Tesouro Direto,Central de Atendimento,6-24 meses,1,Nao ficou claro o risco do produto,,,,,,,,,
373.0,2026-06-18 00:00:00,PRD_FND,9.0,0.0,18.3,0.0,373,Fundos,FD00420,C00373,2025-11-26,2025T4,Private,Tesouro Direto,Internet Banking,6-24 meses,10,Consegui acompanhar minha carteira,,,,,,,,,
373.0,2026-06-18 00:00:00,PRD_FND,9.0,0.0,18.3,0.0,373,Fundos,FD00925,C00373,2026-06-13,2026T2,Private,Fundos,Assessoria,6-24 meses,9,Boa experiencia no aplicativo,,,,,,,,,
373.0,2025-11-26 00:00:00,PRD_TES,6.0,0.0,6.2,0.0,373,Tesouro Direto,FD00054,C00373,2025-07-20,2025T3,Private,Fundos,App,6-24 meses,8,Aplicativo poderia explicar melhor,,,,,,,,,
373.0,2025-11-26 00:00:00,PRD_TES,6.0,0.0,6.2,0.0,373,Tesouro Direto,FD00344,C00373,2025-12-10,2025T4,Private,Tesouro Direto,Central de Atendimento,6-24 meses,1,Nao ficou claro o risco do produto,,,,,,,,,
373.0,2025-11-26 00:00:00,PRD_TES,6.0,0.0,6.2,0.0,373,Tesouro Direto,FD00420,C00373,2025-11-26,2025T4,Private,Tesouro Direto,Internet Banking,6-24 meses,10,Consegui acompanhar minha carteira,,,,,,,,,
373.0,2025-11-26 00:00:00,PRD_TES,6.0,0.0,6.2,0.0,373,Tesouro Direto,FD00925,C00373,2026-06-13,2026T2,Private,Fundos,Assessoria,6-24 meses,9,Boa experiencia no aplicativo,,,,,,,,,
374.0,2026-05-06 00:00:00,PRD_CDB,5.0,0.0,6.9,0.0,374,CDB,FD00095,C00374,2025-09-01,2025T3,Varejo,CDB,Assessoria,6-24 meses,10,Atendimento claro e rapido,374.0,11/05/2026,cdb,10,duvida rentabilidade,Telefone,Resolvido,Tive duvida sobre rentabilidade,CDB
374.0,2026-05-06 00:00:00,PRD_CDB,5.0,0.0,6.9,0.0,374,CDB,FD00849,C00374,2026-05-09,2026T2,Varejo,CDB,Assessoria,6-24 meses,9,Consegui acompanhar minha carteira,374.0,11/05/2026,cdb,10,duvida rentabilidade,Telefone,Resolvido,Tive duvida sobre rentabilidade,CDB
374.0,2025-08-28 00:00:00,PRD_CDB,3.0,0.0,15.3,0.0,374,CDB,FD00095,C00374,2025-09-01,2025T3,Varejo,CDB,Assessoria,6-24 meses,10,Atendimento claro e rapido,374.0,11/05/2026,cdb,10,duvida rentabilidade,Telefone,Resolvido,Tive duvida sobre rentabilidade,CDB
374.0,2025-08-28 00:00:00,PRD_CDB,3.0,0.0,15.3,0.0,374,CDB,FD00849,C00374,2026-05-09,2026T2,Varejo,CDB,Assessoria,6-24 meses,9,Consegui acompanhar minha carteira,374.0,11/05/2026,cdb,10,duvida rentabilidade,Telefone,Resolvido,Tive duvida sobre rentabilidade,CDB
375.0,2025-10-07 00:00:00,PRD_TES,8.0,0.0,20.8,0.0,375,Tesouro Direto,FD00113,C00375,2025-07-06,2025T3,Private,CDB,Internet Banking,2-5 anos,9,Consegui acompanhar minha carteira,375.0,22/03/2026,Fundo,8,acesso app,Chat,Resolvido,"Atendimento resolveu, mas demorou",Fundos
375.0,2025-10-07 00:00:00,PRD_TES,8.0,0.0,20.8,0.0,375,Tesouro Direto,FD00194,C00375,2025-08-28,2025T3,Private,Tesouro Direto,Central de Atendimento,2-5 anos,9,Boa experiencia no aplicativo,375.0,22/03/2026,Fundo,8,acesso app,Chat,Resolvido,"Atendimento resolveu, mas demorou",Fundos
375.0,2025-10-07 00:00:00,PRD_TES,8.0,0.0,20.8,0.0,375,Tesouro Direto,FD00246,C00375,2025-10-14,2025T4,Private,Tesouro Direto,App,5+ anos,9,Informacoes estavam faceis de encontrar,375.0,22/03/2026,Fundo,8,acesso app,Chat,Resolvido,"Atendimento resolveu, mas demorou",Fundos
375.0,2025-10-07 00:00:00,PRD_TES,8.0,0.0,20.8,0.0,375,Tesouro Direto,FD00538,C00375,2026-03-19,2026T1,Private,Fundos,App,6-24 meses,7,Tive duvida sobre rentabilidade,375.0,22/03/2026,Fundo,8,acesso app,Chat,Resolvido,"Atendimento resolveu, mas demorou",Fundos
375.0,2025-10-07 00:00:00,PRD_TES,8.0,0.0,20.8,0.0,375,Tesouro Direto,FD00660,C00375,2026-01-06,2026T1,Private,CDB,App,2-5 anos,10,Atendimento claro e rapido,375.0,22/03/2026,Fundo,8,acesso app,Chat,Resolvido,"Atendimento resolveu, mas demorou",Fundos
375.0,2026-01-04 00:00:00,PRD_CDB,12.0,0.0,13.1,0.0,375,CDB,FD00113,C00375,2025-07-06,2025T3,Private,CDB,Internet Banking,2-5 anos,9,Consegui acompanhar minha carteira,375.0,22/03/2026,Fundo,8,acesso app,Chat,Resolvido,"Atendimento resolveu, mas demorou",Fundos
375.0,2026-01-04 00:00:00,PRD_CDB,12.0,0.0,13.1,0.0,375,CDB,FD00194,C00375,2025-08-28,2025T3,Private,Tesouro Direto,Central de Atendimento,2-5 anos,9,Boa experiencia no aplicativo,375.0,22/03/2026,Fundo,8,acesso app,Chat,Resolvido,"Atendimento resolveu, mas demorou",Fundos
375.0,2026-01-04 00:00:00,PRD_CDB,12.0,0.0,13.1,0.0,375,CDB,FD00246,C00375,2025-10-14,2025T4,Private,Tesouro Direto,App,5+ anos,9,Informacoes estavam faceis de encontrar,375.0,22/03/2026,Fundo,8,acesso app,Chat,Resolvido,"Atendimento resolveu, mas demorou",Fundos
375.0,2026-01-04 00:00:00,PRD_CDB,12.0,0.0,13.1,0.0,375,CDB,FD00538,C00375,2026-03-19,2026T1,Private,Fundos,App,6-24 meses,7,Tive duvida sobre rentabilidade,375.0,22/03/2026,Fundo,8,acesso app,Chat,Resolvido,"Atendimento resolveu, mas demorou",Fundos
375.0,2026-01-04 00:00:00,PRD_CDB,12.0,0.0,13.1,0.0,375,CDB,FD00660,C00375,2026-01-06,2026T1,Private,CDB,App,2-5 anos,10,Atendimento claro e rapido,375.0,22/03/2026,Fundo,8,acesso app,Chat,Resolvido,"Atendimento resolveu, mas demorou",Fundos
375.0,2025-07-04 00:00:00,PRD_CDB,6.0,0.0,27.0,0.0,375,CDB,FD00113,C00375,2025-07-06,2025T3,Private,CDB,Internet Banking,2-5 anos,9,Consegui acompanhar minha carteira,375.0,22/03/2026,Fundo,8,acesso app,Chat,Resolvido,"Atendimento resolveu, mas demorou",Fundos
375.0,2025-07-04 00:00:00,PRD_CDB,6.0,0.0,27.0,0.0,375,CDB,FD00194,C00375,2025-08-28,2025T3,Private,Tesouro Direto,Central de Atendimento,2-5 anos,9,Boa experiencia no aplicativo,375.0,22/03/2026,Fundo,8,acesso app,Chat,Resolvido,"Atendimento resolveu, mas demorou",Fundos
375.0,2025-07-04 00:00:00,PRD_CDB,6.0,0.0,27.0,0.0,375,CDB,FD00246,C00375,2025-10-14,2025T4,Private,Tesouro Direto,App,5+ anos,9,Informacoes estavam faceis de encontrar,375.0,22/03/2026,Fundo,8,acesso app,Chat,Resolvido,"Atendimento resolveu, mas demorou",Fundos
375.0,2025-07-04 00:00:00,PRD_CDB,6.0,0.0,27.0,0.0,375,CDB,FD00538,C00375,2026-03-19,2026T1,Private,Fundos,App,6-24 meses,7,Tive duvida sobre rentabilidade,375.0,22/03/2026,Fundo,8,acesso app,Chat,Resolvido,"Atendimento resolveu, mas demorou",Fundos
375.0,2025-07-04 00:00:00,PRD_CDB,6.0,0.0,27.0,0.0,375,CDB,FD00660,C00375,2026-01-06,2026T1,Private,CDB,App,2-5 anos,10,Atendimento claro e rapido,375.0,22/03/2026,Fundo,8,acesso app,Chat,Resolvido,"Atendimento resolveu, mas demorou",Fundos
375.0,2025-08-31 00:00:00,PRD_TES,8.0,0.0,31.4,0.0,375,Tesouro Direto,FD00113,C00375,2025-07-06,2025T3,Private,CDB,Internet Banking,2-5 anos,9,Consegui acompanhar minha carteira,375.0,22/03/2026,Fundo,8,acesso app,Chat,Resolvido,"Atendimento resolveu, mas demorou",Fundos
375.0,2025-08-31 00:00:00,PRD_TES,8.0,0.0,31.4,0.0,375,Tesouro Direto,FD00194,C00375,2025-08-28,2025T3,Private,Tesouro Direto,Central de Atendimento,2-5 anos,9,Boa experiencia no aplicativo,375.0,22/03/2026,Fundo,8,acesso app,Chat,Resolvido,"Atendimento resolveu, mas demorou",Fundos
375.0,2025-08-31 00:00:00,PRD_TES,8.0,0.0,31.4,0.0,375,Tesouro Direto,FD00246,C00375,2025-10-14,2025T4,Private,Tesouro Direto,App,5+ anos,9,Informacoes estavam faceis de encontrar,375.0,22/03/2026,Fundo,8,acesso app,Chat,Resolvido,"Atendimento resolveu, mas demorou",Fundos
375.0,2025-08-31 00:00:00,PRD_TES,8.0,0.0,31.4,0.0,375,Tesouro Direto,FD00538,C00375,2026-03-19,2026T1,Private,Fundos,App,6-24 meses,7,Tive duvida sobre rentabilidade,375.0,22/03/2026,Fundo,8,acesso app,Chat,Resolvido,"Atendimento resolveu, mas demorou",Fundos
375.0,2025-08-31 00:00:00,PRD_TES,8.0,0.0,31.4,0.0,375,Tesouro Direto,FD00660,C00375,2026-01-06,2026T1,Private,CDB,App,2-5 anos,10,Atendimento claro e rapido,375.0,22/03/2026,Fundo,8,acesso app,Chat,Resolvido,"Atendimento resolveu, mas demorou",Fundos
375.0,2026-03-27 00:00:00,PRD_FND,9.0,0.0,16.2,0.0,375,Fundos,FD00113,C00375,2025-07-06,2025T3,Private,CDB,Internet Banking,2-5 anos,9,Consegui acompanhar minha carteira,375.0,22/03/2026,Fundo,8,acesso app,Chat,Resolvido,"Atendimento resolveu, mas demorou",Fundos
375.0,2026-03-27 00:00:00,PRD_FND,9.0,0.0,16.2,0.0,375,Fundos,FD00194,C00375,2025-08-28,2025T3,Private,Tesouro Direto,Central de Atendimento,2-5 anos,9,Boa experiencia no aplicativo,375.0,22/03/2026,Fundo,8,acesso app,Chat,Resolvido,"Atendimento resolveu, mas demorou",Fundos
375.0,2026-03-27 00:00:00,PRD_FND,9.0,0.0,16.2,0.0,375,Fundos,FD00246,C00375,2025-10-14,2025T4,Private,Tesouro Direto,App,5+ anos,9,Informacoes estavam faceis de encontrar,375.0,22/03/2026,Fundo,8,acesso app,Chat,Resolvido,"Atendimento resolveu, mas demorou",Fundos
375.0,2026-03-27 00:00:00,PRD_FND,9.0,0.0,16.2,0.0,375,Fundos,FD00538,C00375,2026-03-19,2026T1,Private,Fundos,App,6-24 meses,7,Tive duvida sobre rentabilidade,375.0,22/03/2026,Fundo,8,acesso app,Chat,Resolvido,"Atendimento resolveu, mas demorou",Fundos
375.0,2026-03-27 00:00:00,PRD_FND,9.0,0.0,16.2,0.0,375,Fundos,FD00660,C00375,2026-01-06,2026T1,Private,CDB,App,2-5 anos,10,Atendimento claro e rapido,375.0,22/03/2026,Fundo,8,acesso app,Chat,Resolvido,"Atendimento resolveu, mas demorou",Fundos
,,,,,,,376,,FD00218,C00376,2025-07-07,2025T3,Alta Renda,CDB,App,6-24 meses,9,Informacoes estavam faceis de encontrar,,,,,,,,,
377.0,2026-03-04 00:00:00,PRD_FND,8.0,0.0,35.8,0.0,377,Fundos,FD00468,C00377,2025-10-09,2025T4,Varejo,CDB,Internet Banking,5+ anos,10,Atendimento claro e rapido,,,,,,,,,
377.0,2026-03-04 00:00:00,PRD_FND,8.0,0.0,35.8,0.0,377,Fundos,FD00555,C00377,2026-01-28,2026T1,Varejo,Tesouro Direto,App,2-5 anos,10,Consegui acompanhar minha carteira,,,,,,,,,
377.0,2026-03-04 00:00:00,PRD_FND,8.0,0.0,35.8,0.0,377,Fundos,FD00704,C00377,2026-03-05,2026T1,Varejo,Fundos,Assessoria,6-24 meses,7,Demorou um pouco para encontrar informacoes,,,,,,,,,
377.0,2026-02-01 00:00:00,PRD_TES,5.0,0.0,16.3,0.0,377,Tesouro Direto,FD00468,C00377,2025-10-09,2025T4,Varejo,CDB,Internet Banking,5+ anos,10,Atendimento claro e rapido,,,,,,,,,
377.0,2026-02-01 00:00:00,PRD_TES,5.0,0.0,16.3,0.0,377,Tesouro Direto,FD00555,C00377,2026-01-28,2026T1,Varejo,Tesouro Direto,App,2-5 anos,10,Consegui acompanhar minha carteira,,,,,,,,,
377.0,2026-02-01 00:00:00,PRD_TES,5.0,0.0,16.3,0.0,377,Tesouro Direto,FD00704,C00377,2026-03-05,2026T1,Varejo,Fundos,Assessoria,6-24 meses,7,Demorou um pouco para encontrar informacoes,,,,,,,,,
377.0,2025-10-04 00:00:00,PRD_CDB,2.0,0.0,21.8,0.0,377,CDB,FD00468,C00377,2025-10-09,2025T4,Varejo,CDB,Internet Banking,5+ anos,10,Atendimento claro e rapido,,,,,,,,,
377.0,2025-10-04 00:00:00,PRD_CDB,2.0,0.0,21.8,0.0,377,CDB,FD00555,C00377,2026-01-28,2026T1,Varejo,Tesouro Direto,App,2-5 anos,10,Consegui acompanhar minha carteira,,,,,,,,,
377.0,2025-10-04 00:00:00,PRD_CDB,2.0,0.0,21.8,0.0,377,CDB,FD00704,C00377,2026-03-05,2026T1,Varejo,Fundos,Assessoria,6-24 meses,7,Demorou um pouco para encontrar informacoes,,,,,,,,,
377.0,2025-10-04 00:00:00,PRD_CDB,2.0,0.0,21.8,0.0,377,CDB,FD00468,C00377,2025-10-09,2025T4,Varejo,CDB,Internet Banking,5+ anos,10,Atendimento claro e rapido,,,,,,,,,
377.0,2025-10-04 00:00:00,PRD_CDB,2.0,0.0,21.8,0.0,377,CDB,FD00555,C00377,2026-01-28,2026T1,Varejo,Tesouro Direto,App,2-5 anos,10,Consegui acompanhar minha carteira,,,,,,,,,
377.0,2025-10-04 00:00:00,PRD_CDB,2.0,0.0,21.8,0.0,377,CDB,FD00704,C00377,2026-03-05,2026T1,Varejo,Fundos,Assessoria,6-24 meses,7,Demorou um pouco para encontrar informacoes,,,,,,,,,
378.0,2025-11-30 00:00:00,PRD_CAR,5.0,0.0,30.8,0.0,378,Carteira Administrada,FD00304,C00378,2025-11-22,2025T4,Private,Carteira Administrada,Central de Atendimento,5+ anos,10,Assessoria ajudou na decisao,378.0,12/04/2026,coe,9,acesso app,E-mail,Resolvido,Atendimento claro e rapido,COE
378.0,2025-11-30 00:00:00,PRD_CAR,5.0,0.0,30.8,0.0,378,Carteira Administrada,FD00355,C00378,2025-11-16,2025T4,Private,Tesouro Direto,App,6-24 meses,9,Informacoes estavam faceis de encontrar,378.0,12/04/2026,coe,9,acesso app,E-mail,Resolvido,Atendimento claro e rapido,COE
378.0,2025-11-30 00:00:00,PRD_CAR,5.0,0.0,30.8,0.0,378,Carteira Administrada,FD00929,C00378,2026-04-09,2026T2,Private,COE,App,6-24 meses,10,Consegui acompanhar minha carteira,378.0,12/04/2026,coe,9,acesso app,E-mail,Resolvido,Atendimento claro e rapido,COE
378.0,2025-11-15 00:00:00,PRD_TES,6.0,0.0,1.0,1.0,378,Tesouro Direto,FD00304,C00378,2025-11-22,2025T4,Private,Carteira Administrada,Central de Atendimento,5+ anos,10,Assessoria ajudou na decisao,378.0,12/04/2026,coe,9,acesso app,E-mail,Resolvido,Atendimento claro e rapido,COE
378.0,2025-11-15 00:00:00,PRD_TES,6.0,0.0,1.0,1.0,378,Tesouro Direto,FD00355,C00378,2025-11-16,2025T4,Private,Tesouro Direto,App,6-24 meses,9,Informacoes estavam faceis de encontrar,378.0,12/04/2026,coe,9,acesso app,E-mail,Resolvido,Atendimento claro e rapido,COE
378.0,2025-11-15 00:00:00,PRD_TES,6.0,0.0,1.0,1.0,378,Tesouro Direto,FD00929,C00378,2026-04-09,2026T2,Private,COE,App,6-24 meses,10,Consegui acompanhar minha carteira,378.0,12/04/2026,coe,9,acesso app,E-mail,Resolvido,Atendimento claro e rapido,COE
379.0,2025-09-03 00:00:00,PRD_FND,11.0,0.0,1.0,0.0,379,Fundos,FD00210,C00379,2025-08-24,2025T3,Varejo,Fundos,App,2-5 anos,9,Consegui acompanhar minha carteira,379.0,2025-08-24,fundos de investimento,9,explicacao risco,E-mail,Resolvido,Demora para resolver meu problema,Fundos
380.0,2026-06-02 00:00:00,PRD_CAR,12.0,,68.4,0.0,380,Carteira Administrada,FD00741,C00380,2026-05-04,2026T2,Alta Renda,Fundos,Internet Banking,6-24 meses,10,Atendimento claro e rapido,,,,,,,,,
380.0,2026-06-02 00:00:00,PRD_CAR,12.0,,68.4,0.0,380,Carteira Administrada,FD00931,C00380,2026-06-01,2026T2,Alta Renda,Carteira Administrada,App,0-6 meses,10,Consegui acompanhar minha carteira,,,,,,,,,
380.0,2026-05-12 00:00:00,PRD_FND,7.0,0.0,17.6,0.0,380,Fundos,FD00741,C00380,2026-05-04,2026T2,Alta Renda,Fundos,Internet Banking,6-24 meses,10,Atendimento claro e rapido,,,,,,,,,
380.0,2026-05-12 00:00:00,PRD_FND,7.0,0.0,17.6,0.0,380,Fundos,FD00931,C00380,2026-06-01,2026T2,Alta Renda,Carteira Administrada,App,0-6 meses,10,Consegui acompanhar minha carteira,,,,,,,,,
381.0,2026-06-07 00:00:00,PRD_CDB,13.0,0.0,20.0,0.0,381,CDB,FD00094,C00381,2025-09-02,2025T3,Private,Tesouro Direto,Internet Banking,2-5 anos,9,Informacoes estavam faceis de encontrar,381.0,30-Aug-25,Tesouro,10,explicacao risco,Agencia,Resolvido,Consegui acompanhar minha carteira,Tesouro Direto
381.0,2026-06-07 00:00:00,PRD_CDB,13.0,0.0,20.0,0.0,381,CDB,FD00448,C00381,2025-12-03,2025T4,Private,CDB,App,6-24 meses,9,Atendimento claro e rapido,381.0,30-Aug-25,Tesouro,10,explicacao risco,Agencia,Resolvido,Consegui acompanhar minha carteira,Tesouro Direto
381.0,2026-06-07 00:00:00,PRD_CDB,13.0,0.0,20.0,0.0,381,CDB,FD00768,C00381,2026-06-13,2026T2,Private,CDB,App,2-5 anos,7,"Experiencia ok, mas poderia ser mais simples",381.0,30-Aug-25,Tesouro,10,explicacao risco,Agencia,Resolvido,Consegui acompanhar minha carteira,Tesouro Direto
381.0,2026-06-07 00:00:00,PRD_CDB,13.0,0.0,20.0,0.0,381,CDB,FD00768,C00381,2026-06-13,2026T2,Private,CDB,App,2-5 anos,7,"Experiencia ok, mas poderia ser mais simples",381.0,30-Aug-25,Tesouro,10,explicacao risco,Agencia,Resolvido,Consegui acompanhar minha carteira,Tesouro Direto
381.0,2025-12-05 00:00:00,PRD_CDB,6.0,1.0,2.8,0.0,381,CDB,FD00094,C00381,2025-09-02,2025T3,Private,Tesouro Direto,Internet Banking,2-5 anos,9,Informacoes estavam faceis de encontrar,381.0,30-Aug-25,Tesouro,10,explicacao risco,Agencia,Resolvido,Consegui acompanhar minha carteira,Tesouro Direto
381.0,2025-12-05 00:00:00,PRD_CDB,6.0,1.0,2.8,0.0,381,CDB,FD00448,C00381,2025-12-03,2025T4,Private,CDB,App,6-24 meses,9,Atendimento claro e rapido,381.0,30-Aug-25,Tesouro,10,explicacao risco,Agencia,Resolvido,Consegui acompanhar minha carteira,Tesouro Direto
381.0,2025-12-05 00:00:00,PRD_CDB,6.0,1.0,2.8,0.0,381,CDB,FD00768,C00381,2026-06-13,2026T2,Private,CDB,App,2-5 anos,7,"Experiencia ok, mas poderia ser mais simples",381.0,30-Aug-25,Tesouro,10,explicacao risco,Agencia,Resolvido,Consegui acompanhar minha carteira,Tesouro Direto
381.0,2025-12-05 00:00:00,PRD_CDB,6.0,1.0,2.8,0.0,381,CDB,FD00768,C00381,2026-06-13,2026T2,Private,CDB,App,2-5 anos,7,"Experiencia ok, mas poderia ser mais simples",381.0,30-Aug-25,Tesouro,10,explicacao risco,Agencia,Resolvido,Consegui acompanhar minha carteira,Tesouro Direto
381.0,2025-09-06 00:00:00,PRD_TES,3.0,1.0,36.8,0.0,381,Tesouro Direto,FD00094,C00381,2025-09-02,2025T3,Private,Tesouro Direto,Internet Banking,2-5 anos,9,Informacoes estavam faceis de encontrar,381.0,30-Aug-25,Tesouro,10,explicacao risco,Agencia,Resolvido,Consegui acompanhar minha carteira,Tesouro Direto
381.0,2025-09-06 00:00:00,PRD_TES,3.0,1.0,36.8,0.0,381,Tesouro Direto,FD00448,C00381,2025-12-03,2025T4,Private,CDB,App,6-24 meses,9,Atendimento claro e rapido,381.0,30-Aug-25,Tesouro,10,explicacao risco,Agencia,Resolvido,Consegui acompanhar minha carteira,Tesouro Direto
381.0,2025-09-06 00:00:00,PRD_TES,3.0,1.0,36.8,0.0,381,Tesouro Direto,FD00768,C00381,2026-06-13,2026T2,Private,CDB,App,2-5 anos,7,"Experiencia ok, mas poderia ser mais simples",381.0,30-Aug-25,Tesouro,10,explicacao risco,Agencia,Resolvido,Consegui acompanhar minha carteira,Tesouro Direto
381.0,2025-09-06 00:00:00,PRD_TES,3.0,1.0,36.8,0.0,381,Tesouro Direto,FD00768,C00381,2026-06-13,2026T2,Private,CDB,App,2-5 anos,7,"Experiencia ok, mas poderia ser mais simples",381.0,30-Aug-25,Tesouro,10,explicacao risco,Agencia,Resolvido,Consegui acompanhar minha carteira,Tesouro Direto
,,,,,,,382,,FD00123,C00382,2025-09-25,2025T3,Varejo,Fundos,App,2-5 anos,8,Tive duvida sobre rentabilidade,,,,,,,,,
383.0,2025-07-21 00:00:00,PRD_CDB,2.0,0.0,24.7,0.0,383,CDB,FD00064,C00383,2025-07-20,2025T3,Varejo,COE,Assessoria,0-6 meses,9,Informacoes estavam faceis de encontrar,383.0,25/11/2025,COE,6,acesso app,E-mail,Resolvido,,COE
383.0,2025-07-21 00:00:00,PRD_CDB,2.0,0.0,24.7,0.0,383,CDB,FD00115,C00383,2025-07-26,2025T3,Varejo,CDB,Assessoria,2-5 anos,10,Atendimento claro e rapido,383.0,25/11/2025,COE,6,acesso app,E-mail,Resolvido,,COE
383.0,2025-07-21 00:00:00,PRD_CDB,2.0,0.0,24.7,0.0,383,CDB,FD00444,C00383,2025-11-26,2025T4,Varejo,COE,App,2-5 anos,5,Nao ficou claro o risco do produto,383.0,25/11/2025,COE,6,acesso app,E-mail,Resolvido,,COE
383.0,2025-07-27 00:00:00,PRD_COE,7.0,0.0,15.0,0.0,383,COE,FD00064,C00383,2025-07-20,2025T3,Varejo,COE,Assessoria,0-6 meses,9,Informacoes estavam faceis de encontrar,383.0,25/11/2025,COE,6,acesso app,E-mail,Resolvido,,COE
383.0,2025-07-27 00:00:00,PRD_COE,7.0,0.0,15.0,0.0,383,COE,FD00115,C00383,2025-07-26,2025T3,Varejo,CDB,Assessoria,2-5 anos,10,Atendimento claro e rapido,383.0,25/11/2025,COE,6,acesso app,E-mail,Resolvido,,COE
383.0,2025-07-27 00:00:00,PRD_COE,7.0,0.0,15.0,0.0,383,COE,FD00444,C00383,2025-11-26,2025T4,Varejo,COE,App,2-5 anos,5,Nao ficou claro o risco do produto,383.0,25/11/2025,COE,6,acesso app,E-mail,Resolvido,,COE
383.0,2025-11-30 00:00:00,PRD_COE,9.0,0.0,20.5,0.0,383,COE,FD00064,C00383,2025-07-20,2025T3,Varejo,COE,Assessoria,0-6 meses,9,Informacoes estavam faceis de encontrar,383.0,25/11/2025,COE,6,acesso app,E-mail,Resolvido,,COE
383.0,2025-11-30 00:00:00,PRD_COE,9.0,0.0,20.5,0.0,383,COE,FD00115,C00383,2025-07-26,2025T3,Varejo,CDB,Assessoria,2-5 anos,10,Atendimento claro e rapido,383.0,25/11/2025,COE,6,acesso app,E-mail,Resolvido,,COE
383.0,2025-11-30 00:00:00,PRD_COE,9.0,0.0,20.5,0.0,383,COE,FD00444,C00383,2025-11-26,2025T4,Varejo,COE,App,2-5 anos,5,Nao ficou claro o risco do produto,383.0,25/11/2025,COE,6,acesso app,E-mail,Resolvido,,COE
384.0,2026-03-13 00:00:00,PRD_TES,14.0,0.0,28.9,0.0,384,Tesouro Direto,FD00321,C00384,2025-10-14,2025T4,Varejo,CDB,App,6-24 meses,9,,384.0,10-17-2025,cdb,8,resgate,Telefone,Pendente,Atendimento claro e rapido,CDB
384.0,2026-03-13 00:00:00,PRD_TES,14.0,0.0,28.9,0.0,384,Tesouro Direto,FD00321,C00384,2025-10-14,2025T4,Varejo,CDB,App,6-24 meses,9,,384.0,2026-04-18,carteira administrada,8,resgate,E-mail,Pendente,Assessoria ajudou na decisao,Carteira Administrada
384.0,2026-03-13 00:00:00,PRD_TES,14.0,0.0,28.9,0.0,384,Tesouro Direto,FD00492,C00384,2026-03-19,2026T1,Varejo,Tesouro Direto,App,5+ anos,10,Boa experiencia no aplicativo,384.0,10-17-2025,cdb,8,resgate,Telefone,Pendente,Atendimento claro e rapido,CDB
384.0,2026-03-13 00:00:00,PRD_TES,14.0,0.0,28.9,0.0,384,Tesouro Direto,FD00492,C00384,2026-03-19,2026T1,Varejo,Tesouro Direto,App,5+ anos,10,Boa experiencia no aplicativo,384.0,2026-04-18,carteira administrada,8,resgate,E-mail,Pendente,Assessoria ajudou na decisao,Carteira Administrada
384.0,2026-03-13 00:00:00,PRD_TES,14.0,0.0,28.9,0.0,384,Tesouro Direto,FD00769,C00384,2026-04-16,2026T2,Varejo,Carteira Administrada,App,2-5 anos,7,,384.0,10-17-2025,cdb,8,resgate,Telefone,Pendente,Atendimento claro e rapido,CDB
384.0,2026-03-13 00:00:00,PRD_TES,14.0,0.0,28.9,0.0,384,Tesouro Direto,FD00769,C00384,2026-04-16,2026T2,Varejo,Carteira Administrada,App,2-5 anos,7,,384.0,2026-04-18,carteira administrada,8,resgate,E-mail,Pendente,Assessoria ajudou na decisao,Carteira Administrada
384.0,2026-03-13 00:00:00,PRD_TES,14.0,0.0,28.9,0.0,384,Tesouro Direto,FD00887,C00384,2026-06-21,2026T2,Varejo,CDB,App,6-24 meses,10,Atendimento claro e rapido,384.0,10-17-2025,cdb,8,resgate,Telefone,Pendente,Atendimento claro e rapido,CDB
384.0,2026-03-13 00:00:00,PRD_TES,14.0,0.0,28.9,0.0,384,Tesouro Direto,FD00887,C00384,2026-06-21,2026T2,Varejo,CDB,App,6-24 meses,10,Atendimento claro e rapido,384.0,2026-04-18,carteira administrada,8,resgate,E-mail,Pendente,Assessoria ajudou na decisao,Carteira Administrada
384.0,2026-06-28 00:00:00,PRD_CDB,7.0,0.0,34.1,0.0,384,CDB,FD00321,C00384,2025-10-14,2025T4,Varejo,CDB,App,6-24 meses,9,,384.0,10-17-2025,cdb,8,resgate,Telefone,Pendente,Atendimento claro e rapido,CDB
384.0,2026-06-28 00:00:00,PRD_CDB,7.0,0.0,34.1,0.0,384,CDB,FD00321,C00384,2025-10-14,2025T4,Varejo,CDB,App,6-24 meses,9,,384.0,2026-04-18,carteira administrada,8,resgate,E-mail,Pendente,Assessoria ajudou na decisao,Carteira Administrada
384.0,2026-06-28 00:00:00,PRD_CDB,7.0,0.0,34.1,0.0,384,CDB,FD00492,C00384,2026-03-19,2026T1,Varejo,Tesouro Direto,App,5+ anos,10,Boa experiencia no aplicativo,384.0,10-17-2025,cdb,8,resgate,Telefone,Pendente,Atendimento claro e rapido,CDB
384.0,2026-06-28 00:00:00,PRD_CDB,7.0,0.0,34.1,0.0,384,CDB,FD00492,C00384,2026-03-19,2026T1,Varejo,Tesouro Direto,App,5+ anos,10,Boa experiencia no aplicativo,384.0,2026-04-18,carteira administrada,8,resgate,E-mail,Pendente,Assessoria ajudou na decisao,Carteira Administrada
384.0,2026-06-28 00:00:00,PRD_CDB,7.0,0.0,34.1,0.0,384,CDB,FD00769,C00384,2026-04-16,2026T2,Varejo,Carteira Administrada,App,2-5 anos,7,,384.0,10-17-2025,cdb,8,resgate,Telefone,Pendente,Atendimento claro e rapido,CDB
384.0,2026-06-28 00:00:00,PRD_CDB,7.0,0.0,34.1,0.0,384,CDB,FD00769,C00384,2026-04-16,2026T2,Varejo,Carteira Administrada,App,2-5 anos,7,,384.0,2026-04-18,carteira administrada,8,resgate,E-mail,Pendente,Assessoria ajudou na decisao,Carteira Administrada
384.0,2026-06-28 00:00:00,PRD_CDB,7.0,0.0,34.1,0.0,384,CDB,FD00887,C00384,2026-06-21,2026T2,Varejo,CDB,App,6-24 meses,10,Atendimento claro e rapido,384.0,10-17-2025,cdb,8,resgate,Telefone,Pendente,Atendimento claro e rapido,CDB
384.0,2026-06-28 00:00:00,PRD_CDB,7.0,0.0,34.1,0.0,384,CDB,FD00887,C00384,2026-06-21,2026T2,Varejo,CDB,App,6-24 meses,10,Atendimento claro e rapido,384.0,2026-04-18,carteira administrada,8,resgate,E-mail,Pendente,Assessoria ajudou na decisao,Carteira Administrada
384.0,2026-04-16 00:00:00,PRD_CAR,7.0,0.0,62.7,0.0,384,Carteira Administrada,FD00321,C00384,2025-10-14,2025T4,Varejo,CDB,App,6-24 meses,9,,384.0,10-17-2025,cdb,8,resgate,Telefone,Pendente,Atendimento claro e rapido,CDB
384.0,2026-04-16 00:00:00,PRD_CAR,7.0,0.0,62.7,0.0,384,Carteira Administrada,FD00321,C00384,2025-10-14,2025T4,Varejo,CDB,App,6-24 meses,9,,384.0,2026-04-18,carteira administrada,8,resgate,E-mail,Pendente,Assessoria ajudou na decisao,Carteira Administrada
384.0,2026-04-16 00:00:00,PRD_CAR,7.0,0.0,62.7,0.0,384,Carteira Administrada,FD00492,C00384,2026-03-19,2026T1,Varejo,Tesouro Direto,App,5+ anos,10,Boa experiencia no aplicativo,384.0,10-17-2025,cdb,8,resgate,Telefone,Pendente,Atendimento claro e rapido,CDB
384.0,2026-04-16 00:00:00,PRD_CAR,7.0,0.0,62.7,0.0,384,Carteira Administrada,FD00492,C00384,2026-03-19,2026T1,Varejo,Tesouro Direto,App,5+ anos,10,Boa experiencia no aplicativo,384.0,2026-04-18,carteira administrada,8,resgate,E-mail,Pendente,Assessoria ajudou na decisao,Carteira Administrada
384.0,2026-04-16 00:00:00,PRD_CAR,7.0,0.0,62.7,0.0,384,Carteira Administrada,FD00769,C00384,2026-04-16,2026T2,Varejo,Carteira Administrada,App,2-5 anos,7,,384.0,10-17-2025,cdb,8,resgate,Telefone,Pendente,Atendimento claro e rapido,CDB
384.0,2026-04-16 00:00:00,PRD_CAR,7.0,0.0,62.7,0.0,384,Carteira Administrada,FD00769,C00384,2026-04-16,2026T2,Varejo,Carteira Administrada,App,2-5 anos,7,,384.0,2026-04-18,carteira administrada,8,resgate,E-mail,Pendente,Assessoria ajudou na decisao,Carteira Administrada
384.0,2026-04-16 00:00:00,PRD_CAR,7.0,0.0,62.7,0.0,384,Carteira Administrada,FD00887,C00384,2026-06-21,2026T2,Varejo,CDB,App,6-24 meses,10,Atendimento claro e rapido,384.0,10-17-2025,cdb,8,resgate,Telefone,Pendente,Atendimento claro e rapido,CDB
384.0,2026-04-16 00:00:00,PRD_CAR,7.0,0.0,62.7,0.0,384,Carteira Administrada,FD00887,C00384,2026-06-21,2026T2,Varejo,CDB,App,6-24 meses,10,Atendimento claro e rapido,384.0,2026-04-18,carteira administrada,8,resgate,E-mail,Pendente,Assessoria ajudou na decisao,Carteira Administrada
384.0,2025-10-04 00:00:00,PRD_CDB,11.0,1.0,49.0,0.0,384,CDB,FD00321,C00384,2025-10-14,2025T4,Varejo,CDB,App,6-24 meses,9,,384.0,10-17-2025,cdb,8,resgate,Telefone,Pendente,Atendimento claro e rapido,CDB
384.0,2025-10-04 00:00:00,PRD_CDB,11.0,1.0,49.0,0.0,384,CDB,FD00321,C00384,2025-10-14,2025T4,Varejo,CDB,App,6-24 meses,9,,384.0,2026-04-18,carteira administrada,8,resgate,E-mail,Pendente,Assessoria ajudou na decisao,Carteira Administrada
384.0,2025-10-04 00:00:00,PRD_CDB,11.0,1.0,49.0,0.0,384,CDB,FD00492,C00384,2026-03-19,2026T1,Varejo,Tesouro Direto,App,5+ anos,10,Boa experiencia no aplicativo,384.0,10-17-2025,cdb,8,resgate,Telefone,Pendente,Atendimento claro e rapido,CDB
384.0,2025-10-04 00:00:00,PRD_CDB,11.0,1.0,49.0,0.0,384,CDB,FD00492,C00384,2026-03-19,2026T1,Varejo,Tesouro Direto,App,5+ anos,10,Boa experiencia no aplicativo,384.0,2026-04-18,carteira administrada,8,resgate,E-mail,Pendente,Assessoria ajudou na decisao,Carteira Administrada
384.0,2025-10-04 00:00:00,PRD_CDB,11.0,1.0,49.0,0.0,384,CDB,FD00769,C00384,2026-04-16,2026T2,Varejo,Carteira Administrada,App,2-5 anos,7,,384.0,10-17-2025,cdb,8,resgate,Telefone,Pendente,Atendimento claro e rapido,CDB
384.0,2025-10-04 00:00:00,PRD_CDB,11.0,1.0,49.0,0.0,384,CDB,FD00769,C00384,2026-04-16,2026T2,Varejo,Carteira Administrada,App,2-5 anos,7,,384.0,2026-04-18,carteira administrada,8,resgate,E-mail,Pendente,Assessoria ajudou na decisao,Carteira Administrada
384.0,2025-10-04 00:00:00,PRD_CDB,11.0,1.0,49.0,0.0,384,CDB,FD00887,C00384,2026-06-21,2026T2,Varejo,CDB,App,6-24 meses,10,Atendimento claro e rapido,384.0,10-17-2025,cdb,8,resgate,Telefone,Pendente,Atendimento claro e rapido,CDB
384.0,2025-10-04 00:00:00,PRD_CDB,11.0,1.0,49.0,0.0,384,CDB,FD00887,C00384,2026-06-21,2026T2,Varejo,CDB,App,6-24 meses,10,Atendimento claro e rapido,384.0,2026-04-18,carteira administrada,8,resgate,E-mail,Pendente,Assessoria ajudou na decisao,Carteira Administrada
385.0,2026-01-05 00:00:00,PRD_COE,5.0,0.0,13.2,0.0,385,COE,FD00670,C00385,2026-01-10,2026T1,Varejo,COE,Assessoria,5+ anos,9,Atendimento claro e rapido,,,,,,,,,
386.0,2026-05-23 00:00:00,PRD_CAR,13.0,1.0,96.8,1.0,386,Carteira Administrada,FD00897,C00386,2026-06-04,2026T2,Varejo,Tesouro Direto,App,2-5 anos,5,Nao ficou claro o risco do produto,,,,,,,,,
386.0,2026-05-23 00:00:00,PRD_CAR,13.0,1.0,96.8,1.0,386,Carteira Administrada,FD00973,C00386,2026-05-20,2026T2,Varejo,Carteira Administrada,App,5+ anos,5,Aplicativo travou durante consulta,,,,,,,,,
386.0,2026-06-13 00:00:00,PRD_TES,7.0,0.0,15.1,0.0,386,Tesouro Direto,FD00897,C00386,2026-06-04,2026T2,Varejo,Tesouro Direto,App,2-5 anos,5,Nao ficou claro o risco do produto,,,,,,,,,
386.0,2026-06-13 00:00:00,PRD_TES,7.0,0.0,15.1,0.0,386,Tesouro Direto,FD00973,C00386,2026-05-20,2026T2,Varejo,Carteira Administrada,App,5+ anos,5,Aplicativo travou durante consulta,,,,,,,,,
387.0,2026-03-11 00:00:00,PRD_CDB,10.0,1.0,30.9,0.0,387,CDB,FD00129,C00387,2025-08-25,2025T3,Alta Renda,Tesouro Direto,App,2-5 anos,10,Assessoria ajudou na decisao,387.0,08-22-2025,tesouro direto,10,acesso app,Telefone,Pendente,Aplicativo travou durante consulta,Tesouro Direto
387.0,2026-03-11 00:00:00,PRD_CDB,10.0,1.0,30.9,0.0,387,CDB,FD00129,C00387,2025-08-25,2025T3,Alta Renda,Tesouro Direto,App,2-5 anos,10,Assessoria ajudou na decisao,387.0,19/03/2026,cdb,10,resgate,Telefone,Resolvido,Assessoria ajudou na decisao,CDB
387.0,2026-03-11 00:00:00,PRD_CDB,10.0,1.0,30.9,0.0,387,CDB,FD00485,C00387,2026-02-09,2026T1,Alta Renda,CDB,Assessoria,6-24 meses,10,Atendimento claro e rapido,387.0,08-22-2025,tesouro direto,10,acesso app,Telefone,Pendente,Aplicativo travou durante consulta,Tesouro Direto
387.0,2026-03-11 00:00:00,PRD_CDB,10.0,1.0,30.9,0.0,387,CDB,FD00485,C00387,2026-02-09,2026T1,Alta Renda,CDB,Assessoria,6-24 meses,10,Atendimento claro e rapido,387.0,19/03/2026,cdb,10,resgate,Telefone,Resolvido,Assessoria ajudou na decisao,CDB
387.0,2026-03-11 00:00:00,PRD_CDB,10.0,1.0,30.9,0.0,387,CDB,FD00521,C00387,2026-03-20,2026T1,Alta Renda,CDB,App,5+ anos,10,Boa experiencia no aplicativo,387.0,08-22-2025,tesouro direto,10,acesso app,Telefone,Pendente,Aplicativo travou durante consulta,Tesouro Direto
387.0,2026-03-11 00:00:00,PRD_CDB,10.0,1.0,30.9,0.0,387,CDB,FD00521,C00387,2026-03-20,2026T1,Alta Renda,CDB,App,5+ anos,10,Boa experiencia no aplicativo,387.0,19/03/2026,cdb,10,resgate,Telefone,Resolvido,Assessoria ajudou na decisao,CDB
387.0,2026-03-11 00:00:00,PRD_CDB,10.0,1.0,30.9,0.0,387,CDB,FD00485,C00387,2026-02-09,2026T1,Alta Renda,CDB,Assessoria,6-24 meses,10,Atendimento claro e rapido,387.0,08-22-2025,tesouro direto,10,acesso app,Telefone,Pendente,Aplicativo travou durante consulta,Tesouro Direto
387.0,2026-03-11 00:00:00,PRD_CDB,10.0,1.0,30.9,0.0,387,CDB,FD00485,C00387,2026-02-09,2026T1,Alta Renda,CDB,Assessoria,6-24 meses,10,Atendimento claro e rapido,387.0,19/03/2026,cdb,10,resgate,Telefone,Resolvido,Assessoria ajudou na decisao,CDB
387.0,2026-02-17 00:00:00,PRD_CDB,5.0,0.0,3.3,1.0,387,CDB,FD00129,C00387,2025-08-25,2025T3,Alta Renda,Tesouro Direto,App,2-5 anos,10,Assessoria ajudou na decisao,387.0,08-22-2025,tesouro direto,10,acesso app,Telefone,Pendente,Aplicativo travou durante consulta,Tesouro Direto
387.0,2026-02-17 00:00:00,PRD_CDB,5.0,0.0,3.3,1.0,387,CDB,FD00129,C00387,2025-08-25,2025T3,Alta Renda,Tesouro Direto,App,2-5 anos,10,Assessoria ajudou na decisao,387.0,19/03/2026,cdb,10,resgate,Telefone,Resolvido,Assessoria ajudou na decisao,CDB
387.0,2026-02-17 00:00:00,PRD_CDB,5.0,0.0,3.3,1.0,387,CDB,FD00485,C00387,2026-02-09,2026T1,Alta Renda,CDB,Assessoria,6-24 meses,10,Atendimento claro e rapido,387.0,08-22-2025,tesouro direto,10,acesso app,Telefone,Pendente,Aplicativo travou durante consulta,Tesouro Direto
387.0,2026-02-17 00:00:00,PRD_CDB,5.0,0.0,3.3,1.0,387,CDB,FD00485,C00387,2026-02-09,2026T1,Alta Renda,CDB,Assessoria,6-24 meses,10,Atendimento claro e rapido,387.0,19/03/2026,cdb,10,resgate,Telefone,Resolvido,Assessoria ajudou na decisao,CDB
387.0,2026-02-17 00:00:00,PRD_CDB,5.0,0.0,3.3,1.0,387,CDB,FD00521,C00387,2026-03-20,2026T1,Alta Renda,CDB,App,5+ anos,10,Boa experiencia no aplicativo,387.0,08-22-2025,tesouro direto,10,acesso app,Telefone,Pendente,Aplicativo travou durante consulta,Tesouro Direto
387.0,2026-02-17 00:00:00,PRD_CDB,5.0,0.0,3.3,1.0,387,CDB,FD00521,C00387,2026-03-20,2026T1,Alta Renda,CDB,App,5+ anos,10,Boa experiencia no aplicativo,387.0,19/03/2026,cdb,10,resgate,Telefone,Resolvido,Assessoria ajudou na decisao,CDB
387.0,2026-02-17 00:00:00,PRD_CDB,5.0,0.0,3.3,1.0,387,CDB,FD00485,C00387,2026-02-09,2026T1,Alta Renda,CDB,Assessoria,6-24 meses,10,Atendimento claro e rapido,387.0,08-22-2025,tesouro direto,10,acesso app,Telefone,Pendente,Aplicativo travou durante consulta,Tesouro Direto
387.0,2026-02-17 00:00:00,PRD_CDB,5.0,0.0,3.3,1.0,387,CDB,FD00485,C00387,2026-02-09,2026T1,Alta Renda,CDB,Assessoria,6-24 meses,10,Atendimento claro e rapido,387.0,19/03/2026,cdb,10,resgate,Telefone,Resolvido,Assessoria ajudou na decisao,CDB
387.0,2025-08-21 00:00:00,PRD_TES,8.0,0.0,6.9,0.0,387,Tesouro Direto,FD00129,C00387,2025-08-25,2025T3,Alta Renda,Tesouro Direto,App,2-5 anos,10,Assessoria ajudou na decisao,387.0,08-22-2025,tesouro direto,10,acesso app,Telefone,Pendente,Aplicativo travou durante consulta,Tesouro Direto
387.0,2025-08-21 00:00:00,PRD_TES,8.0,0.0,6.9,0.0,387,Tesouro Direto,FD00129,C00387,2025-08-25,2025T3,Alta Renda,Tesouro Direto,App,2-5 anos,10,Assessoria ajudou na decisao,387.0,19/03/2026,cdb,10,resgate,Telefone,Resolvido,Assessoria ajudou na decisao,CDB
387.0,2025-08-21 00:00:00,PRD_TES,8.0,0.0,6.9,0.0,387,Tesouro Direto,FD00485,C00387,2026-02-09,2026T1,Alta Renda,CDB,Assessoria,6-24 meses,10,Atendimento claro e rapido,387.0,08-22-2025,tesouro direto,10,acesso app,Telefone,Pendente,Aplicativo travou durante consulta,Tesouro Direto
387.0,2025-08-21 00:00:00,PRD_TES,8.0,0.0,6.9,0.0,387,Tesouro Direto,FD00485,C00387,2026-02-09,2026T1,Alta Renda,CDB,Assessoria,6-24 meses,10,Atendimento claro e rapido,387.0,19/03/2026,cdb,10,resgate,Telefone,Resolvido,Assessoria ajudou na decisao,CDB
387.0,2025-08-21 00:00:00,PRD_TES,8.0,0.0,6.9,0.0,387,Tesouro Direto,FD00521,C00387,2026-03-20,2026T1,Alta Renda,CDB,App,5+ anos,10,Boa experiencia no aplicativo,387.0,08-22-2025,tesouro direto,10,acesso app,Telefone,Pendente,Aplicativo travou durante consulta,Tesouro Direto
387.0,2025-08-21 00:00:00,PRD_TES,8.0,0.0,6.9,0.0,387,Tesouro Direto,FD00521,C00387,2026-03-20,2026T1,Alta Renda,CDB,App,5+ anos,10,Boa experiencia no aplicativo,387.0,19/03/2026,cdb,10,resgate,Telefone,Resolvido,Assessoria ajudou na decisao,CDB
387.0,2025-08-21 00:00:00,PRD_TES,8.0,0.0,6.9,0.0,387,Tesouro Direto,FD00485,C00387,2026-02-09,2026T1,Alta Renda,CDB,Assessoria,6-24 meses,10,Atendimento claro e rapido,387.0,08-22-2025,tesouro direto,10,acesso app,Telefone,Pendente,Aplicativo travou durante consulta,Tesouro Direto
387.0,2025-08-21 00:00:00,PRD_TES,8.0,0.0,6.9,0.0,387,Tesouro Direto,FD00485,C00387,2026-02-09,2026T1,Alta Renda,CDB,Assessoria,6-24 meses,10,Atendimento claro e rapido,387.0,19/03/2026,cdb,10,resgate,Telefone,Resolvido,Assessoria ajudou na decisao,CDB
387.0,2026-03-11 00:00:00,PRD_CDB,10.0,1.0,30.9,0.0,387,CDB,FD00129,C00387,2025-08-25,2025T3,Alta Renda,Tesouro Direto,App,2-5 anos,10,Assessoria ajudou na decisao,387.0,08-22-2025,tesouro direto,10,acesso app,Telefone,Pendente,Aplicativo travou durante consulta,Tesouro Direto
387.0,2026-03-11 00:00:00,PRD_CDB,10.0,1.0,30.9,0.0,387,CDB,FD00129,C00387,2025-08-25,2025T3,Alta Renda,Tesouro Direto,App,2-5 anos,10,Assessoria ajudou na decisao,387.0,19/03/2026,cdb,10,resgate,Telefone,Resolvido,Assessoria ajudou na decisao,CDB
387.0,2026-03-11 00:00:00,PRD_CDB,10.0,1.0,30.9,0.0,387,CDB,FD00485,C00387,2026-02-09,2026T1,Alta Renda,CDB,Assessoria,6-24 meses,10,Atendimento claro e rapido,387.0,08-22-2025,tesouro direto,10,acesso app,Telefone,Pendente,Aplicativo travou durante consulta,Tesouro Direto
387.0,2026-03-11 00:00:00,PRD_CDB,10.0,1.0,30.9,0.0,387,CDB,FD00485,C00387,2026-02-09,2026T1,Alta Renda,CDB,Assessoria,6-24 meses,10,Atendimento claro e rapido,387.0,19/03/2026,cdb,10,resgate,Telefone,Resolvido,Assessoria ajudou na decisao,CDB
387.0,2026-03-11 00:00:00,PRD_CDB,10.0,1.0,30.9,0.0,387,CDB,FD00521,C00387,2026-03-20,2026T1,Alta Renda,CDB,App,5+ anos,10,Boa experiencia no aplicativo,387.0,08-22-2025,tesouro direto,10,acesso app,Telefone,Pendente,Aplicativo travou durante consulta,Tesouro Direto
387.0,2026-03-11 00:00:00,PRD_CDB,10.0,1.0,30.9,0.0,387,CDB,FD00521,C00387,2026-03-20,2026T1,Alta Renda,CDB,App,5+ anos,10,Boa experiencia no aplicativo,387.0,19/03/2026,cdb,10,resgate,Telefone,Resolvido,Assessoria ajudou na decisao,CDB
387.0,2026-03-11 00:00:00,PRD_CDB,10.0,1.0,30.9,0.0,387,CDB,FD00485,C00387,2026-02-09,2026T1,Alta Renda,CDB,Assessoria,6-24 meses,10,Atendimento claro e rapido,387.0,08-22-2025,tesouro direto,10,acesso app,Telefone,Pendente,Aplicativo travou durante consulta,Tesouro Direto
387.0,2026-03-11 00:00:00,PRD_CDB,10.0,1.0,30.9,0.0,387,CDB,FD00485,C00387,2026-02-09,2026T1,Alta Renda,CDB,Assessoria,6-24 meses,10,Atendimento claro e rapido,387.0,19/03/2026,cdb,10,resgate,Telefone,Resolvido,Assessoria ajudou na decisao,CDB
388.0,2026-03-10 00:00:00,PRD_FND,6.0,0.0,18.4,0.0,388,Fundos,FD00419,C00388,2025-12-25,2025T4,Private,CDB,Internet Banking,2-5 anos,10,Consegui acompanhar minha carteira,388.0,05/06/2026,fundos de investimento,9,reclamacao atendimento,Chat,Resolvido,Boa experiencia no aplicativo,Fundos
388.0,2026-03-10 00:00:00,PRD_FND,6.0,0.0,18.4,0.0,388,Fundos,FD00533,C00388,2026-03-07,2026T1,Private,Fundos,Assessoria,6-24 meses,10,Boa experiencia no aplicativo,388.0,05/06/2026,fundos de investimento,9,reclamacao atendimento,Chat,Resolvido,Boa experiencia no aplicativo,Fundos
388.0,2026-03-10 00:00:00,PRD_FND,6.0,0.0,18.4,0.0,388,Fundos,FD00926,C00388,2026-06-05,2026T2,Private,Fundos,Central de Atendimento,0-6 meses,9,Consegui acompanhar minha carteira,388.0,05/06/2026,fundos de investimento,9,reclamacao atendimento,Chat,Resolvido,Boa experiencia no aplicativo,Fundos
388.0,2026-06-02 00:00:00,PRD_FND,3.0,0.0,20.0,0.0,388,Fundos,FD00419,C00388,2025-12-25,2025T4,Private,CDB,Internet Banking,2-5 anos,10,Consegui acompanhar minha carteira,388.0,05/06/2026,fundos de investimento,9,reclamacao atendimento,Chat,Resolvido,Boa experiencia no aplicativo,Fundos
388.0,2026-06-02 00:00:00,PRD_FND,3.0,0.0,20.0,0.0,388,Fundos,FD00533,C00388,2026-03-07,2026T1,Private,Fundos,Assessoria,6-24 meses,10,Boa experiencia no aplicativo,388.0,05/06/2026,fundos de investimento,9,reclamacao atendimento,Chat,Resolvido,Boa experiencia no aplicativo,Fundos
388.0,2026-06-02 00:00:00,PRD_FND,3.0,0.0,20.0,0.0,388,Fundos,FD00926,C00388,2026-06-05,2026T2,Private,Fundos,Central de Atendimento,0-6 meses,9,Consegui acompanhar minha carteira,388.0,05/06/2026,fundos de investimento,9,reclamacao atendimento,Chat,Resolvido,Boa experiencia no aplicativo,Fundos
388.0,2025-12-18 00:00:00,PRD_CDB,3.0,0.0,30.1,0.0,388,CDB,FD00419,C00388,2025-12-25,2025T4,Private,CDB,Internet Banking,2-5 anos,10,Consegui acompanhar minha carteira,388.0,05/06/2026,fundos de investimento,9,reclamacao atendimento,Chat,Resolvido,Boa experiencia no aplicativo,Fundos
388.0,2025-12-18 00:00:00,PRD_CDB,3.0,0.0,30.1,0.0,388,CDB,FD00533,C00388,2026-03-07,2026T1,Private,Fundos,Assessoria,6-24 meses,10,Boa experiencia no aplicativo,388.0,05/06/2026,fundos de investimento,9,reclamacao atendimento,Chat,Resolvido,Boa experiencia no aplicativo,Fundos
388.0,2025-12-18 00:00:00,PRD_CDB,3.0,0.0,30.1,0.0,388,CDB,FD00926,C00388,2026-06-05,2026T2,Private,Fundos,Central de Atendimento,0-6 meses,9,Consegui acompanhar minha carteira,388.0,05/06/2026,fundos de investimento,9,reclamacao atendimento,Chat,Resolvido,Boa experiencia no aplicativo,Fundos
389.0,2025-08-14 00:00:00,PRD_CDB,12.0,0.0,19.9,0.0,389,CDB,FD00130,C00389,2025-08-06,2025T3,Varejo,CDB,App,5+ anos,9,Boa experiencia no aplicativo,,,,,,,,,
390.0,2025-07-10 00:00:00,PRD_CDB,8.0,0.0,16.0,0.0,390,CDB,FD00085,C00390,2025-07-14,2025T3,Varejo,CDB,App,5+ anos,10,Atendimento claro e rapido,390.0,19/04/2026,C.D.B.,,duvida rentabilidade,Agencia,Resolvido,Aplicativo travou durante consulta,CDB
390.0,2025-07-10 00:00:00,PRD_CDB,8.0,0.0,16.0,0.0,390,CDB,FD00719,C00390,2026-04-17,2026T2,Varejo,CDB,App,6-24 meses,10,Informacoes estavam faceis de encontrar,390.0,19/04/2026,C.D.B.,,duvida rentabilidade,Agencia,Resolvido,Aplicativo travou durante consulta,CDB
390.0,2026-04-14 00:00:00,PRD_CDB,8.0,0.0,18.5,0.0,390,CDB,FD00085,C00390,2025-07-14,2025T3,Varejo,CDB,App,5+ anos,10,Atendimento claro e rapido,390.0,19/04/2026,C.D.B.,,duvida rentabilidade,Agencia,Resolvido,Aplicativo travou durante consulta,CDB
390.0,2026-04-14 00:00:00,PRD_CDB,8.0,0.0,18.5,0.0,390,CDB,FD00719,C00390,2026-04-17,2026T2,Varejo,CDB,App,6-24 meses,10,Informacoes estavam faceis de encontrar,390.0,19/04/2026,C.D.B.,,duvida rentabilidade,Agencia,Resolvido,Aplicativo travou durante consulta,CDB
391.0,2026-04-25 00:00:00,PRD_CAR,4.0,0.0,77.3,0.0,391,Carteira Administrada,FD00937,C00391,2026-04-17,2026T2,Novo Investidor,Carteira Administrada,Internet Banking,2-5 anos,9,Consegui acompanhar minha carteira,,,,,,,,,
392.0,2026-05-25 00:00:00,PRD_FND,7.0,0.0,21.0,0.0,392,Fundos,FD00974,C00392,2026-05-17,2026T2,Alta Renda,Fundos,App,2-5 anos,9,Assessoria ajudou na decisao,,,,,,,,,
393.0,2026-03-25 00:00:00,PRD_TES,4.0,0.0,11.2,1.0,393,Tesouro Direto,FD00290,C00393,2025-11-25,2025T4,Alta Renda,CDB,Assessoria,6-24 meses,9,Assessoria ajudou na decisao,,,,,,,,,
393.0,2026-03-25 00:00:00,PRD_TES,4.0,0.0,11.2,1.0,393,Tesouro Direto,FD00415,C00393,2025-12-30,2025T4,Alta Renda,Tesouro Direto,Internet Banking,6-24 meses,10,Informacoes estavam faceis de encontrar,,,,,,,,,
393.0,2026-03-25 00:00:00,PRD_TES,4.0,0.0,11.2,1.0,393,Tesouro Direto,FD00491,C00393,2026-03-21,2026T1,Alta Renda,Tesouro Direto,Assessoria,6-24 meses,7,"Atendimento resolveu, mas demorou",,,,,,,,,
393.0,2026-03-25 00:00:00,PRD_TES,4.0,0.0,11.2,1.0,393,Tesouro Direto,FD00666,C00393,2026-01-12,2026T1,Alta Renda,Fundos,App,5+ anos,7,"Experiencia ok, mas poderia ser mais simples",,,,,,,,,
393.0,2026-03-25 00:00:00,PRD_TES,4.0,0.0,11.2,1.0,393,Tesouro Direto,FD00290,C00393,2025-11-25,2025T4,Alta Renda,CDB,Assessoria,6-24 meses,9,Assessoria ajudou na decisao,,,,,,,,,
393.0,2026-01-02 00:00:00,PRD_TES,9.0,1.0,34.5,0.0,393,Tesouro Direto,FD00290,C00393,2025-11-25,2025T4,Alta Renda,CDB,Assessoria,6-24 meses,9,Assessoria ajudou na decisao,,,,,,,,,
393.0,2026-01-02 00:00:00,PRD_TES,9.0,1.0,34.5,0.0,393,Tesouro Direto,FD00415,C00393,2025-12-30,2025T4,Alta Renda,Tesouro Direto,Internet Banking,6-24 meses,10,Informacoes estavam faceis de encontrar,,,,,,,,,
393.0,2026-01-02 00:00:00,PRD_TES,9.0,1.0,34.5,0.0,393,Tesouro Direto,FD00491,C00393,2026-03-21,2026T1,Alta Renda,Tesouro Direto,Assessoria,6-24 meses,7,"Atendimento resolveu, mas demorou",,,,,,,,,
393.0,2026-01-02 00:00:00,PRD_TES,9.0,1.0,34.5,0.0,393,Tesouro Direto,FD00666,C00393,2026-01-12,2026T1,Alta Renda,Fundos,App,5+ anos,7,"Experiencia ok, mas poderia ser mais simples",,,,,,,,,
393.0,2026-01-02 00:00:00,PRD_TES,9.0,1.0,34.5,0.0,393,Tesouro Direto,FD00290,C00393,2025-11-25,2025T4,Alta Renda,CDB,Assessoria,6-24 meses,9,Assessoria ajudou na decisao,,,,,,,,,
393.0,2025-11-22 00:00:00,PRD_CDB,6.0,0.0,6.9,0.0,393,CDB,FD00290,C00393,2025-11-25,2025T4,Alta Renda,CDB,Assessoria,6-24 meses,9,Assessoria ajudou na decisao,,,,,,,,,
393.0,2025-11-22 00:00:00,PRD_CDB,6.0,0.0,6.9,0.0,393,CDB,FD00415,C00393,2025-12-30,2025T4,Alta Renda,Tesouro Direto,Internet Banking,6-24 meses,10,Informacoes estavam faceis de encontrar,,,,,,,,,
393.0,2025-11-22 00:00:00,PRD_CDB,6.0,0.0,6.9,0.0,393,CDB,FD00491,C00393,2026-03-21,2026T1,Alta Renda,Tesouro Direto,Assessoria,6-24 meses,7,"Atendimento resolveu, mas demorou",,,,,,,,,
393.0,2025-11-22 00:00:00,PRD_CDB,6.0,0.0,6.9,0.0,393,CDB,FD00666,C00393,2026-01-12,2026T1,Alta Renda,Fundos,App,5+ anos,7,"Experiencia ok, mas poderia ser mais simples",,,,,,,,,
393.0,2025-11-22 00:00:00,PRD_CDB,6.0,0.0,6.9,0.0,393,CDB,FD00290,C00393,2025-11-25,2025T4,Alta Renda,CDB,Assessoria,6-24 meses,9,Assessoria ajudou na decisao,,,,,,,,,
393.0,2026-01-13 00:00:00,PRD_FND,10.0,0.0,16.7,0.0,393,Fundos,FD00290,C00393,2025-11-25,2025T4,Alta Renda,CDB,Assessoria,6-24 meses,9,Assessoria ajudou na decisao,,,,,,,,,
393.0,2026-01-13 00:00:00,PRD_FND,10.0,0.0,16.7,0.0,393,Fundos,FD00415,C00393,2025-12-30,2025T4,Alta Renda,Tesouro Direto,Internet Banking,6-24 meses,10,Informacoes estavam faceis de encontrar,,,,,,,,,
393.0,2026-01-13 00:00:00,PRD_FND,10.0,0.0,16.7,0.0,393,Fundos,FD00491,C00393,2026-03-21,2026T1,Alta Renda,Tesouro Direto,Assessoria,6-24 meses,7,"Atendimento resolveu, mas demorou",,,,,,,,,
393.0,2026-01-13 00:00:00,PRD_FND,10.0,0.0,16.7,0.0,393,Fundos,FD00666,C00393,2026-01-12,2026T1,Alta Renda,Fundos,App,5+ anos,7,"Experiencia ok, mas poderia ser mais simples",,,,,,,,,
393.0,2026-01-13 00:00:00,PRD_FND,10.0,0.0,16.7,0.0,393,Fundos,FD00290,C00393,2025-11-25,2025T4,Alta Renda,CDB,Assessoria,6-24 meses,9,Assessoria ajudou na decisao,,,,,,,,,
393.0,2025-11-22 00:00:00,PRD_CDB,6.0,0.0,6.9,0.0,393,CDB,FD00290,C00393,2025-11-25,2025T4,Alta Renda,CDB,Assessoria,6-24 meses,9,Assessoria ajudou na decisao,,,,,,,,,
393.0,2025-11-22 00:00:00,PRD_CDB,6.0,0.0,6.9,0.0,393,CDB,FD00415,C00393,2025-12-30,2025T4,Alta Renda,Tesouro Direto,Internet Banking,6-24 meses,10,Informacoes estavam faceis de encontrar,,,,,,,,,
393.0,2025-11-22 00:00:00,PRD_CDB,6.0,0.0,6.9,0.0,393,CDB,FD00491,C00393,2026-03-21,2026T1,Alta Renda,Tesouro Direto,Assessoria,6-24 meses,7,"Atendimento resolveu, mas demorou",,,,,,,,,
393.0,2025-11-22 00:00:00,PRD_CDB,6.0,0.0,6.9,0.0,393,CDB,FD00666,C00393,2026-01-12,2026T1,Alta Renda,Fundos,App,5+ anos,7,"Experiencia ok, mas poderia ser mais simples",,,,,,,,,
393.0,2025-11-22 00:00:00,PRD_CDB,6.0,0.0,6.9,0.0,393,CDB,FD00290,C00393,2025-11-25,2025T4,Alta Renda,CDB,Assessoria,6-24 meses,9,Assessoria ajudou na decisao,,,,,,,,,
393.0,2026-01-13 00:00:00,PRD_FND,10.0,0.0,16.7,0.0,393,Fundos,FD00290,C00393,2025-11-25,2025T4,Alta Renda,CDB,Assessoria,6-24 meses,9,Assessoria ajudou na decisao,,,,,,,,,
393.0,2026-01-13 00:00:00,PRD_FND,10.0,0.0,16.7,0.0,393,Fundos,FD00415,C00393,2025-12-30,2025T4,Alta Renda,Tesouro Direto,Internet Banking,6-24 meses,10,Informacoes estavam faceis de encontrar,,,,,,,,,
393.0,2026-01-13 00:00:00,PRD_FND,10.0,0.0,16.7,0.0,393,Fundos,FD00491,C00393,2026-03-21,2026T1,Alta Renda,Tesouro Direto,Assessoria,6-24 meses,7,"Atendimento resolveu, mas demorou",,,,,,,,,
393.0,2026-01-13 00:00:00,PRD_FND,10.0,0.0,16.7,0.0,393,Fundos,FD00666,C00393,2026-01-12,2026T1,Alta Renda,Fundos,App,5+ anos,7,"Experiencia ok, mas poderia ser mais simples",,,,,,,,,
393.0,2026-01-13 00:00:00,PRD_FND,10.0,0.0,16.7,0.0,393,Fundos,FD00290,C00393,2025-11-25,2025T4,Alta Renda,CDB,Assessoria,6-24 meses,9,Assessoria ajudou na decisao,,,,,,,,,
394.0,2025-11-21 00:00:00,PRD_FND,9.0,0.0,18.7,1.0,394,Fundos,FD00348,C00394,2025-11-20,2025T4,Varejo,CDB,Central de Atendimento,6-24 meses,9,Atendimento claro e rapido,394.0,18/11/2025,cdb,10,explicacao risco,Chat,Reaberto,,CDB
394.0,2025-11-21 00:00:00,PRD_FND,9.0,0.0,18.7,1.0,394,Fundos,FD00348,C00394,2025-11-20,2025T4,Varejo,CDB,Central de Atendimento,6-24 meses,9,Atendimento claro e rapido,394.0,18/11/2025,cdb,10,explicacao risco,Chat,Reaberto,,CDB
394.0,2025-11-21 00:00:00,PRD_FND,9.0,0.0,18.7,1.0,394,Fundos,FD00409,C00394,2025-11-25,2025T4,Varejo,Fundos,App,5+ anos,10,Atendimento claro e rapido,394.0,18/11/2025,cdb,10,explicacao risco,Chat,Reaberto,,CDB
394.0,2025-11-21 00:00:00,PRD_FND,9.0,0.0,18.7,1.0,394,Fundos,FD00409,C00394,2025-11-25,2025T4,Varejo,Fundos,App,5+ anos,10,Atendimento claro e rapido,394.0,18/11/2025,cdb,10,explicacao risco,Chat,Reaberto,,CDB
394.0,2025-11-21 00:00:00,PRD_CDB,6.0,0.0,35.4,0.0,394,CDB,FD00348,C00394,2025-11-20,2025T4,Varejo,CDB,Central de Atendimento,6-24 meses,9,Atendimento claro e rapido,394.0,18/11/2025,cdb,10,explicacao risco,Chat,Reaberto,,CDB
394.0,2025-11-21 00:00:00,PRD_CDB,6.0,0.0,35.4,0.0,394,CDB,FD00348,C00394,2025-11-20,2025T4,Varejo,CDB,Central de Atendimento,6-24 meses,9,Atendimento claro e rapido,394.0,18/11/2025,cdb,10,explicacao risco,Chat,Reaberto,,CDB
394.0,2025-11-21 00:00:00,PRD_CDB,6.0,0.0,35.4,0.0,394,CDB,FD00409,C00394,2025-11-25,2025T4,Varejo,Fundos,App,5+ anos,10,Atendimento claro e rapido,394.0,18/11/2025,cdb,10,explicacao risco,Chat,Reaberto,,CDB
394.0,2025-11-21 00:00:00,PRD_CDB,6.0,0.0,35.4,0.0,394,CDB,FD00409,C00394,2025-11-25,2025T4,Varejo,Fundos,App,5+ anos,10,Atendimento claro e rapido,394.0,18/11/2025,cdb,10,explicacao risco,Chat,Reaberto,,CDB
394.0,2025-11-21 00:00:00,PRD_CDB,6.0,0.0,35.4,0.0,394,CDB,FD00348,C00394,2025-11-20,2025T4,Varejo,CDB,Central de Atendimento,6-24 meses,9,Atendimento claro e rapido,394.0,18/11/2025,cdb,10,explicacao risco,Chat,Reaberto,,CDB
394.0,2025-11-21 00:00:00,PRD_CDB,6.0,0.0,35.4,0.0,394,CDB,FD00348,C00394,2025-11-20,2025T4,Varejo,CDB,Central de Atendimento,6-24 meses,9,Atendimento claro e rapido,394.0,18/11/2025,cdb,10,explicacao risco,Chat,Reaberto,,CDB
394.0,2025-11-21 00:00:00,PRD_CDB,6.0,0.0,35.4,0.0,394,CDB,FD00409,C00394,2025-11-25,2025T4,Varejo,Fundos,App,5+ anos,10,Atendimento claro e rapido,394.0,18/11/2025,cdb,10,explicacao risco,Chat,Reaberto,,CDB
394.0,2025-11-21 00:00:00,PRD_CDB,6.0,0.0,35.4,0.0,394,CDB,FD00409,C00394,2025-11-25,2025T4,Varejo,Fundos,App,5+ anos,10,Atendimento claro e rapido,394.0,18/11/2025,cdb,10,explicacao risco,Chat,Reaberto,,CDB
395.0,2025-07-14 00:00:00,PRD_FND,10.0,0.0,38.9,0.0,395,Fundos,FD00012,C00395,2025-07-14,2025T3,Alta Renda,Fundos,App,0-6 meses,10,Boa experiencia no aplicativo,,,,,,,,,
396.0,2026-04-17 00:00:00,PRD_TES,8.0,0.0,12.6,0.0,396,Tesouro Direto,FD00332,C00396,2025-10-26,2025T4,Novo Investidor,Tesouro Direto,App,0-6 meses,6,Demora para resolver meu problema,,,,,,,,,
396.0,2026-04-17 00:00:00,PRD_TES,8.0,0.0,12.6,0.0,396,Tesouro Direto,FD00833,C00396,2026-04-26,2026T2,Novo Investidor,Tesouro Direto,Central de Atendimento,2-5 anos,9,Informacoes estavam faceis de encontrar,,,,,,,,,
396.0,2026-04-17 00:00:00,PRD_TES,8.0,0.0,12.6,0.0,396,Tesouro Direto,FD00941,C00396,2026-05-13,2026T2,Novo Investidor,Carteira Administrada,App,5+ anos,10,Consegui acompanhar minha carteira,,,,,,,,,
396.0,2026-04-17 00:00:00,PRD_TES,8.0,0.0,12.6,0.0,396,Tesouro Direto,FDX00007,C00396,2026-04-27,2026T2,Novo Investidor,Tesouro Direto,Central de Atendimento,2-5 anos,9,Informacoes estavam faceis de encontrar,,,,,,,,,
396.0,2026-05-15 00:00:00,PRD_CAR,9.0,2.0,95.5,0.0,396,Carteira Administrada,FD00332,C00396,2025-10-26,2025T4,Novo Investidor,Tesouro Direto,App,0-6 meses,6,Demora para resolver meu problema,,,,,,,,,
396.0,2026-05-15 00:00:00,PRD_CAR,9.0,2.0,95.5,0.0,396,Carteira Administrada,FD00833,C00396,2026-04-26,2026T2,Novo Investidor,Tesouro Direto,Central de Atendimento,2-5 anos,9,Informacoes estavam faceis de encontrar,,,,,,,,,
396.0,2026-05-15 00:00:00,PRD_CAR,9.0,2.0,95.5,0.0,396,Carteira Administrada,FD00941,C00396,2026-05-13,2026T2,Novo Investidor,Carteira Administrada,App,5+ anos,10,Consegui acompanhar minha carteira,,,,,,,,,
396.0,2026-05-15 00:00:00,PRD_CAR,9.0,2.0,95.5,0.0,396,Carteira Administrada,FDX00007,C00396,2026-04-27,2026T2,Novo Investidor,Tesouro Direto,Central de Atendimento,2-5 anos,9,Informacoes estavam faceis de encontrar,,,,,,,,,
396.0,2025-10-21 00:00:00,PRD_TES,5.0,0.0,20.7,0.0,396,Tesouro Direto,FD00332,C00396,2025-10-26,2025T4,Novo Investidor,Tesouro Direto,App,0-6 meses,6,Demora para resolver meu problema,,,,,,,,,
396.0,2025-10-21 00:00:00,PRD_TES,5.0,0.0,20.7,0.0,396,Tesouro Direto,FD00833,C00396,2026-04-26,2026T2,Novo Investidor,Tesouro Direto,Central de Atendimento,2-5 anos,9,Informacoes estavam faceis de encontrar,,,,,,,,,
396.0,2025-10-21 00:00:00,PRD_TES,5.0,0.0,20.7,0.0,396,Tesouro Direto,FD00941,C00396,2026-05-13,2026T2,Novo Investidor,Carteira Administrada,App,5+ anos,10,Consegui acompanhar minha carteira,,,,,,,,,
396.0,2025-10-21 00:00:00,PRD_TES,5.0,0.0,20.7,0.0,396,Tesouro Direto,FDX00007,C00396,2026-04-27,2026T2,Novo Investidor,Tesouro Direto,Central de Atendimento,2-5 anos,9,Informacoes estavam faceis de encontrar,,,,,,,,,
,,,,,,,397,,FD00600,C00397,2026-02-21,2026T1,Varejo,Tesouro Direto,App,2-5 anos,9,Atendimento claro e rapido,,,,,,,,,
398.0,2025-09-26 00:00:00,PRD_CDB,6.0,0.0,25.1,0.0,398,CDB,FD00090,C00398,2025-08-28,2025T3,Alta Renda,CDB,Assessoria,5+ anos,8,Tive duvida sobre rentabilidade,,,,,,,,,
398.0,2025-09-26 00:00:00,PRD_CDB,6.0,0.0,25.1,0.0,398,CDB,FD00114,C00398,2025-09-22,2025T3,Alta Renda,CDB,Central de Atendimento,6-24 meses,5,Nao consegui falar com assessor,,,,,,,,,
398.0,2025-09-26 00:00:00,PRD_CDB,6.0,0.0,25.1,0.0,398,CDB,FD00265,C00398,2025-11-08,2025T4,Alta Renda,CDB,,2-5 anos,9,Boa experiencia no aplicativo,,,,,,,,,
398.0,2025-09-26 00:00:00,PRD_CDB,6.0,0.0,25.1,0.0,398,CDB,FD00679,C00398,2026-02-17,2026T1,Alta Renda,Tesouro Direto,App,0-6 meses,10,Atendimento claro e rapido,,,,,,,,,
398.0,2025-09-26 00:00:00,PRD_CDB,6.0,0.0,25.1,0.0,398,CDB,FD00712,C00398,2026-03-03,2026T1,Alta Renda,Tesouro Direto,Internet Banking,6-24 meses,10,Assessoria ajudou na decisao,,,,,,,,,
398.0,2025-09-26 00:00:00,PRD_CDB,6.0,0.0,25.1,0.0,398,CDB,FD00918,C00398,2026-05-09,2026T2,Alta Renda,Carteira Administrada,App,6-24 meses,9,Atendimento claro e rapido,,,,,,,,,
398.0,2026-02-23 00:00:00,PRD_TES,12.0,1.0,37.2,0.0,398,Tesouro Direto,FD00090,C00398,2025-08-28,2025T3,Alta Renda,CDB,Assessoria,5+ anos,8,Tive duvida sobre rentabilidade,,,,,,,,,
398.0,2026-02-23 00:00:00,PRD_TES,12.0,1.0,37.2,0.0,398,Tesouro Direto,FD00114,C00398,2025-09-22,2025T3,Alta Renda,CDB,Central de Atendimento,6-24 meses,5,Nao consegui falar com assessor,,,,,,,,,
398.0,2026-02-23 00:00:00,PRD_TES,12.0,1.0,37.2,0.0,398,Tesouro Direto,FD00265,C00398,2025-11-08,2025T4,Alta Renda,CDB,,2-5 anos,9,Boa experiencia no aplicativo,,,,,,,,,
398.0,2026-02-23 00:00:00,PRD_TES,12.0,1.0,37.2,0.0,398,Tesouro Direto,FD00679,C00398,2026-02-17,2026T1,Alta Renda,Tesouro Direto,App,0-6 meses,10,Atendimento claro e rapido,,,,,,,,,
398.0,2026-02-23 00:00:00,PRD_TES,12.0,1.0,37.2,0.0,398,Tesouro Direto,FD00712,C00398,2026-03-03,2026T1,Alta Renda,Tesouro Direto,Internet Banking,6-24 meses,10,Assessoria ajudou na decisao,,,,,,,,,
398.0,2026-02-23 00:00:00,PRD_TES,12.0,1.0,37.2,0.0,398,Tesouro Direto,FD00918,C00398,2026-05-09,2026T2,Alta Renda,Carteira Administrada,App,6-24 meses,9,Atendimento claro e rapido,,,,,,,,,
398.0,2026-05-06 00:00:00,PRD_CAR,10.0,0.0,81.6,0.0,398,Carteira Administrada,FD00090,C00398,2025-08-28,2025T3,Alta Renda,CDB,Assessoria,5+ anos,8,Tive duvida sobre rentabilidade,,,,,,,,,
398.0,2026-05-06 00:00:00,PRD_CAR,10.0,0.0,81.6,0.0,398,Carteira Administrada,FD00114,C00398,2025-09-22,2025T3,Alta Renda,CDB,Central de Atendimento,6-24 meses,5,Nao consegui falar com assessor,,,,,,,,,
398.0,2026-05-06 00:00:00,PRD_CAR,10.0,0.0,81.6,0.0,398,Carteira Administrada,FD00265,C00398,2025-11-08,2025T4,Alta Renda,CDB,,2-5 anos,9,Boa experiencia no aplicativo,,,,,,,,,
398.0,2026-05-06 00:00:00,PRD_CAR,10.0,0.0,81.6,0.0,398,Carteira Administrada,FD00679,C00398,2026-02-17,2026T1,Alta Renda,Tesouro Direto,App,0-6 meses,10,Atendimento claro e rapido,,,,,,,,,
398.0,2026-05-06 00:00:00,PRD_CAR,10.0,0.0,81.6,0.0,398,Carteira Administrada,FD00712,C00398,2026-03-03,2026T1,Alta Renda,Tesouro Direto,Internet Banking,6-24 meses,10,Assessoria ajudou na decisao,,,,,,,,,
398.0,2026-05-06 00:00:00,PRD_CAR,10.0,0.0,81.6,0.0,398,Carteira Administrada,FD00918,C00398,2026-05-09,2026T2,Alta Renda,Carteira Administrada,App,6-24 meses,9,Atendimento claro e rapido,,,,,,,,,
398.0,2025-11-14 00:00:00,PRD_CDB,4.0,0.0,17.1,0.0,398,CDB,FD00090,C00398,2025-08-28,2025T3,Alta Renda,CDB,Assessoria,5+ anos,8,Tive duvida sobre rentabilidade,,,,,,,,,
398.0,2025-11-14 00:00:00,PRD_CDB,4.0,0.0,17.1,0.0,398,CDB,FD00114,C00398,2025-09-22,2025T3,Alta Renda,CDB,Central de Atendimento,6-24 meses,5,Nao consegui falar com assessor,,,,,,,,,
398.0,2025-11-14 00:00:00,PRD_CDB,4.0,0.0,17.1,0.0,398,CDB,FD00265,C00398,2025-11-08,2025T4,Alta Renda,CDB,,2-5 anos,9,Boa experiencia no aplicativo,,,,,,,,,
398.0,2025-11-14 00:00:00,PRD_CDB,4.0,0.0,17.1,0.0,398,CDB,FD00679,C00398,2026-02-17,2026T1,Alta Renda,Tesouro Direto,App,0-6 meses,10,Atendimento claro e rapido,,,,,,,,,
398.0,2025-11-14 00:00:00,PRD_CDB,4.0,0.0,17.1,0.0,398,CDB,FD00712,C00398,2026-03-03,2026T1,Alta Renda,Tesouro Direto,Internet Banking,6-24 meses,10,Assessoria ajudou na decisao,,,,,,,,,
398.0,2025-11-14 00:00:00,PRD_CDB,4.0,0.0,17.1,0.0,398,CDB,FD00918,C00398,2026-05-09,2026T2,Alta Renda,Carteira Administrada,App,6-24 meses,9,Atendimento claro e rapido,,,,,,,,,
398.0,2026-03-08 00:00:00,PRD_TES,2.0,1.0,40.5,0.0,398,Tesouro Direto,FD00090,C00398,2025-08-28,2025T3,Alta Renda,CDB,Assessoria,5+ anos,8,Tive duvida sobre rentabilidade,,,,,,,,,
398.0,2026-03-08 00:00:00,PRD_TES,2.0,1.0,40.5,0.0,398,Tesouro Direto,FD00114,C00398,2025-09-22,2025T3,Alta Renda,CDB,Central de Atendimento,6-24 meses,5,Nao consegui falar com assessor,,,,,,,,,
398.0,2026-03-08 00:00:00,PRD_TES,2.0,1.0,40.5,0.0,398,Tesouro Direto,FD00265,C00398,2025-11-08,2025T4,Alta Renda,CDB,,2-5 anos,9,Boa experiencia no aplicativo,,,,,,,,,
398.0,2026-03-08 00:00:00,PRD_TES,2.0,1.0,40.5,0.0,398,Tesouro Direto,FD00679,C00398,2026-02-17,2026T1,Alta Renda,Tesouro Direto,App,0-6 meses,10,Atendimento claro e rapido,,,,,,,,,
398.0,2026-03-08 00:00:00,PRD_TES,2.0,1.0,40.5,0.0,398,Tesouro Direto,FD00712,C00398,2026-03-03,2026T1,Alta Renda,Tesouro Direto,Internet Banking,6-24 meses,10,Assessoria ajudou na decisao,,,,,,,,,
398.0,2026-03-08 00:00:00,PRD_TES,2.0,1.0,40.5,0.0,398,Tesouro Direto,FD00918,C00398,2026-05-09,2026T2,Alta Renda,Carteira Administrada,App,6-24 meses,9,Atendimento claro e rapido,,,,,,,,,
398.0,2025-09-06 00:00:00,PRD_CDB,7.0,0.0,18.8,0.0,398,CDB,FD00090,C00398,2025-08-28,2025T3,Alta Renda,CDB,Assessoria,5+ anos,8,Tive duvida sobre rentabilidade,,,,,,,,,
398.0,2025-09-06 00:00:00,PRD_CDB,7.0,0.0,18.8,0.0,398,CDB,FD00114,C00398,2025-09-22,2025T3,Alta Renda,CDB,Central de Atendimento,6-24 meses,5,Nao consegui falar com assessor,,,,,,,,,
398.0,2025-09-06 00:00:00,PRD_CDB,7.0,0.0,18.8,0.0,398,CDB,FD00265,C00398,2025-11-08,2025T4,Alta Renda,CDB,,2-5 anos,9,Boa experiencia no aplicativo,,,,,,,,,
398.0,2025-09-06 00:00:00,PRD_CDB,7.0,0.0,18.8,0.0,398,CDB,FD00679,C00398,2026-02-17,2026T1,Alta Renda,Tesouro Direto,App,0-6 meses,10,Atendimento claro e rapido,,,,,,,,,
398.0,2025-09-06 00:00:00,PRD_CDB,7.0,0.0,18.8,0.0,398,CDB,FD00712,C00398,2026-03-03,2026T1,Alta Renda,Tesouro Direto,Internet Banking,6-24 meses,10,Assessoria ajudou na decisao,,,,,,,,,
398.0,2025-09-06 00:00:00,PRD_CDB,7.0,0.0,18.8,0.0,398,CDB,FD00918,C00398,2026-05-09,2026T2,Alta Renda,Carteira Administrada,App,6-24 meses,9,Atendimento claro e rapido,,,,,,,,,
399.0,2026-04-18 00:00:00,PRD_TES,4.0,0.0,17.0,0.0,399,Tesouro Direto,FD00915,C00399,2026-04-12,2026T2,Varejo,Tesouro Direto,Assessoria,2-5 anos,9,Assessoria ajudou na decisao,,,,,,,,,
400.0,2026-05-28 00:00:00,PRD_CDB,4.0,0.0,31.3,0.0,400,CDB,FD00516,C00400,2026-03-17,2026T1,Varejo,COE,App,6-24 meses,9,Informacoes estavam faceis de encontrar,,,,,,,,,
400.0,2026-05-28 00:00:00,PRD_CDB,4.0,0.0,31.3,0.0,400,CDB,FD00579,C00400,2026-02-28,2026T1,Varejo,CDB,Central de Atendimento,0-6 meses,9,Consegui acompanhar minha carteira,,,,,,,,,
400.0,2026-05-28 00:00:00,PRD_CDB,4.0,0.0,31.3,0.0,400,CDB,FD00731,C00400,2026-05-04,2026T2,Varejo,Fundos,Assessoria,0-6 meses,9,Informacoes estavam faceis de encontrar,,,,,,,,,
400.0,2026-05-28 00:00:00,PRD_CDB,4.0,0.0,31.3,0.0,400,CDB,FD00836,C00400,2026-04-04,2026T2,Varejo,Fundos,App,2-5 anos,9,Informacoes estavam faceis de encontrar,,,,,,,,,
400.0,2026-05-28 00:00:00,PRD_CDB,4.0,0.0,31.3,0.0,400,CDB,FD00994,C00400,2026-05-21,2026T2,Varejo,CDB,Assessoria,2-5 anos,9,Boa experiencia no aplicativo,,,,,,,,,
400.0,2026-05-28 00:00:00,PRD_CDB,4.0,0.0,31.3,0.0,400,CDB,FD00731,C00400,2026-05-04,2026T2,Varejo,Fundos,Assessoria,0-6 meses,9,Informacoes estavam faceis de encontrar,,,,,,,,,
400.0,2026-04-06 00:00:00,PRD_FND,9.0,0.0,33.9,0.0,400,Fundos,FD00516,C00400,2026-03-17,2026T1,Varejo,COE,App,6-24 meses,9,Informacoes estavam faceis de encontrar,,,,,,,,,
400.0,2026-04-06 00:00:00,PRD_FND,9.0,0.0,33.9,0.0,400,Fundos,FD00579,C00400,2026-02-28,2026T1,Varejo,CDB,Central de Atendimento,0-6 meses,9,Consegui acompanhar minha carteira,,,,,,,,,
400.0,2026-04-06 00:00:00,PRD_FND,9.0,0.0,33.9,0.0,400,Fundos,FD00731,C00400,2026-05-04,2026T2,Varejo,Fundos,Assessoria,0-6 meses,9,Informacoes estavam faceis de encontrar,,,,,,,,,
400.0,2026-04-06 00:00:00,PRD_FND,9.0,0.0,33.9,0.0,400,Fundos,FD00836,C00400,2026-04-04,2026T2,Varejo,Fundos,App,2-5 anos,9,Informacoes estavam faceis de encontrar,,,,,,,,,
400.0,2026-04-06 00:00:00,PRD_FND,9.0,0.0,33.9,0.0,400,Fundos,FD00994,C00400,2026-05-21,2026T2,Varejo,CDB,Assessoria,2-5 anos,9,Boa experiencia no aplicativo,,,,,,,,,
400.0,2026-04-06 00:00:00,PRD_FND,9.0,0.0,33.9,0.0,400,Fundos,FD00731,C00400,2026-05-04,2026T2,Varejo,Fundos,Assessoria,0-6 meses,9,Informacoes estavam faceis de encontrar,,,,,,,,,
400.0,2026-03-17 00:00:00,PRD_COE,12.0,0.0,16.9,0.0,400,COE,FD00516,C00400,2026-03-17,2026T1,Varejo,COE,App,6-24 meses,9,Informacoes estavam faceis de encontrar,,,,,,,,,
400.0,2026-03-17 00:00:00,PRD_COE,12.0,0.0,16.9,0.0,400,COE,FD00579,C00400,2026-02-28,2026T1,Varejo,CDB,Central de Atendimento,0-6 meses,9,Consegui acompanhar minha carteira,,,,,,,,,
400.0,2026-03-17 00:00:00,PRD_COE,12.0,0.0,16.9,0.0,400,COE,FD00731,C00400,2026-05-04,2026T2,Varejo,Fundos,Assessoria,0-6 meses,9,Informacoes estavam faceis de encontrar,,,,,,,,,
400.0,2026-03-17 00:00:00,PRD_COE,12.0,0.0,16.9,0.0,400,COE,FD00836,C00400,2026-04-04,2026T2,Varejo,Fundos,App,2-5 anos,9,Informacoes estavam faceis de encontrar,,,,,,,,,
400.0,2026-03-17 00:00:00,PRD_COE,12.0,0.0,16.9,0.0,400,COE,FD00994,C00400,2026-05-21,2026T2,Varejo,CDB,Assessoria,2-5 anos,9,Boa experiencia no aplicativo,,,,,,,,,
400.0,2026-03-17 00:00:00,PRD_COE,12.0,0.0,16.9,0.0,400,COE,FD00731,C00400,2026-05-04,2026T2,Varejo,Fundos,Assessoria,0-6 meses,9,Informacoes estavam faceis de encontrar,,,,,,,,,
400.0,2026-05-12 00:00:00,PRD_FND,3.0,0.0,20.9,0.0,400,Fundos,FD00516,C00400,2026-03-17,2026T1,Varejo,COE,App,6-24 meses,9,Informacoes estavam faceis de encontrar,,,,,,,,,
400.0,2026-05-12 00:00:00,PRD_FND,3.0,0.0,20.9,0.0,400,Fundos,FD00579,C00400,2026-02-28,2026T1,Varejo,CDB,Central de Atendimento,0-6 meses,9,Consegui acompanhar minha carteira,,,,,,,,,
400.0,2026-05-12 00:00:00,PRD_FND,3.0,0.0,20.9,0.0,400,Fundos,FD00731,C00400,2026-05-04,2026T2,Varejo,Fundos,Assessoria,0-6 meses,9,Informacoes estavam faceis de encontrar,,,,,,,,,
400.0,2026-05-12 00:00:00,PRD_FND,3.0,0.0,20.9,0.0,400,Fundos,FD00836,C00400,2026-04-04,2026T2,Varejo,Fundos,App,2-5 anos,9,Informacoes estavam faceis de encontrar,,,,,,,,,
400.0,2026-05-12 00:00:00,PRD_FND,3.0,0.0,20.9,0.0,400,Fundos,FD00994,C00400,2026-05-21,2026T2,Varejo,CDB,Assessoria,2-5 anos,9,Boa experiencia no aplicativo,,,,,,,,,
400.0,2026-05-12 00:00:00,PRD_FND,3.0,0.0,20.9,0.0,400,Fundos,FD00731,C00400,2026-05-04,2026T2,Varejo,Fundos,Assessoria,0-6 meses,9,Informacoes estavam faceis de encontrar,,,,,,,,,
400.0,2026-02-28 00:00:00,PRD_CDB,4.0,0.0,23.1,0.0,400,CDB,FD00516,C00400,2026-03-17,2026T1,Varejo,COE,App,6-24 meses,9,Informacoes estavam faceis de encontrar,,,,,,,,,
400.0,2026-02-28 00:00:00,PRD_CDB,4.0,0.0,23.1,0.0,400,CDB,FD00579,C00400,2026-02-28,2026T1,Varejo,CDB,Central de Atendimento,0-6 meses,9,Consegui acompanhar minha carteira,,,,,,,,,
400.0,2026-02-28 00:00:00,PRD_CDB,4.0,0.0,23.1,0.0,400,CDB,FD00731,C00400,2026-05-04,2026T2,Varejo,Fundos,Assessoria,0-6 meses,9,Informacoes estavam faceis de encontrar,,,,,,,,,
400.0,2026-02-28 00:00:00,PRD_CDB,4.0,0.0,23.1,0.0,400,CDB,FD00836,C00400,2026-04-04,2026T2,Varejo,Fundos,App,2-5 anos,9,Informacoes estavam faceis de encontrar,,,,,,,,,
400.0,2026-02-28 00:00:00,PRD_CDB,4.0,0.0,23.1,0.0,400,CDB,FD00994,C00400,2026-05-21,2026T2,Varejo,CDB,Assessoria,2-5 anos,9,Boa experiencia no aplicativo,,,,,,,,,
400.0,2026-02-28 00:00:00,PRD_CDB,4.0,0.0,23.1,0.0,400,CDB,FD00731,C00400,2026-05-04,2026T2,Varejo,Fundos,Assessoria,0-6 meses,9,Informacoes estavam faceis de encontrar,,,,,,,,,
400.0,2026-02-28 00:00:00,PRD_CDB,4.0,0.0,23.1,0.0,400,CDB,FD00516,C00400,2026-03-17,2026T1,Varejo,COE,App,6-24 meses,9,Informacoes estavam faceis de encontrar,,,,,,,,,
400.0,2026-02-28 00:00:00,PRD_CDB,4.0,0.0,23.1,0.0,400,CDB,FD00579,C00400,2026-02-28,2026T1,Varejo,CDB,Central de Atendimento,0-6 meses,9,Consegui acompanhar minha carteira,,,,,,,,,
400.0,2026-02-28 00:00:00,PRD_CDB,4.0,0.0,23.1,0.0,400,CDB,FD00731,C00400,2026-05-04,2026T2,Varejo,Fundos,Assessoria,0-6 meses,9,Informacoes estavam faceis de encontrar,,,,,,,,,
400.0,2026-02-28 00:00:00,PRD_CDB,4.0,0.0,23.1,0.0,400,CDB,FD00836,C00400,2026-04-04,2026T2,Varejo,Fundos,App,2-5 anos,9,Informacoes estavam faceis de encontrar,,,,,,,,,
400.0,2026-02-28 00:00:00,PRD_CDB,4.0,0.0,23.1,0.0,400,CDB,FD00994,C00400,2026-05-21,2026T2,Varejo,CDB,Assessoria,2-5 anos,9,Boa experiencia no aplicativo,,,,,,,,,
400.0,2026-02-28 00:00:00,PRD_CDB,4.0,0.0,23.1,0.0,400,CDB,FD00731,C00400,2026-05-04,2026T2,Varejo,Fundos,Assessoria,0-6 meses,9,Informacoes estavam faceis de encontrar,,,,,,,,,
401.0,2025-10-23 00:00:00,PRD_TES,8.0,0.0,1.0,0.0,401,Tesouro Direto,FD00013,C00401,2025-07-18,2025T3,Private,Fundos,Assessoria,6-24 meses,9,Informacoes estavam faceis de encontrar,,,,,,,,,
401.0,2025-10-23 00:00:00,PRD_TES,8.0,0.0,1.0,0.0,401,Tesouro Direto,FD00374,C00401,2025-10-17,2025T4,Private,Tesouro Direto,Central de Atendimento,0-6 meses,10,Atendimento claro e rapido,,,,,,,,,
401.0,2025-07-10 00:00:00,PRD_FND,3.0,0.0,19.4,0.0,401,Fundos,FD00013,C00401,2025-07-18,2025T3,Private,Fundos,Assessoria,6-24 meses,9,Informacoes estavam faceis de encontrar,,,,,,,,,
401.0,2025-07-10 00:00:00,PRD_FND,3.0,0.0,19.4,0.0,401,Fundos,FD00374,C00401,2025-10-17,2025T4,Private,Tesouro Direto,Central de Atendimento,0-6 meses,10,Atendimento claro e rapido,,,,,,,,,
402.0,2026-01-17 00:00:00,PRD_TES,6.0,0.0,17.3,0.0,402,Tesouro Direto,FD00657,C00402,2026-01-17,2026T1,Novo Investidor,Tesouro Direto,App,6-24 meses,10,Informacoes estavam faceis de encontrar,,,,,,,,,
402.0,2026-01-17 00:00:00,PRD_TES,6.0,0.0,17.3,0.0,402,Tesouro Direto,FD00657,C00402,2026-01-17,2026T1,Novo Investidor,Tesouro Direto,App,6-24 meses,10,Informacoes estavam faceis de encontrar,,,,,,,,,
403.0,2026-05-16 00:00:00,PRD_TES,9.0,0.0,17.3,0.0,403,Tesouro Direto,FD00878,C00403,2026-05-13,2026T2,Alta Renda,Tesouro Direto,Central de Atendimento,0-6 meses,10,Atendimento claro e rapido,,,,,,,,,
404.0,2025-07-12 00:00:00,PRD_FND,13.0,0.0,8.3,0.0,404,Fundos,FD00073,C00404,2025-07-03,2025T3,Varejo,Fundos,App,2-5 anos,10,Atendimento claro e rapido,404.0,2025-07-06,Fundo,10,explicacao risco,Chat,Resolvido,Assessoria ajudou na decisao,Fundos
404.0,2025-07-12 00:00:00,PRD_FND,13.0,0.0,8.3,0.0,404,Fundos,FD00073,C00404,2025-07-03,2025T3,Varejo,Fundos,App,2-5 anos,10,Atendimento claro e rapido,404.0,2025-07-06,Fundo,10,explicacao risco,Chat,Resolvido,Assessoria ajudou na decisao,Fundos
405.0,2025-10-27 00:00:00,PRD_CAR,4.0,1.0,54.2,0.0,405,Carteira Administrada,FD00349,C00405,2025-10-26,2025T4,Alta Renda,Carteira Administrada,,5+ anos,10,Consegui acompanhar minha carteira,,,,,,,,,
407.0,2025-10-20 00:00:00,PRD_CAR,10.0,1.0,46.8,0.0,407,Carteira Administrada,FD00351,C00407,2025-10-15,2025T4,Alta Renda,Carteira Administrada,App,5+ anos,9,Boa experiencia no aplicativo,,,,,,,,,
407.0,2025-10-20 00:00:00,PRD_CAR,10.0,1.0,46.8,0.0,407,Carteira Administrada,FD00746,C00407,2026-04-16,2026T2,Alta Renda,Fundos,App,0-6 meses,10,Informacoes estavam faceis de encontrar,,,,,,,,,
407.0,2026-04-20 00:00:00,PRD_FND,4.0,0.0,10.8,0.0,407,Fundos,FD00351,C00407,2025-10-15,2025T4,Alta Renda,Carteira Administrada,App,5+ anos,9,Boa experiencia no aplicativo,,,,,,,,,
407.0,2026-04-20 00:00:00,PRD_FND,4.0,0.0,10.8,0.0,407,Fundos,FD00746,C00407,2026-04-16,2026T2,Alta Renda,Fundos,App,0-6 meses,10,Informacoes estavam faceis de encontrar,,,,,,,,,
408.0,2025-11-29 00:00:00,PRD_TES,11.0,0.0,20.3,0.0,408,Tesouro Direto,FD00430,C00408,2025-11-23,2025T4,Private,Tesouro Direto,App,2-5 anos,9,Informacoes estavam faceis de encontrar,408.0,25/05/2026,tesouro direto,10,acesso app,Telefone,Pendente,Informacoes estavam faceis de encontrar,Tesouro Direto
408.0,2025-11-29 00:00:00,PRD_TES,11.0,0.0,20.3,0.0,408,Tesouro Direto,FD00430,C00408,2025-11-23,2025T4,Private,Tesouro Direto,App,2-5 anos,9,Informacoes estavam faceis de encontrar,408.0,25/11/2025,TESOURO DIRETO,9,duvida rentabilidade,Agencia,Resolvido,Informacoes estavam faceis de encontrar,Tesouro Direto
408.0,2025-11-29 00:00:00,PRD_TES,11.0,0.0,20.3,0.0,408,Tesouro Direto,FD00430,C00408,2025-11-23,2025T4,Private,Tesouro Direto,App,2-5 anos,9,Informacoes estavam faceis de encontrar,408.0,06-07-2026,cdb,10,duvida rentabilidade,E-mail,Resolvido,Assessoria ajudou na decisao,CDB
408.0,2025-11-29 00:00:00,PRD_TES,11.0,0.0,20.3,0.0,408,Tesouro Direto,FD00774,C00408,2026-04-22,2026T2,Private,CDB,App,2-5 anos,9,Atendimento claro e rapido,408.0,25/05/2026,tesouro direto,10,acesso app,Telefone,Pendente,Informacoes estavam faceis de encontrar,Tesouro Direto
408.0,2025-11-29 00:00:00,PRD_TES,11.0,0.0,20.3,0.0,408,Tesouro Direto,FD00774,C00408,2026-04-22,2026T2,Private,CDB,App,2-5 anos,9,Atendimento claro e rapido,408.0,25/11/2025,TESOURO DIRETO,9,duvida rentabilidade,Agencia,Resolvido,Informacoes estavam faceis de encontrar,Tesouro Direto
408.0,2025-11-29 00:00:00,PRD_TES,11.0,0.0,20.3,0.0,408,Tesouro Direto,FD00774,C00408,2026-04-22,2026T2,Private,CDB,App,2-5 anos,9,Atendimento claro e rapido,408.0,06-07-2026,cdb,10,duvida rentabilidade,E-mail,Resolvido,Assessoria ajudou na decisao,CDB
408.0,2025-11-29 00:00:00,PRD_TES,11.0,0.0,20.3,0.0,408,Tesouro Direto,FD00786,C00408,2026-05-27,2026T2,Private,Tesouro Direto,App,6-24 meses,10,Atendimento claro e rapido,408.0,25/05/2026,tesouro direto,10,acesso app,Telefone,Pendente,Informacoes estavam faceis de encontrar,Tesouro Direto
408.0,2025-11-29 00:00:00,PRD_TES,11.0,0.0,20.3,0.0,408,Tesouro Direto,FD00786,C00408,2026-05-27,2026T2,Private,Tesouro Direto,App,6-24 meses,10,Atendimento claro e rapido,408.0,25/11/2025,TESOURO DIRETO,9,duvida rentabilidade,Agencia,Resolvido,Informacoes estavam faceis de encontrar,Tesouro Direto
408.0,2025-11-29 00:00:00,PRD_TES,11.0,0.0,20.3,0.0,408,Tesouro Direto,FD00786,C00408,2026-05-27,2026T2,Private,Tesouro Direto,App,6-24 meses,10,Atendimento claro e rapido,408.0,06-07-2026,cdb,10,duvida rentabilidade,E-mail,Resolvido,Assessoria ajudou na decisao,CDB
408.0,2025-11-29 00:00:00,PRD_TES,11.0,0.0,20.3,0.0,408,Tesouro Direto,FD00956,C00408,2026-06-05,2026T2,Private,CDB,App,2-5 anos,10,Boa experiencia no aplicativo,408.0,25/05/2026,tesouro direto,10,acesso app,Telefone,Pendente,Informacoes estavam faceis de encontrar,Tesouro Direto
408.0,2025-11-29 00:00:00,PRD_TES,11.0,0.0,20.3,0.0,408,Tesouro Direto,FD00956,C00408,2026-06-05,2026T2,Private,CDB,App,2-5 anos,10,Boa experiencia no aplicativo,408.0,25/11/2025,TESOURO DIRETO,9,duvida rentabilidade,Agencia,Resolvido,Informacoes estavam faceis de encontrar,Tesouro Direto
408.0,2025-11-29 00:00:00,PRD_TES,11.0,0.0,20.3,0.0,408,Tesouro Direto,FD00956,C00408,2026-06-05,2026T2,Private,CDB,App,2-5 anos,10,Boa experiencia no aplicativo,408.0,06-07-2026,cdb,10,duvida rentabilidade,E-mail,Resolvido,Assessoria ajudou na decisao,CDB
408.0,2026-06-03 00:00:00,PRD_CDB,7.0,0.0,13.7,0.0,408,CDB,FD00430,C00408,2025-11-23,2025T4,Private,Tesouro Direto,App,2-5 anos,9,Informacoes estavam faceis de encontrar,408.0,25/05/2026,tesouro direto,10,acesso app,Telefone,Pendente,Informacoes estavam faceis de encontrar,Tesouro Direto
408.0,2026-06-03 00:00:00,PRD_CDB,7.0,0.0,13.7,0.0,408,CDB,FD00430,C00408,2025-11-23,2025T4,Private,Tesouro Direto,App,2-5 anos,9,Informacoes estavam faceis de encontrar,408.0,25/11/2025,TESOURO DIRETO,9,duvida rentabilidade,Agencia,Resolvido,Informacoes estavam faceis de encontrar,Tesouro Direto
408.0,2026-06-03 00:00:00,PRD_CDB,7.0,0.0,13.7,0.0,408,CDB,FD00430,C00408,2025-11-23,2025T4,Private,Tesouro Direto,App,2-5 anos,9,Informacoes estavam faceis de encontrar,408.0,06-07-2026,cdb,10,duvida rentabilidade,E-mail,Resolvido,Assessoria ajudou na decisao,CDB
408.0,2026-06-03 00:00:00,PRD_CDB,7.0,0.0,13.7,0.0,408,CDB,FD00774,C00408,2026-04-22,2026T2,Private,CDB,App,2-5 anos,9,Atendimento claro e rapido,408.0,25/05/2026,tesouro direto,10,acesso app,Telefone,Pendente,Informacoes estavam faceis de encontrar,Tesouro Direto
408.0,2026-06-03 00:00:00,PRD_CDB,7.0,0.0,13.7,0.0,408,CDB,FD00774,C00408,2026-04-22,2026T2,Private,CDB,App,2-5 anos,9,Atendimento claro e rapido,408.0,25/11/2025,TESOURO DIRETO,9,duvida rentabilidade,Agencia,Resolvido,Informacoes estavam faceis de encontrar,Tesouro Direto
408.0,2026-06-03 00:00:00,PRD_CDB,7.0,0.0,13.7,0.0,408,CDB,FD00774,C00408,2026-04-22,2026T2,Private,CDB,App,2-5 anos,9,Atendimento claro e rapido,408.0,06-07-2026,cdb,10,duvida rentabilidade,E-mail,Resolvido,Assessoria ajudou na decisao,CDB
408.0,2026-06-03 00:00:00,PRD_CDB,7.0,0.0,13.7,0.0,408,CDB,FD00786,C00408,2026-05-27,2026T2,Private,Tesouro Direto,App,6-24 meses,10,Atendimento claro e rapido,408.0,25/05/2026,tesouro direto,10,acesso app,Telefone,Pendente,Informacoes estavam faceis de encontrar,Tesouro Direto
408.0,2026-06-03 00:00:00,PRD_CDB,7.0,0.0,13.7,0.0,408,CDB,FD00786,C00408,2026-05-27,2026T2,Private,Tesouro Direto,App,6-24 meses,10,Atendimento claro e rapido,408.0,25/11/2025,TESOURO DIRETO,9,duvida rentabilidade,Agencia,Resolvido,Informacoes estavam faceis de encontrar,Tesouro Direto
408.0,2026-06-03 00:00:00,PRD_CDB,7.0,0.0,13.7,0.0,408,CDB,FD00786,C00408,2026-05-27,2026T2,Private,Tesouro Direto,App,6-24 meses,10,Atendimento claro e rapido,408.0,06-07-2026,cdb,10,duvida rentabilidade,E-mail,Resolvido,Assessoria ajudou na decisao,CDB
408.0,2026-06-03 00:00:00,PRD_CDB,7.0,0.0,13.7,0.0,408,CDB,FD00956,C00408,2026-06-05,2026T2,Private,CDB,App,2-5 anos,10,Boa experiencia no aplicativo,408.0,25/05/2026,tesouro direto,10,acesso app,Telefone,Pendente,Informacoes estavam faceis de encontrar,Tesouro Direto
408.0,2026-06-03 00:00:00,PRD_CDB,7.0,0.0,13.7,0.0,408,CDB,FD00956,C00408,2026-06-05,2026T2,Private,CDB,App,2-5 anos,10,Boa experiencia no aplicativo,408.0,25/11/2025,TESOURO DIRETO,9,duvida rentabilidade,Agencia,Resolvido,Informacoes estavam faceis de encontrar,Tesouro Direto
408.0,2026-06-03 00:00:00,PRD_CDB,7.0,0.0,13.7,0.0,408,CDB,FD00956,C00408,2026-06-05,2026T2,Private,CDB,App,2-5 anos,10,Boa experiencia no aplicativo,408.0,06-07-2026,cdb,10,duvida rentabilidade,E-mail,Resolvido,Assessoria ajudou na decisao,CDB
408.0,2026-06-02 00:00:00,PRD_TES,15.0,0.0,22.0,0.0,408,Tesouro Direto,FD00430,C00408,2025-11-23,2025T4,Private,Tesouro Direto,App,2-5 anos,9,Informacoes estavam faceis de encontrar,408.0,25/05/2026,tesouro direto,10,acesso app,Telefone,Pendente,Informacoes estavam faceis de encontrar,Tesouro Direto
408.0,2026-06-02 00:00:00,PRD_TES,15.0,0.0,22.0,0.0,408,Tesouro Direto,FD00430,C00408,2025-11-23,2025T4,Private,Tesouro Direto,App,2-5 anos,9,Informacoes estavam faceis de encontrar,408.0,25/11/2025,TESOURO DIRETO,9,duvida rentabilidade,Agencia,Resolvido,Informacoes estavam faceis de encontrar,Tesouro Direto
408.0,2026-06-02 00:00:00,PRD_TES,15.0,0.0,22.0,0.0,408,Tesouro Direto,FD00430,C00408,2025-11-23,2025T4,Private,Tesouro Direto,App,2-5 anos,9,Informacoes estavam faceis de encontrar,408.0,06-07-2026,cdb,10,duvida rentabilidade,E-mail,Resolvido,Assessoria ajudou na decisao,CDB
408.0,2026-06-02 00:00:00,PRD_TES,15.0,0.0,22.0,0.0,408,Tesouro Direto,FD00774,C00408,2026-04-22,2026T2,Private,CDB,App,2-5 anos,9,Atendimento claro e rapido,408.0,25/05/2026,tesouro direto,10,acesso app,Telefone,Pendente,Informacoes estavam faceis de encontrar,Tesouro Direto
408.0,2026-06-02 00:00:00,PRD_TES,15.0,0.0,22.0,0.0,408,Tesouro Direto,FD00774,C00408,2026-04-22,2026T2,Private,CDB,App,2-5 anos,9,Atendimento claro e rapido,408.0,25/11/2025,TESOURO DIRETO,9,duvida rentabilidade,Agencia,Resolvido,Informacoes estavam faceis de encontrar,Tesouro Direto
408.0,2026-06-02 00:00:00,PRD_TES,15.0,0.0,22.0,0.0,408,Tesouro Direto,FD00774,C00408,2026-04-22,2026T2,Private,CDB,App,2-5 anos,9,Atendimento claro e rapido,408.0,06-07-2026,cdb,10,duvida rentabilidade,E-mail,Resolvido,Assessoria ajudou na decisao,CDB
408.0,2026-06-02 00:00:00,PRD_TES,15.0,0.0,22.0,0.0,408,Tesouro Direto,FD00786,C00408,2026-05-27,2026T2,Private,Tesouro Direto,App,6-24 meses,10,Atendimento claro e rapido,408.0,25/05/2026,tesouro direto,10,acesso app,Telefone,Pendente,Informacoes estavam faceis de encontrar,Tesouro Direto
408.0,2026-06-02 00:00:00,PRD_TES,15.0,0.0,22.0,0.0,408,Tesouro Direto,FD00786,C00408,2026-05-27,2026T2,Private,Tesouro Direto,App,6-24 meses,10,Atendimento claro e rapido,408.0,25/11/2025,TESOURO DIRETO,9,duvida rentabilidade,Agencia,Resolvido,Informacoes estavam faceis de encontrar,Tesouro Direto
408.0,2026-06-02 00:00:00,PRD_TES,15.0,0.0,22.0,0.0,408,Tesouro Direto,FD00786,C00408,2026-05-27,2026T2,Private,Tesouro Direto,App,6-24 meses,10,Atendimento claro e rapido,408.0,06-07-2026,cdb,10,duvida rentabilidade,E-mail,Resolvido,Assessoria ajudou na decisao,CDB
408.0,2026-06-02 00:00:00,PRD_TES,15.0,0.0,22.0,0.0,408,Tesouro Direto,FD00956,C00408,2026-06-05,2026T2,Private,CDB,App,2-5 anos,10,Boa experiencia no aplicativo,408.0,25/05/2026,tesouro direto,10,acesso app,Telefone,Pendente,Informacoes estavam faceis de encontrar,Tesouro Direto
408.0,2026-06-02 00:00:00,PRD_TES,15.0,0.0,22.0,0.0,408,Tesouro Direto,FD00956,C00408,2026-06-05,2026T2,Private,CDB,App,2-5 anos,10,Boa experiencia no aplicativo,408.0,25/11/2025,TESOURO DIRETO,9,duvida rentabilidade,Agencia,Resolvido,Informacoes estavam faceis de encontrar,Tesouro Direto
408.0,2026-06-02 00:00:00,PRD_TES,15.0,0.0,22.0,0.0,408,Tesouro Direto,FD00956,C00408,2026-06-05,2026T2,Private,CDB,App,2-5 anos,10,Boa experiencia no aplicativo,408.0,06-07-2026,cdb,10,duvida rentabilidade,E-mail,Resolvido,Assessoria ajudou na decisao,CDB
408.0,2026-04-28 00:00:00,PRD_CDB,11.0,0.0,25.9,0.0,408,CDB,FD00430,C00408,2025-11-23,2025T4,Private,Tesouro Direto,App,2-5 anos,9,Informacoes estavam faceis de encontrar,408.0,25/05/2026,tesouro direto,10,acesso app,Telefone,Pendente,Informacoes estavam faceis de encontrar,Tesouro Direto
408.0,2026-04-28 00:00:00,PRD_CDB,11.0,0.0,25.9,0.0,408,CDB,FD00430,C00408,2025-11-23,2025T4,Private,Tesouro Direto,App,2-5 anos,9,Informacoes estavam faceis de encontrar,408.0,25/11/2025,TESOURO DIRETO,9,duvida rentabilidade,Agencia,Resolvido,Informacoes estavam faceis de encontrar,Tesouro Direto
408.0,2026-04-28 00:00:00,PRD_CDB,11.0,0.0,25.9,0.0,408,CDB,FD00430,C00408,2025-11-23,2025T4,Private,Tesouro Direto,App,2-5 anos,9,Informacoes estavam faceis de encontrar,408.0,06-07-2026,cdb,10,duvida rentabilidade,E-mail,Resolvido,Assessoria ajudou na decisao,CDB
408.0,2026-04-28 00:00:00,PRD_CDB,11.0,0.0,25.9,0.0,408,CDB,FD00774,C00408,2026-04-22,2026T2,Private,CDB,App,2-5 anos,9,Atendimento claro e rapido,408.0,25/05/2026,tesouro direto,10,acesso app,Telefone,Pendente,Informacoes estavam faceis de encontrar,Tesouro Direto
408.0,2026-04-28 00:00:00,PRD_CDB,11.0,0.0,25.9,0.0,408,CDB,FD00774,C00408,2026-04-22,2026T2,Private,CDB,App,2-5 anos,9,Atendimento claro e rapido,408.0,25/11/2025,TESOURO DIRETO,9,duvida rentabilidade,Agencia,Resolvido,Informacoes estavam faceis de encontrar,Tesouro Direto
408.0,2026-04-28 00:00:00,PRD_CDB,11.0,0.0,25.9,0.0,408,CDB,FD00774,C00408,2026-04-22,2026T2,Private,CDB,App,2-5 anos,9,Atendimento claro e rapido,408.0,06-07-2026,cdb,10,duvida rentabilidade,E-mail,Resolvido,Assessoria ajudou na decisao,CDB
408.0,2026-04-28 00:00:00,PRD_CDB,11.0,0.0,25.9,0.0,408,CDB,FD00786,C00408,2026-05-27,2026T2,Private,Tesouro Direto,App,6-24 meses,10,Atendimento claro e rapido,408.0,25/05/2026,tesouro direto,10,acesso app,Telefone,Pendente,Informacoes estavam faceis de encontrar,Tesouro Direto
408.0,2026-04-28 00:00:00,PRD_CDB,11.0,0.0,25.9,0.0,408,CDB,FD00786,C00408,2026-05-27,2026T2,Private,Tesouro Direto,App,6-24 meses,10,Atendimento claro e rapido,408.0,25/11/2025,TESOURO DIRETO,9,duvida rentabilidade,Agencia,Resolvido,Informacoes estavam faceis de encontrar,Tesouro Direto
408.0,2026-04-28 00:00:00,PRD_CDB,11.0,0.0,25.9,0.0,408,CDB,FD00786,C00408,2026-05-27,2026T2,Private,Tesouro Direto,App,6-24 meses,10,Atendimento claro e rapido,408.0,06-07-2026,cdb,10,duvida rentabilidade,E-mail,Resolvido,Assessoria ajudou na decisao,CDB
408.0,2026-04-28 00:00:00,PRD_CDB,11.0,0.0,25.9,0.0,408,CDB,FD00956,C00408,2026-06-05,2026T2,Private,CDB,App,2-5 anos,10,Boa experiencia no aplicativo,408.0,25/05/2026,tesouro direto,10,acesso app,Telefone,Pendente,Informacoes estavam faceis de encontrar,Tesouro Direto
408.0,2026-04-28 00:00:00,PRD_CDB,11.0,0.0,25.9,0.0,408,CDB,FD00956,C00408,2026-06-05,2026T2,Private,CDB,App,2-5 anos,10,Boa experiencia no aplicativo,408.0,25/11/2025,TESOURO DIRETO,9,duvida rentabilidade,Agencia,Resolvido,Informacoes estavam faceis de encontrar,Tesouro Direto
408.0,2026-04-28 00:00:00,PRD_CDB,11.0,0.0,25.9,0.0,408,CDB,FD00956,C00408,2026-06-05,2026T2,Private,CDB,App,2-5 anos,10,Boa experiencia no aplicativo,408.0,06-07-2026,cdb,10,duvida rentabilidade,E-mail,Resolvido,Assessoria ajudou na decisao,CDB
409.0,2026-03-11 00:00:00,PRD_CDB,8.0,0.0,34.5,0.0,409,CDB,FD00049,C00409,2025-09-25,2025T3,Novo Investidor,Tesouro Direto,App,5+ anos,7,"Atendimento resolveu, mas demorou",,,,,,,,,
409.0,2026-03-11 00:00:00,PRD_CDB,8.0,0.0,34.5,0.0,409,CDB,FD00158,C00409,2025-09-11,2025T3,Novo Investidor,Fundos,App,6-24 meses,8,Tive duvida sobre rentabilidade,,,,,,,,,
409.0,2026-03-11 00:00:00,PRD_CDB,8.0,0.0,34.5,0.0,409,CDB,FD00585,C00409,2026-03-01,2026T1,Novo Investidor,CDB,Assessoria,2-5 anos,10,Informacoes estavam faceis de encontrar,,,,,,,,,
409.0,2025-10-05 00:00:00,PRD_TES,12.0,0.0,30.3,0.0,409,Tesouro Direto,FD00049,C00409,2025-09-25,2025T3,Novo Investidor,Tesouro Direto,App,5+ anos,7,"Atendimento resolveu, mas demorou",,,,,,,,,
409.0,2025-10-05 00:00:00,PRD_TES,12.0,0.0,30.3,0.0,409,Tesouro Direto,FD00158,C00409,2025-09-11,2025T3,Novo Investidor,Fundos,App,6-24 meses,8,Tive duvida sobre rentabilidade,,,,,,,,,
409.0,2025-10-05 00:00:00,PRD_TES,12.0,0.0,30.3,0.0,409,Tesouro Direto,FD00585,C00409,2026-03-01,2026T1,Novo Investidor,CDB,Assessoria,2-5 anos,10,Informacoes estavam faceis de encontrar,,,,,,,,,
409.0,2025-09-07 00:00:00,PRD_FND,7.0,0.0,33.4,0.0,409,Fundos,FD00049,C00409,2025-09-25,2025T3,Novo Investidor,Tesouro Direto,App,5+ anos,7,"Atendimento resolveu, mas demorou",,,,,,,,,
409.0,2025-09-07 00:00:00,PRD_FND,7.0,0.0,33.4,0.0,409,Fundos,FD00158,C00409,2025-09-11,2025T3,Novo Investidor,Fundos,App,6-24 meses,8,Tive duvida sobre rentabilidade,,,,,,,,,
409.0,2025-09-07 00:00:00,PRD_FND,7.0,0.0,33.4,0.0,409,Fundos,FD00585,C00409,2026-03-01,2026T1,Novo Investidor,CDB,Assessoria,2-5 anos,10,Informacoes estavam faceis de encontrar,,,,,,,,,
410.0,2025-08-16 00:00:00,PRD_FND,2.0,0.0,34.7,0.0,410,Fundos,FD00033,C00410,2025-08-07,2025T3,Private,Fundos,Assessoria,2-5 anos,7,Demorou um pouco para encontrar informacoes,410.0,12-09-2025,Fundos,7,reclamacao atendimento,Chat,Resolvido,,Fundos
410.0,2025-08-16 00:00:00,PRD_FND,2.0,0.0,34.7,0.0,410,Fundos,FD00434,C00410,2025-12-08,2025T4,Private,Fundos,Central de Atendimento,2-5 anos,7,"Experiencia ok, mas poderia ser mais simples",410.0,12-09-2025,Fundos,7,reclamacao atendimento,Chat,Resolvido,,Fundos
410.0,2025-08-16 00:00:00,PRD_FND,2.0,0.0,34.7,0.0,410,Fundos,FD00665,C00410,2026-03-19,2026T1,Private,Fundos,Internet Banking,2-5 anos,10,Assessoria ajudou na decisao,410.0,12-09-2025,Fundos,7,reclamacao atendimento,Chat,Resolvido,,Fundos
410.0,2025-12-05 00:00:00,PRD_FND,2.0,0.0,1.0,0.0,410,Fundos,FD00033,C00410,2025-08-07,2025T3,Private,Fundos,Assessoria,2-5 anos,7,Demorou um pouco para encontrar informacoes,410.0,12-09-2025,Fundos,7,reclamacao atendimento,Chat,Resolvido,,Fundos
410.0,2025-12-05 00:00:00,PRD_FND,2.0,0.0,1.0,0.0,410,Fundos,FD00434,C00410,2025-12-08,2025T4,Private,Fundos,Central de Atendimento,2-5 anos,7,"Experiencia ok, mas poderia ser mais simples",410.0,12-09-2025,Fundos,7,reclamacao atendimento,Chat,Resolvido,,Fundos
410.0,2025-12-05 00:00:00,PRD_FND,2.0,0.0,1.0,0.0,410,Fundos,FD00665,C00410,2026-03-19,2026T1,Private,Fundos,Internet Banking,2-5 anos,10,Assessoria ajudou na decisao,410.0,12-09-2025,Fundos,7,reclamacao atendimento,Chat,Resolvido,,Fundos
411.0,2026-05-24 00:00:00,PRD_CDB,4.0,0.0,1.0,0.0,411,CDB,FD00282,C00411,2025-11-06,2025T4,Alta Renda,Tesouro Direto,App,5+ anos,9,Atendimento claro e rapido,,,,,,,,,
411.0,2026-05-24 00:00:00,PRD_CDB,4.0,0.0,1.0,0.0,411,CDB,FD00443,C00411,2025-12-26,2025T4,Alta Renda,Tesouro Direto,Central de Atendimento,6-24 meses,9,Atendimento claro e rapido,,,,,,,,,
411.0,2026-05-24 00:00:00,PRD_CDB,4.0,0.0,1.0,0.0,411,CDB,FD00518,C00411,2026-01-27,2026T1,Alta Renda,Fundos,,5+ anos,10,Atendimento claro e rapido,,,,,,,,,
411.0,2026-05-24 00:00:00,PRD_CDB,4.0,0.0,1.0,0.0,411,CDB,FD00834,C00411,2026-06-02,2026T2,Alta Renda,CDB,Internet Banking,5+ anos,9,Assessoria ajudou na decisao,,,,,,,,,
411.0,2025-12-28 00:00:00,PRD_TES,4.0,0.0,29.4,1.0,411,Tesouro Direto,FD00282,C00411,2025-11-06,2025T4,Alta Renda,Tesouro Direto,App,5+ anos,9,Atendimento claro e rapido,,,,,,,,,
411.0,2025-12-28 00:00:00,PRD_TES,4.0,0.0,29.4,1.0,411,Tesouro Direto,FD00443,C00411,2025-12-26,2025T4,Alta Renda,Tesouro Direto,Central de Atendimento,6-24 meses,9,Atendimento claro e rapido,,,,,,,,,
411.0,2025-12-28 00:00:00,PRD_TES,4.0,0.0,29.4,1.0,411,Tesouro Direto,FD00518,C00411,2026-01-27,2026T1,Alta Renda,Fundos,,5+ anos,10,Atendimento claro e rapido,,,,,,,,,
411.0,2025-12-28 00:00:00,PRD_TES,4.0,0.0,29.4,1.0,411,Tesouro Direto,FD00834,C00411,2026-06-02,2026T2,Alta Renda,CDB,Internet Banking,5+ anos,9,Assessoria ajudou na decisao,,,,,,,,,
411.0,2025-11-09 00:00:00,PRD_TES,12.0,0.0,15.3,1.0,411,Tesouro Direto,FD00282,C00411,2025-11-06,2025T4,Alta Renda,Tesouro Direto,App,5+ anos,9,Atendimento claro e rapido,,,,,,,,,
411.0,2025-11-09 00:00:00,PRD_TES,12.0,0.0,15.3,1.0,411,Tesouro Direto,FD00443,C00411,2025-12-26,2025T4,Alta Renda,Tesouro Direto,Central de Atendimento,6-24 meses,9,Atendimento claro e rapido,,,,,,,,,
411.0,2025-11-09 00:00:00,PRD_TES,12.0,0.0,15.3,1.0,411,Tesouro Direto,FD00518,C00411,2026-01-27,2026T1,Alta Renda,Fundos,,5+ anos,10,Atendimento claro e rapido,,,,,,,,,
411.0,2025-11-09 00:00:00,PRD_TES,12.0,0.0,15.3,1.0,411,Tesouro Direto,FD00834,C00411,2026-06-02,2026T2,Alta Renda,CDB,Internet Banking,5+ anos,9,Assessoria ajudou na decisao,,,,,,,,,
411.0,2026-01-20 00:00:00,PRD_FND,7.0,0.0,22.5,0.0,411,Fundos,FD00282,C00411,2025-11-06,2025T4,Alta Renda,Tesouro Direto,App,5+ anos,9,Atendimento claro e rapido,,,,,,,,,
411.0,2026-01-20 00:00:00,PRD_FND,7.0,0.0,22.5,0.0,411,Fundos,FD00443,C00411,2025-12-26,2025T4,Alta Renda,Tesouro Direto,Central de Atendimento,6-24 meses,9,Atendimento claro e rapido,,,,,,,,,
411.0,2026-01-20 00:00:00,PRD_FND,7.0,0.0,22.5,0.0,411,Fundos,FD00518,C00411,2026-01-27,2026T1,Alta Renda,Fundos,,5+ anos,10,Atendimento claro e rapido,,,,,,,,,
411.0,2026-01-20 00:00:00,PRD_FND,7.0,0.0,22.5,0.0,411,Fundos,FD00834,C00411,2026-06-02,2026T2,Alta Renda,CDB,Internet Banking,5+ anos,9,Assessoria ajudou na decisao,,,,,,,,,
412.0,2025-08-28 00:00:00,PRD_TES,4.0,0.0,38.7,0.0,412,Tesouro Direto,FD00045,C00412,2025-08-18,2025T3,Novo Investidor,Tesouro Direto,Internet Banking,6-24 meses,5,Informacoes divergentes sobre o produto,412.0,21/08/2025,tesouro direto,6,reclamacao atendimento,Telefone,Resolvido,,Tesouro Direto
413.0,2025-09-30 00:00:00,PRD_TES,8.0,0.0,27.3,1.0,413,Tesouro Direto,FD00465,C00413,2025-10-02,2025T4,Novo Investidor,Tesouro Direto,App,2-5 anos,7,"Atendimento resolveu, mas demorou",,,,,,,,,
413.0,2025-09-30 00:00:00,PRD_TES,8.0,0.0,27.3,1.0,413,Tesouro Direto,FD00465,C00413,2025-10-02,2025T4,Novo Investidor,Tesouro Direto,App,2-5 anos,7,"Atendimento resolveu, mas demorou",,,,,,,,,
414.0,2025-08-04 00:00:00,PRD_TES,7.0,0.0,5.1,0.0,414,Tesouro Direto,FD00057,C00414,2025-07-25,2025T3,Varejo,Tesouro Direto,App,6-24 meses,10,Assessoria ajudou na decisao,414.0,04/02/2026,C.D.B.,10,reclamacao atendimento,Chat,Resolvido,Atendimento claro e rapido,CDB
414.0,2025-08-04 00:00:00,PRD_TES,7.0,0.0,5.1,0.0,414,Tesouro Direto,FD00496,C00414,2026-02-04,2026T1,Varejo,CDB,App,0-6 meses,10,Boa experiencia no aplicativo,414.0,04/02/2026,C.D.B.,10,reclamacao atendimento,Chat,Resolvido,Atendimento claro e rapido,CDB
414.0,2026-02-10 00:00:00,PRD_CDB,10.0,0.0,19.5,0.0,414,CDB,FD00057,C00414,2025-07-25,2025T3,Varejo,Tesouro Direto,App,6-24 meses,10,Assessoria ajudou na decisao,414.0,04/02/2026,C.D.B.,10,reclamacao atendimento,Chat,Resolvido,Atendimento claro e rapido,CDB
414.0,2026-02-10 00:00:00,PRD_CDB,10.0,0.0,19.5,0.0,414,CDB,FD00496,C00414,2026-02-04,2026T1,Varejo,CDB,App,0-6 meses,10,Boa experiencia no aplicativo,414.0,04/02/2026,C.D.B.,10,reclamacao atendimento,Chat,Resolvido,Atendimento claro e rapido,CDB
415.0,2026-04-18 00:00:00,PRD_CAR,10.0,0.0,72.0,0.0,415,Carteira Administrada,FD00642,C00415,2026-02-14,2026T1,Varejo,CDB,App,6-24 meses,9,Informacoes estavam faceis de encontrar,,,,,,,,,
415.0,2026-04-18 00:00:00,PRD_CAR,10.0,0.0,72.0,0.0,415,Carteira Administrada,FD00932,C00415,2026-04-10,2026T2,Varejo,Carteira Administrada,App,0-6 meses,9,Boa experiencia no aplicativo,,,,,,,,,
415.0,2026-04-18 00:00:00,PRD_CAR,10.0,0.0,72.0,0.0,415,Carteira Administrada,FD00642,C00415,2026-02-14,2026T1,Varejo,CDB,App,6-24 meses,9,Informacoes estavam faceis de encontrar,,,,,,,,,
415.0,2026-04-18 00:00:00,PRD_CAR,10.0,0.0,72.0,0.0,415,Carteira Administrada,FDX00008,C00415,2026-04-11,2026T2,Varejo,Carteira Administrada,App,0-6 meses,9,Boa experiencia no aplicativo,,,,,,,,,
415.0,2026-02-04 00:00:00,PRD_CDB,6.0,0.0,3.1,0.0,415,CDB,FD00642,C00415,2026-02-14,2026T1,Varejo,CDB,App,6-24 meses,9,Informacoes estavam faceis de encontrar,,,,,,,,,
415.0,2026-02-04 00:00:00,PRD_CDB,6.0,0.0,3.1,0.0,415,CDB,FD00932,C00415,2026-04-10,2026T2,Varejo,Carteira Administrada,App,0-6 meses,9,Boa experiencia no aplicativo,,,,,,,,,
415.0,2026-02-04 00:00:00,PRD_CDB,6.0,0.0,3.1,0.0,415,CDB,FD00642,C00415,2026-02-14,2026T1,Varejo,CDB,App,6-24 meses,9,Informacoes estavam faceis de encontrar,,,,,,,,,
415.0,2026-02-04 00:00:00,PRD_CDB,6.0,0.0,3.1,0.0,415,CDB,FDX00008,C00415,2026-04-11,2026T2,Varejo,Carteira Administrada,App,0-6 meses,9,Boa experiencia no aplicativo,,,,,,,,,
416.0,2026-02-21 00:00:00,PRD_TES,6.0,0.0,1.0,0.0,416,Tesouro Direto,FD00248,C00416,2025-12-11,2025T4,Alta Renda,CDB,App,0-6 meses,10,Assessoria ajudou na decisao,416.0,2026-02-25,tesouro direto,9,duvida rentabilidade,E-mail,Resolvido,Aplicativo travou durante consulta,Tesouro Direto
416.0,2026-02-21 00:00:00,PRD_TES,6.0,0.0,1.0,0.0,416,Tesouro Direto,FD00248,C00416,2025-12-11,2025T4,Alta Renda,CDB,App,0-6 meses,10,Assessoria ajudou na decisao,416.0,2026-05-02,Carteira Administrada,10,explicacao risco,Chat,Reaberto,Informacoes divergentes sobre o produto,Carteira Administrada
416.0,2026-02-21 00:00:00,PRD_TES,6.0,0.0,1.0,0.0,416,Tesouro Direto,FD00713,C00416,2026-02-27,2026T1,Alta Renda,Tesouro Direto,App,2-5 anos,8,"Atendimento resolveu, mas demorou",416.0,2026-02-25,tesouro direto,9,duvida rentabilidade,E-mail,Resolvido,Aplicativo travou durante consulta,Tesouro Direto
416.0,2026-02-21 00:00:00,PRD_TES,6.0,0.0,1.0,0.0,416,Tesouro Direto,FD00713,C00416,2026-02-27,2026T1,Alta Renda,Tesouro Direto,App,2-5 anos,8,"Atendimento resolveu, mas demorou",416.0,2026-05-02,Carteira Administrada,10,explicacao risco,Chat,Reaberto,Informacoes divergentes sobre o produto,Carteira Administrada
416.0,2026-02-21 00:00:00,PRD_TES,6.0,0.0,1.0,0.0,416,Tesouro Direto,FD00957,C00416,2026-05-03,2026T2,Alta Renda,Carteira Administrada,Assessoria,2-5 anos,9,Atendimento claro e rapido,416.0,2026-02-25,tesouro direto,9,duvida rentabilidade,E-mail,Resolvido,Aplicativo travou durante consulta,Tesouro Direto
416.0,2026-02-21 00:00:00,PRD_TES,6.0,0.0,1.0,0.0,416,Tesouro Direto,FD00957,C00416,2026-05-03,2026T2,Alta Renda,Carteira Administrada,Assessoria,2-5 anos,9,Atendimento claro e rapido,416.0,2026-05-02,Carteira Administrada,10,explicacao risco,Chat,Reaberto,Informacoes divergentes sobre o produto,Carteira Administrada
416.0,2025-12-09 00:00:00,PRD_CDB,7.0,0.0,21.7,0.0,416,CDB,FD00248,C00416,2025-12-11,2025T4,Alta Renda,CDB,App,0-6 meses,10,Assessoria ajudou na decisao,416.0,2026-02-25,tesouro direto,9,duvida rentabilidade,E-mail,Resolvido,Aplicativo travou durante consulta,Tesouro Direto
416.0,2025-12-09 00:00:00,PRD_CDB,7.0,0.0,21.7,0.0,416,CDB,FD00248,C00416,2025-12-11,2025T4,Alta Renda,CDB,App,0-6 meses,10,Assessoria ajudou na decisao,416.0,2026-05-02,Carteira Administrada,10,explicacao risco,Chat,Reaberto,Informacoes divergentes sobre o produto,Carteira Administrada
416.0,2025-12-09 00:00:00,PRD_CDB,7.0,0.0,21.7,0.0,416,CDB,FD00713,C00416,2026-02-27,2026T1,Alta Renda,Tesouro Direto,App,2-5 anos,8,"Atendimento resolveu, mas demorou",416.0,2026-02-25,tesouro direto,9,duvida rentabilidade,E-mail,Resolvido,Aplicativo travou durante consulta,Tesouro Direto
416.0,2025-12-09 00:00:00,PRD_CDB,7.0,0.0,21.7,0.0,416,CDB,FD00713,C00416,2026-02-27,2026T1,Alta Renda,Tesouro Direto,App,2-5 anos,8,"Atendimento resolveu, mas demorou",416.0,2026-05-02,Carteira Administrada,10,explicacao risco,Chat,Reaberto,Informacoes divergentes sobre o produto,Carteira Administrada
416.0,2025-12-09 00:00:00,PRD_CDB,7.0,0.0,21.7,0.0,416,CDB,FD00957,C00416,2026-05-03,2026T2,Alta Renda,Carteira Administrada,Assessoria,2-5 anos,9,Atendimento claro e rapido,416.0,2026-02-25,tesouro direto,9,duvida rentabilidade,E-mail,Resolvido,Aplicativo travou durante consulta,Tesouro Direto
416.0,2025-12-09 00:00:00,PRD_CDB,7.0,0.0,21.7,0.0,416,CDB,FD00957,C00416,2026-05-03,2026T2,Alta Renda,Carteira Administrada,Assessoria,2-5 anos,9,Atendimento claro e rapido,416.0,2026-05-02,Carteira Administrada,10,explicacao risco,Chat,Reaberto,Informacoes divergentes sobre o produto,Carteira Administrada
416.0,2026-05-02 00:00:00,PRD_CAR,3.0,1.0,84.0,0.0,416,Carteira Administrada,FD00248,C00416,2025-12-11,2025T4,Alta Renda,CDB,App,0-6 meses,10,Assessoria ajudou na decisao,416.0,2026-02-25,tesouro direto,9,duvida rentabilidade,E-mail,Resolvido,Aplicativo travou durante consulta,Tesouro Direto
416.0,2026-05-02 00:00:00,PRD_CAR,3.0,1.0,84.0,0.0,416,Carteira Administrada,FD00248,C00416,2025-12-11,2025T4,Alta Renda,CDB,App,0-6 meses,10,Assessoria ajudou na decisao,416.0,2026-05-02,Carteira Administrada,10,explicacao risco,Chat,Reaberto,Informacoes divergentes sobre o produto,Carteira Administrada
416.0,2026-05-02 00:00:00,PRD_CAR,3.0,1.0,84.0,0.0,416,Carteira Administrada,FD00713,C00416,2026-02-27,2026T1,Alta Renda,Tesouro Direto,App,2-5 anos,8,"Atendimento resolveu, mas demorou",416.0,2026-02-25,tesouro direto,9,duvida rentabilidade,E-mail,Resolvido,Aplicativo travou durante consulta,Tesouro Direto
416.0,2026-05-02 00:00:00,PRD_CAR,3.0,1.0,84.0,0.0,416,Carteira Administrada,FD00713,C00416,2026-02-27,2026T1,Alta Renda,Tesouro Direto,App,2-5 anos,8,"Atendimento resolveu, mas demorou",416.0,2026-05-02,Carteira Administrada,10,explicacao risco,Chat,Reaberto,Informacoes divergentes sobre o produto,Carteira Administrada
416.0,2026-05-02 00:00:00,PRD_CAR,3.0,1.0,84.0,0.0,416,Carteira Administrada,FD00957,C00416,2026-05-03,2026T2,Alta Renda,Carteira Administrada,Assessoria,2-5 anos,9,Atendimento claro e rapido,416.0,2026-02-25,tesouro direto,9,duvida rentabilidade,E-mail,Resolvido,Aplicativo travou durante consulta,Tesouro Direto
416.0,2026-05-02 00:00:00,PRD_CAR,3.0,1.0,84.0,0.0,416,Carteira Administrada,FD00957,C00416,2026-05-03,2026T2,Alta Renda,Carteira Administrada,Assessoria,2-5 anos,9,Atendimento claro e rapido,416.0,2026-05-02,Carteira Administrada,10,explicacao risco,Chat,Reaberto,Informacoes divergentes sobre o produto,Carteira Administrada
417.0,2026-06-24 00:00:00,PRD_TES,7.0,0.0,17.6,0.0,417,Tesouro Direto,FD00952,C00417,2026-06-15,2026T2,Alta Renda,Tesouro Direto,Assessoria,5+ anos,10,Boa experiencia no aplicativo,,,,,,,,,
421.0,2026-04-23 00:00:00,PRD_CDB,12.0,1.0,37.9,0.0,421,CDB,FD00791,C00421,2026-06-05,2026T2,Varejo,Tesouro Direto,Assessoria,6-24 meses,10,Informacoes estavam faceis de encontrar,421.0,07-Jun-26,Tesouro,10,resgate,Agencia,Resolvido,Informacoes divergentes sobre o produto,Tesouro Direto
421.0,2026-04-23 00:00:00,PRD_CDB,12.0,1.0,37.9,0.0,421,CDB,FD00882,C00421,2026-05-03,2026T2,Varejo,CDB,App,0-6 meses,5,Informacoes divergentes sobre o produto,421.0,07-Jun-26,Tesouro,10,resgate,Agencia,Resolvido,Informacoes divergentes sobre o produto,Tesouro Direto
421.0,2026-06-08 00:00:00,PRD_TES,2.0,0.0,14.8,0.0,421,Tesouro Direto,FD00791,C00421,2026-06-05,2026T2,Varejo,Tesouro Direto,Assessoria,6-24 meses,10,Informacoes estavam faceis de encontrar,421.0,07-Jun-26,Tesouro,10,resgate,Agencia,Resolvido,Informacoes divergentes sobre o produto,Tesouro Direto
421.0,2026-06-08 00:00:00,PRD_TES,2.0,0.0,14.8,0.0,421,Tesouro Direto,FD00882,C00421,2026-05-03,2026T2,Varejo,CDB,App,0-6 meses,5,Informacoes divergentes sobre o produto,421.0,07-Jun-26,Tesouro,10,resgate,Agencia,Resolvido,Informacoes divergentes sobre o produto,Tesouro Direto
422.0,2026-04-08 00:00:00,PRD_FND,3.0,0.0,43.3,0.0,422,Fundos,FD00144,C00422,2025-07-15,2025T3,Varejo,CDB,App,6-24 meses,9,Boa experiencia no aplicativo,,,,,,,,,
422.0,2026-04-08 00:00:00,PRD_FND,3.0,0.0,43.3,0.0,422,Fundos,FD00866,C00422,2026-04-01,2026T2,Varejo,Fundos,App,6-24 meses,10,Assessoria ajudou na decisao,,,,,,,,,
422.0,2026-04-08 00:00:00,PRD_FND,3.0,0.0,43.3,0.0,422,Fundos,FD00944,C00422,2026-06-14,2026T2,Varejo,CDB,App,2-5 anos,8,Demorou um pouco para encontrar informacoes,,,,,,,,,
422.0,2025-07-16 00:00:00,PRD_CDB,12.0,0.0,17.5,0.0,422,CDB,FD00144,C00422,2025-07-15,2025T3,Varejo,CDB,App,6-24 meses,9,Boa experiencia no aplicativo,,,,,,,,,
422.0,2025-07-16 00:00:00,PRD_CDB,12.0,0.0,17.5,0.0,422,CDB,FD00866,C00422,2026-04-01,2026T2,Varejo,Fundos,App,6-24 meses,10,Assessoria ajudou na decisao,,,,,,,,,
422.0,2025-07-16 00:00:00,PRD_CDB,12.0,0.0,17.5,0.0,422,CDB,FD00944,C00422,2026-06-14,2026T2,Varejo,CDB,App,2-5 anos,8,Demorou um pouco para encontrar informacoes,,,,,,,,,
422.0,2026-06-23 00:00:00,PRD_CDB,8.0,1.0,25.2,0.0,422,CDB,FD00144,C00422,2025-07-15,2025T3,Varejo,CDB,App,6-24 meses,9,Boa experiencia no aplicativo,,,,,,,,,
422.0,2026-06-23 00:00:00,PRD_CDB,8.0,1.0,25.2,0.0,422,CDB,FD00866,C00422,2026-04-01,2026T2,Varejo,Fundos,App,6-24 meses,10,Assessoria ajudou na decisao,,,,,,,,,
422.0,2026-06-23 00:00:00,PRD_CDB,8.0,1.0,25.2,0.0,422,CDB,FD00944,C00422,2026-06-14,2026T2,Varejo,CDB,App,2-5 anos,8,Demorou um pouco para encontrar informacoes,,,,,,,,,
424.0,2026-01-06 00:00:00,PRD_CDB,13.0,1.0,28.0,1.0,424,CDB,FD00317,C00424,2025-12-14,2025T4,Alta Renda,Carteira Administrada,Assessoria,2-5 anos,10,Consegui acompanhar minha carteira,424.0,10/01/2026,C.D.B.,10,reclamacao atendimento,Telefone,Resolvido,Assessoria ajudou na decisao,CDB
424.0,2026-01-06 00:00:00,PRD_CDB,13.0,1.0,28.0,1.0,424,CDB,FD00493,C00424,2026-01-13,2026T1,Alta Renda,CDB,App,2-5 anos,10,Informacoes estavam faceis de encontrar,424.0,10/01/2026,C.D.B.,10,reclamacao atendimento,Telefone,Resolvido,Assessoria ajudou na decisao,CDB
424.0,2025-12-08 00:00:00,PRD_CAR,7.0,1.0,56.4,1.0,424,Carteira Administrada,FD00317,C00424,2025-12-14,2025T4,Alta Renda,Carteira Administrada,Assessoria,2-5 anos,10,Consegui acompanhar minha carteira,424.0,10/01/2026,C.D.B.,10,reclamacao atendimento,Telefone,Resolvido,Assessoria ajudou na decisao,CDB
424.0,2025-12-08 00:00:00,PRD_CAR,7.0,1.0,56.4,1.0,424,Carteira Administrada,FD00493,C00424,2026-01-13,2026T1,Alta Renda,CDB,App,2-5 anos,10,Informacoes estavam faceis de encontrar,424.0,10/01/2026,C.D.B.,10,reclamacao atendimento,Telefone,Resolvido,Assessoria ajudou na decisao,CDB
425.0,2026-03-11 00:00:00,PRD_COE,5.0,0.0,8.1,0.0,425,COE,FD00487,C00425,2026-03-06,2026T1,Private,COE,App,2-5 anos,10,Atendimento claro e rapido,,,,,,,,,
426.0,2025-07-13 00:00:00,PRD_COE,11.0,0.0,4.6,0.0,426,COE,FD00023,C00426,2025-07-10,2025T3,Alta Renda,COE,App,2-5 anos,9,Informacoes estavam faceis de encontrar,426.0,09/07/2025,C.O.E.,9,explicacao risco,Telefone,Pendente,,COE
426.0,2025-07-13 00:00:00,PRD_COE,11.0,0.0,4.6,0.0,426,COE,FD00023,C00426,2025-07-10,2025T3,Alta Renda,COE,App,2-5 anos,9,Informacoes estavam faceis de encontrar,426.0,06/10/2025,carteira administrada,10,explicacao risco,Telefone,Resolvido,"Experiencia ok, mas poderia ser mais simples",Carteira Administrada
426.0,2025-07-13 00:00:00,PRD_COE,11.0,0.0,4.6,0.0,426,COE,FD00350,C00426,2025-10-08,2025T4,Alta Renda,Carteira Administrada,App,6-24 meses,9,Boa experiencia no aplicativo,426.0,09/07/2025,C.O.E.,9,explicacao risco,Telefone,Pendente,,COE
426.0,2025-07-13 00:00:00,PRD_COE,11.0,0.0,4.6,0.0,426,COE,FD00350,C00426,2025-10-08,2025T4,Alta Renda,Carteira Administrada,App,6-24 meses,9,Boa experiencia no aplicativo,426.0,06/10/2025,carteira administrada,10,explicacao risco,Telefone,Resolvido,"Experiencia ok, mas poderia ser mais simples",Carteira Administrada
426.0,2025-07-13 00:00:00,PRD_COE,11.0,0.0,4.6,0.0,426,COE,FD00743,C00426,2026-04-23,2026T2,Alta Renda,Fundos,,0-6 meses,8,Demorou um pouco para encontrar informacoes,426.0,09/07/2025,C.O.E.,9,explicacao risco,Telefone,Pendente,,COE
426.0,2025-07-13 00:00:00,PRD_COE,11.0,0.0,4.6,0.0,426,COE,FD00743,C00426,2026-04-23,2026T2,Alta Renda,Fundos,,0-6 meses,8,Demorou um pouco para encontrar informacoes,426.0,06/10/2025,carteira administrada,10,explicacao risco,Telefone,Resolvido,"Experiencia ok, mas poderia ser mais simples",Carteira Administrada
426.0,2025-10-17 00:00:00,PRD_CAR,12.0,0.0,21.1,0.0,426,Carteira Administrada,FD00023,C00426,2025-07-10,2025T3,Alta Renda,COE,App,2-5 anos,9,Informacoes estavam faceis de encontrar,426.0,09/07/2025,C.O.E.,9,explicacao risco,Telefone,Pendente,,COE
426.0,2025-10-17 00:00:00,PRD_CAR,12.0,0.0,21.1,0.0,426,Carteira Administrada,FD00023,C00426,2025-07-10,2025T3,Alta Renda,COE,App,2-5 anos,9,Informacoes estavam faceis de encontrar,426.0,06/10/2025,carteira administrada,10,explicacao risco,Telefone,Resolvido,"Experiencia ok, mas poderia ser mais simples",Carteira Administrada
426.0,2025-10-17 00:00:00,PRD_CAR,12.0,0.0,21.1,0.0,426,Carteira Administrada,FD00350,C00426,2025-10-08,2025T4,Alta Renda,Carteira Administrada,App,6-24 meses,9,Boa experiencia no aplicativo,426.0,09/07/2025,C.O.E.,9,explicacao risco,Telefone,Pendente,,COE
426.0,2025-10-17 00:00:00,PRD_CAR,12.0,0.0,21.1,0.0,426,Carteira Administrada,FD00350,C00426,2025-10-08,2025T4,Alta Renda,Carteira Administrada,App,6-24 meses,9,Boa experiencia no aplicativo,426.0,06/10/2025,carteira administrada,10,explicacao risco,Telefone,Resolvido,"Experiencia ok, mas poderia ser mais simples",Carteira Administrada
426.0,2025-10-17 00:00:00,PRD_CAR,12.0,0.0,21.1,0.0,426,Carteira Administrada,FD00743,C00426,2026-04-23,2026T2,Alta Renda,Fundos,,0-6 meses,8,Demorou um pouco para encontrar informacoes,426.0,09/07/2025,C.O.E.,9,explicacao risco,Telefone,Pendente,,COE
426.0,2025-10-17 00:00:00,PRD_CAR,12.0,0.0,21.1,0.0,426,Carteira Administrada,FD00743,C00426,2026-04-23,2026T2,Alta Renda,Fundos,,0-6 meses,8,Demorou um pouco para encontrar informacoes,426.0,06/10/2025,carteira administrada,10,explicacao risco,Telefone,Resolvido,"Experiencia ok, mas poderia ser mais simples",Carteira Administrada
427.0,2026-01-22 00:00:00,PRD_CAR,3.0,1.0,59.6,0.0,427,Carteira Administrada,FD00267,C00427,2025-11-02,2025T4,Alta Renda,Tesouro Direto,Central de Atendimento,5+ anos,10,Atendimento claro e rapido,427.0,11-01-2025,tesouro direto,10,reclamacao atendimento,Agencia,Resolvido,Atendimento claro e rapido,Tesouro Direto
427.0,2026-01-22 00:00:00,PRD_CAR,3.0,1.0,59.6,0.0,427,Carteira Administrada,FD00473,C00427,2026-01-06,2026T1,Alta Renda,Tesouro Direto,App,2-5 anos,10,Assessoria ajudou na decisao,427.0,11-01-2025,tesouro direto,10,reclamacao atendimento,Agencia,Resolvido,Atendimento claro e rapido,Tesouro Direto
427.0,2026-01-22 00:00:00,PRD_CAR,3.0,1.0,59.6,0.0,427,Carteira Administrada,FD00596,C00427,2026-01-16,2026T1,Alta Renda,Carteira Administrada,Internet Banking,6-24 meses,7,Demorou um pouco para encontrar informacoes,427.0,11-01-2025,tesouro direto,10,reclamacao atendimento,Agencia,Resolvido,Atendimento claro e rapido,Tesouro Direto
427.0,2025-11-08 00:00:00,PRD_TES,2.0,1.0,34.4,0.0,427,Tesouro Direto,FD00267,C00427,2025-11-02,2025T4,Alta Renda,Tesouro Direto,Central de Atendimento,5+ anos,10,Atendimento claro e rapido,427.0,11-01-2025,tesouro direto,10,reclamacao atendimento,Agencia,Resolvido,Atendimento claro e rapido,Tesouro Direto
427.0,2025-11-08 00:00:00,PRD_TES,2.0,1.0,34.4,0.0,427,Tesouro Direto,FD00473,C00427,2026-01-06,2026T1,Alta Renda,Tesouro Direto,App,2-5 anos,10,Assessoria ajudou na decisao,427.0,11-01-2025,tesouro direto,10,reclamacao atendimento,Agencia,Resolvido,Atendimento claro e rapido,Tesouro Direto
427.0,2025-11-08 00:00:00,PRD_TES,2.0,1.0,34.4,0.0,427,Tesouro Direto,FD00596,C00427,2026-01-16,2026T1,Alta Renda,Carteira Administrada,Internet Banking,6-24 meses,7,Demorou um pouco para encontrar informacoes,427.0,11-01-2025,tesouro direto,10,reclamacao atendimento,Agencia,Resolvido,Atendimento claro e rapido,Tesouro Direto
427.0,2026-01-13 00:00:00,PRD_TES,7.0,1.0,46.4,1.0,427,Tesouro Direto,FD00267,C00427,2025-11-02,2025T4,Alta Renda,Tesouro Direto,Central de Atendimento,5+ anos,10,Atendimento claro e rapido,427.0,11-01-2025,tesouro direto,10,reclamacao atendimento,Agencia,Resolvido,Atendimento claro e rapido,Tesouro Direto
427.0,2026-01-13 00:00:00,PRD_TES,7.0,1.0,46.4,1.0,427,Tesouro Direto,FD00473,C00427,2026-01-06,2026T1,Alta Renda,Tesouro Direto,App,2-5 anos,10,Assessoria ajudou na decisao,427.0,11-01-2025,tesouro direto,10,reclamacao atendimento,Agencia,Resolvido,Atendimento claro e rapido,Tesouro Direto
427.0,2026-01-13 00:00:00,PRD_TES,7.0,1.0,46.4,1.0,427,Tesouro Direto,FD00596,C00427,2026-01-16,2026T1,Alta Renda,Carteira Administrada,Internet Banking,6-24 meses,7,Demorou um pouco para encontrar informacoes,427.0,11-01-2025,tesouro direto,10,reclamacao atendimento,Agencia,Resolvido,Atendimento claro e rapido,Tesouro Direto
427.0,2025-11-08 00:00:00,PRD_TES,2.0,1.0,34.4,0.0,427,Tesouro Direto,FD00267,C00427,2025-11-02,2025T4,Alta Renda,Tesouro Direto,Central de Atendimento,5+ anos,10,Atendimento claro e rapido,427.0,11-01-2025,tesouro direto,10,reclamacao atendimento,Agencia,Resolvido,Atendimento claro e rapido,Tesouro Direto
427.0,2025-11-08 00:00:00,PRD_TES,2.0,1.0,34.4,0.0,427,Tesouro Direto,FD00473,C00427,2026-01-06,2026T1,Alta Renda,Tesouro Direto,App,2-5 anos,10,Assessoria ajudou na decisao,427.0,11-01-2025,tesouro direto,10,reclamacao atendimento,Agencia,Resolvido,Atendimento claro e rapido,Tesouro Direto
427.0,2025-11-08 00:00:00,PRD_TES,2.0,1.0,34.4,0.0,427,Tesouro Direto,FD00596,C00427,2026-01-16,2026T1,Alta Renda,Carteira Administrada,Internet Banking,6-24 meses,7,Demorou um pouco para encontrar informacoes,427.0,11-01-2025,tesouro direto,10,reclamacao atendimento,Agencia,Resolvido,Atendimento claro e rapido,Tesouro Direto
428.0,2026-01-07 00:00:00,PRD_COE,10.0,1.0,47.9,0.0,428,COE,FD00260,C00428,2025-12-11,2025T4,Novo Investidor,CDB,App,2-5 anos,10,Informacoes estavam faceis de encontrar,,,,,,,,,
428.0,2026-01-07 00:00:00,PRD_COE,10.0,1.0,47.9,0.0,428,COE,FD00498,C00428,2026-01-14,2026T1,Novo Investidor,COE,App,6-24 meses,7,Demorou um pouco para encontrar informacoes,,,,,,,,,
428.0,2025-12-12 00:00:00,PRD_CDB,13.0,0.0,18.1,0.0,428,CDB,FD00260,C00428,2025-12-11,2025T4,Novo Investidor,CDB,App,2-5 anos,10,Informacoes estavam faceis de encontrar,,,,,,,,,
428.0,2025-12-12 00:00:00,PRD_CDB,13.0,0.0,18.1,0.0,428,CDB,FD00498,C00428,2026-01-14,2026T1,Novo Investidor,COE,App,6-24 meses,7,Demorou um pouco para encontrar informacoes,,,,,,,,,
429.0,2025-10-13 00:00:00,PRD_TES,13.0,0.0,11.3,0.0,429,Tesouro Direto,FD00292,C00429,2025-10-15,2025T4,Alta Renda,Tesouro Direto,App,2-5 anos,10,Assessoria ajudou na decisao,,,,,,,,,
429.0,2025-10-13 00:00:00,PRD_TES,13.0,0.0,11.3,0.0,429,Tesouro Direto,FD00549,C00429,2026-01-09,2026T1,Alta Renda,Fundos,App,0-6 meses,9,Consegui acompanhar minha carteira,,,,,,,,,
429.0,2025-10-13 00:00:00,PRD_TES,13.0,0.0,11.3,0.0,429,Tesouro Direto,FD00978,C00429,2026-04-10,2026T2,Alta Renda,CDB,Internet Banking,0-6 meses,9,,,,,,,,,,
429.0,2026-04-04 00:00:00,PRD_CDB,6.0,1.0,34.9,0.0,429,CDB,FD00292,C00429,2025-10-15,2025T4,Alta Renda,Tesouro Direto,App,2-5 anos,10,Assessoria ajudou na decisao,,,,,,,,,
429.0,2026-04-04 00:00:00,PRD_CDB,6.0,1.0,34.9,0.0,429,CDB,FD00549,C00429,2026-01-09,2026T1,Alta Renda,Fundos,App,0-6 meses,9,Consegui acompanhar minha carteira,,,,,,,,,
429.0,2026-04-04 00:00:00,PRD_CDB,6.0,1.0,34.9,0.0,429,CDB,FD00978,C00429,2026-04-10,2026T2,Alta Renda,CDB,Internet Banking,0-6 meses,9,,,,,,,,,,
429.0,2026-01-09 00:00:00,PRD_FND,7.0,0.0,17.8,0.0,429,Fundos,FD00292,C00429,2025-10-15,2025T4,Alta Renda,Tesouro Direto,App,2-5 anos,10,Assessoria ajudou na decisao,,,,,,,,,
429.0,2026-01-09 00:00:00,PRD_FND,7.0,0.0,17.8,0.0,429,Fundos,FD00549,C00429,2026-01-09,2026T1,Alta Renda,Fundos,App,0-6 meses,9,Consegui acompanhar minha carteira,,,,,,,,,
429.0,2026-01-09 00:00:00,PRD_FND,7.0,0.0,17.8,0.0,429,Fundos,FD00978,C00429,2026-04-10,2026T2,Alta Renda,CDB,Internet Banking,0-6 meses,9,,,,,,,,,,
430.0,2026-02-16 00:00:00,PRD_TES,5.0,0.0,17.9,0.0,430,Tesouro Direto,FD00583,C00430,2026-02-24,2026T1,Private,Tesouro Direto,Assessoria,2-5 anos,10,Atendimento claro e rapido,,,,,,,,,
431.0,2026-01-06 00:00:00,PRD_FND,1.0,0.0,1.0,0.0,431,Fundos,FD00461,C00431,2025-12-28,2025T4,Private,Fundos,Assessoria,0-6 meses,9,Consegui acompanhar minha carteira,,,,,,,,,
431.0,2026-01-06 00:00:00,PRD_FND,1.0,0.0,1.0,0.0,431,Fundos,FD00593,C00431,2026-01-06,2026T1,Private,Tesouro Direto,App,0-6 meses,7,"Experiencia ok, mas poderia ser mais simples",,,,,,,,,
431.0,2025-12-27 00:00:00,PRD_TES,5.0,0.0,26.5,0.0,431,Tesouro Direto,FD00461,C00431,2025-12-28,2025T4,Private,Fundos,Assessoria,0-6 meses,9,Consegui acompanhar minha carteira,,,,,,,,,
431.0,2025-12-27 00:00:00,PRD_TES,5.0,0.0,26.5,0.0,431,Tesouro Direto,FD00593,C00431,2026-01-06,2026T1,Private,Tesouro Direto,App,0-6 meses,7,"Experiencia ok, mas poderia ser mais simples",,,,,,,,,
432.0,2025-11-12 00:00:00,PRD_CAR,8.0,0.0,54.8,0.0,432,Carteira Administrada,FD00309,C00432,2025-10-26,2025T4,Varejo,CDB,App,2-5 anos,9,Atendimento claro e rapido,432.0,06-Nov-25,Carteira Administrada,6,acesso app,Chat,Pendente,Demorou um pouco para encontrar informacoes,Carteira Administrada
432.0,2025-11-12 00:00:00,PRD_CAR,8.0,0.0,54.8,0.0,432,Carteira Administrada,FD00397,C00432,2025-11-05,2025T4,Varejo,Carteira Administrada,App,2-5 anos,6,Demora para resolver meu problema,432.0,06-Nov-25,Carteira Administrada,6,acesso app,Chat,Pendente,Demorou um pouco para encontrar informacoes,Carteira Administrada
432.0,2025-11-12 00:00:00,PRD_CAR,8.0,0.0,54.8,0.0,432,Carteira Administrada,FD00730,C00432,2026-04-18,2026T2,Varejo,Tesouro Direto,App,2-5 anos,10,Boa experiencia no aplicativo,432.0,06-Nov-25,Carteira Administrada,6,acesso app,Chat,Pendente,Demorou um pouco para encontrar informacoes,Carteira Administrada
432.0,2026-04-22 00:00:00,PRD_TES,11.0,0.0,18.3,0.0,432,Tesouro Direto,FD00309,C00432,2025-10-26,2025T4,Varejo,CDB,App,2-5 anos,9,Atendimento claro e rapido,432.0,06-Nov-25,Carteira Administrada,6,acesso app,Chat,Pendente,Demorou um pouco para encontrar informacoes,Carteira Administrada
432.0,2026-04-22 00:00:00,PRD_TES,11.0,0.0,18.3,0.0,432,Tesouro Direto,FD00397,C00432,2025-11-05,2025T4,Varejo,Carteira Administrada,App,2-5 anos,6,Demora para resolver meu problema,432.0,06-Nov-25,Carteira Administrada,6,acesso app,Chat,Pendente,Demorou um pouco para encontrar informacoes,Carteira Administrada
432.0,2026-04-22 00:00:00,PRD_TES,11.0,0.0,18.3,0.0,432,Tesouro Direto,FD00730,C00432,2026-04-18,2026T2,Varejo,Tesouro Direto,App,2-5 anos,10,Boa experiencia no aplicativo,432.0,06-Nov-25,Carteira Administrada,6,acesso app,Chat,Pendente,Demorou um pouco para encontrar informacoes,Carteira Administrada
434.0,2025-12-14 00:00:00,PRD_CAR,11.0,0.0,45.7,0.0,434,Carteira Administrada,FD00250,C00434,2025-12-12,2025T4,Private,Carteira Administrada,App,5+ anos,8,Tive duvida sobre rentabilidade,,,,,,,,,
434.0,2025-12-14 00:00:00,PRD_CAR,11.0,0.0,45.7,0.0,434,Carteira Administrada,FD00250,C00434,2025-12-12,2025T4,Private,Carteira Administrada,App,5+ anos,8,Tive duvida sobre rentabilidade,,,,,,,,,
436.0,2026-05-03 00:00:00,PRD_TES,3.0,0.0,26.6,1.0,436,Tesouro Direto,FD00077,C00436,2025-07-10,2025T3,Varejo,Tesouro Direto,App,0-6 meses,10,Informacoes estavam faceis de encontrar,436.0,09-Jul-25,Tesouro,10,acesso app,Agencia,Resolvido,Tive duvida sobre rentabilidade,Tesouro Direto
436.0,2026-05-03 00:00:00,PRD_TES,3.0,0.0,26.6,1.0,436,Tesouro Direto,FD00091,C00436,2025-08-07,2025T3,Varejo,Carteira Administrada,Internet Banking,6-24 meses,8,Tive duvida sobre rentabilidade,436.0,09-Jul-25,Tesouro,10,acesso app,Agencia,Resolvido,Tive duvida sobre rentabilidade,Tesouro Direto
436.0,2026-05-03 00:00:00,PRD_TES,3.0,0.0,26.6,1.0,436,Tesouro Direto,FD00140,C00436,2025-09-26,2025T3,Varejo,Fundos,Assessoria,6-24 meses,10,Atendimento claro e rapido,436.0,09-Jul-25,Tesouro,10,acesso app,Agencia,Resolvido,Tive duvida sobre rentabilidade,Tesouro Direto
436.0,2026-05-03 00:00:00,PRD_TES,3.0,0.0,26.6,1.0,436,Tesouro Direto,FD00960,C00436,2026-04-23,2026T2,Varejo,Tesouro Direto,Central de Atendimento,5+ anos,6,Informacoes divergentes sobre o produto,436.0,09-Jul-25,Tesouro,10,acesso app,Agencia,Resolvido,Tive duvida sobre rentabilidade,Tesouro Direto
436.0,2025-09-18 00:00:00-03:00,PRD_FND,6.0,1.0,27.4,0.0,436,Fundos,FD00077,C00436,2025-07-10,2025T3,Varejo,Tesouro Direto,App,0-6 meses,10,Informacoes estavam faceis de encontrar,436.0,09-Jul-25,Tesouro,10,acesso app,Agencia,Resolvido,Tive duvida sobre rentabilidade,Tesouro Direto
436.0,2025-09-18 00:00:00-03:00,PRD_FND,6.0,1.0,27.4,0.0,436,Fundos,FD00091,C00436,2025-08-07,2025T3,Varejo,Carteira Administrada,Internet Banking,6-24 meses,8,Tive duvida sobre rentabilidade,436.0,09-Jul-25,Tesouro,10,acesso app,Agencia,Resolvido,Tive duvida sobre rentabilidade,Tesouro Direto
436.0,2025-09-18 00:00:00-03:00,PRD_FND,6.0,1.0,27.4,0.0,436,Fundos,FD00140,C00436,2025-09-26,2025T3,Varejo,Fundos,Assessoria,6-24 meses,10,Atendimento claro e rapido,436.0,09-Jul-25,Tesouro,10,acesso app,Agencia,Resolvido,Tive duvida sobre rentabilidade,Tesouro Direto
436.0,2025-09-18 00:00:00-03:00,PRD_FND,6.0,1.0,27.4,0.0,436,Fundos,FD00960,C00436,2026-04-23,2026T2,Varejo,Tesouro Direto,Central de Atendimento,5+ anos,6,Informacoes divergentes sobre o produto,436.0,09-Jul-25,Tesouro,10,acesso app,Agencia,Resolvido,Tive duvida sobre rentabilidade,Tesouro Direto
436.0,2025-08-01 00:00:00,PRD_CAR,3.0,0.0,38.3,1.0,436,Carteira Administrada,FD00077,C00436,2025-07-10,2025T3,Varejo,Tesouro Direto,App,0-6 meses,10,Informacoes estavam faceis de encontrar,436.0,09-Jul-25,Tesouro,10,acesso app,Agencia,Resolvido,Tive duvida sobre rentabilidade,Tesouro Direto
436.0,2025-08-01 00:00:00,PRD_CAR,3.0,0.0,38.3,1.0,436,Carteira Administrada,FD00091,C00436,2025-08-07,2025T3,Varejo,Carteira Administrada,Internet Banking,6-24 meses,8,Tive duvida sobre rentabilidade,436.0,09-Jul-25,Tesouro,10,acesso app,Agencia,Resolvido,Tive duvida sobre rentabilidade,Tesouro Direto
436.0,2025-08-01 00:00:00,PRD_CAR,3.0,0.0,38.3,1.0,436,Carteira Administrada,FD00140,C00436,2025-09-26,2025T3,Varejo,Fundos,Assessoria,6-24 meses,10,Atendimento claro e rapido,436.0,09-Jul-25,Tesouro,10,acesso app,Agencia,Resolvido,Tive duvida sobre rentabilidade,Tesouro Direto
436.0,2025-08-01 00:00:00,PRD_CAR,3.0,0.0,38.3,1.0,436,Carteira Administrada,FD00960,C00436,2026-04-23,2026T2,Varejo,Tesouro Direto,Central de Atendimento,5+ anos,6,Informacoes divergentes sobre o produto,436.0,09-Jul-25,Tesouro,10,acesso app,Agencia,Resolvido,Tive duvida sobre rentabilidade,Tesouro Direto
437.0,2026-01-17 00:00:00,PRD_COE,11.0,0.0,1.8,1.0,437,COE,FD00581,C00437,2026-01-24,2026T1,Private,COE,App,6-24 meses,5,Informacoes divergentes sobre o produto,,,,,,,,,
439.0,2025-09-14 00:00:00,PRD_TES,14.0,0.0,25.7,0.0,439,Tesouro Direto,FD00088,C00439,2025-09-07,2025T3,Varejo,Tesouro Direto,App,5+ anos,10,Boa experiencia no aplicativo,,,,,,,,,
439.0,2025-09-14 00:00:00,PRD_TES,14.0,0.0,25.7,0.0,439,Tesouro Direto,FD00275,C00439,2025-10-30,2025T4,Varejo,Tesouro Direto,Internet Banking,6-24 meses,9,Assessoria ajudou na decisao,,,,,,,,,
439.0,2025-09-14 00:00:00,PRD_TES,14.0,0.0,25.7,0.0,439,Tesouro Direto,FDX00003,C00439,2025-10-31,2025T4,Varejo,Tesouro Direto,Internet Banking,6-24 meses,9,Assessoria ajudou na decisao,,,,,,,,,
439.0,2025-10-29 00:00:00,PRD_TES,3.0,0.0,24.7,0.0,439,Tesouro Direto,FD00088,C00439,2025-09-07,2025T3,Varejo,Tesouro Direto,App,5+ anos,10,Boa experiencia no aplicativo,,,,,,,,,
439.0,2025-10-29 00:00:00,PRD_TES,3.0,0.0,24.7,0.0,439,Tesouro Direto,FD00275,C00439,2025-10-30,2025T4,Varejo,Tesouro Direto,Internet Banking,6-24 meses,9,Assessoria ajudou na decisao,,,,,,,,,
439.0,2025-10-29 00:00:00,PRD_TES,3.0,0.0,24.7,0.0,439,Tesouro Direto,FDX00003,C00439,2025-10-31,2025T4,Varejo,Tesouro Direto,Internet Banking,6-24 meses,9,Assessoria ajudou na decisao,,,,,,,,,
441.0,2025-10-16 00:00:00,PRD_CDB,13.0,0.0,15.1,1.0,441,CDB,FD00401,C00441,2025-10-06,2025T4,Private,CDB,App,2-5 anos,10,Atendimento claro e rapido,441.0,10-04-2025,CDB,10,resgate,Chat,Resolvido,Nao consegui falar com assessor,CDB
441.0,2025-10-16 00:00:00,PRD_CDB,13.0,0.0,15.1,1.0,441,CDB,FD00401,C00441,2025-10-06,2025T4,Private,CDB,App,2-5 anos,10,Atendimento claro e rapido,441.0,10-04-2025,CDB,10,resgate,Chat,Resolvido,Nao consegui falar com assessor,CDB
442.0,2026-06-25 00:00:00,PRD_CAR,5.0,2.0,111.0,0.0,442,Carteira Administrada,FD00811,C00442,2026-06-15,2026T2,Novo Investidor,Carteira Administrada,App,6-24 meses,6,Aplicativo travou durante consulta,442.0,18/06/2026,Carteira Adm,6,duvida rentabilidade,Telefone,Resolvido,Demora para resolver meu problema,Carteira Administrada
443.0,2026-05-04 00:00:00,PRD_TES,7.0,0.0,9.5,0.0,443,Tesouro Direto,FD00431,C00443,2025-11-18,2025T4,Alta Renda,Fundos,App,2-5 anos,10,Consegui acompanhar minha carteira,,,,,,,,,
443.0,2026-05-04 00:00:00,PRD_TES,7.0,0.0,9.5,0.0,443,Tesouro Direto,FD00832,C00443,2026-04-24,2026T2,Alta Renda,Tesouro Direto,App,5+ anos,9,Boa experiencia no aplicativo,,,,,,,,,
443.0,2026-05-04 00:00:00,PRD_TES,7.0,0.0,9.5,0.0,443,Tesouro Direto,FD00861,C00443,2026-05-16,2026T2,Alta Renda,CDB,Internet Banking,6-24 meses,10,Assessoria ajudou na decisao,,,,,,,,,
443.0,2026-05-08 00:00:00,PRD_CDB,5.0,1.0,37.9,1.0,443,CDB,FD00431,C00443,2025-11-18,2025T4,Alta Renda,Fundos,App,2-5 anos,10,Consegui acompanhar minha carteira,,,,,,,,,
443.0,2026-05-08 00:00:00,PRD_CDB,5.0,1.0,37.9,1.0,443,CDB,FD00832,C00443,2026-04-24,2026T2,Alta Renda,Tesouro Direto,App,5+ anos,9,Boa experiencia no aplicativo,,,,,,,,,
443.0,2026-05-08 00:00:00,PRD_CDB,5.0,1.0,37.9,1.0,443,CDB,FD00861,C00443,2026-05-16,2026T2,Alta Renda,CDB,Internet Banking,6-24 meses,10,Assessoria ajudou na decisao,,,,,,,,,
444.0,2025-11-27 00:00:00,PRD_FND,5.0,0.0,10.7,0.0,444,Fundos,FD00258,C00444,2025-10-21,2025T4,Alta Renda,Fundos,Internet Banking,2-5 anos,7,Aplicativo poderia explicar melhor,,,,,,,,,
444.0,2025-11-27 00:00:00,PRD_FND,5.0,0.0,10.7,0.0,444,Fundos,FD00277,C00444,2025-11-25,2025T4,Alta Renda,Fundos,Internet Banking,0-6 meses,9,Assessoria ajudou na decisao,,,,,,,,,
444.0,2025-10-23 00:00:00,PRD_FND,7.0,0.0,1.7,0.0,444,Fundos,FD00258,C00444,2025-10-21,2025T4,Alta Renda,Fundos,Internet Banking,2-5 anos,7,Aplicativo poderia explicar melhor,,,,,,,,,
444.0,2025-10-23 00:00:00,PRD_FND,7.0,0.0,1.7,0.0,444,Fundos,FD00277,C00444,2025-11-25,2025T4,Alta Renda,Fundos,Internet Banking,0-6 meses,9,Assessoria ajudou na decisao,,,,,,,,,
445.0,2025-10-28 00:00:00,PRD_COE,6.0,1.0,22.6,0.0,445,COE,FD00099,C00445,2025-08-15,2025T3,Varejo,Tesouro Direto,Assessoria,2-5 anos,9,Boa experiencia no aplicativo,445.0,19/10/2025,C.O.E.,10,reclamacao atendimento,Chat,Pendente,Aplicativo travou durante consulta,COE
445.0,2025-10-28 00:00:00,PRD_COE,6.0,1.0,22.6,0.0,445,COE,FD00380,C00445,2025-10-22,2025T4,Varejo,COE,App,5+ anos,10,Informacoes estavam faceis de encontrar,445.0,19/10/2025,C.O.E.,10,reclamacao atendimento,Chat,Pendente,Aplicativo travou durante consulta,COE
445.0,2025-08-21 00:00:00,PRD_TES,9.0,0.0,24.4,0.0,445,Tesouro Direto,FD00099,C00445,2025-08-15,2025T3,Varejo,Tesouro Direto,Assessoria,2-5 anos,9,Boa experiencia no aplicativo,445.0,19/10/2025,C.O.E.,10,reclamacao atendimento,Chat,Pendente,Aplicativo travou durante consulta,COE
445.0,2025-08-21 00:00:00,PRD_TES,9.0,0.0,24.4,0.0,445,Tesouro Direto,FD00380,C00445,2025-10-22,2025T4,Varejo,COE,App,5+ anos,10,Informacoes estavam faceis de encontrar,445.0,19/10/2025,C.O.E.,10,reclamacao atendimento,Chat,Pendente,Aplicativo travou durante consulta,COE
446.0,2026-04-15 00:00:00,PRD_COE,7.0,0.0,25.8,0.0,446,COE,FD00224,C00446,2025-09-09,2025T3,Novo Investidor,CDB,App,2-5 anos,7,Demorou um pouco para encontrar informacoes,446.0,22/04/2026,C.O.E.,10,extrato,E-mail,Resolvido,Nao entendi a cobranca,COE
446.0,2026-04-15 00:00:00,PRD_COE,7.0,0.0,25.8,0.0,446,COE,FD00728,C00446,2026-04-22,2026T2,Novo Investidor,COE,App,6-24 meses,10,Boa experiencia no aplicativo,446.0,22/04/2026,C.O.E.,10,extrato,E-mail,Resolvido,Nao entendi a cobranca,COE
446.0,2025-09-18 00:00:00,PRD_CDB,13.0,,19.1,0.0,446,CDB,FD00224,C00446,2025-09-09,2025T3,Novo Investidor,CDB,App,2-5 anos,7,Demorou um pouco para encontrar informacoes,446.0,22/04/2026,C.O.E.,10,extrato,E-mail,Resolvido,Nao entendi a cobranca,COE
446.0,2025-09-18 00:00:00,PRD_CDB,13.0,,19.1,0.0,446,CDB,FD00728,C00446,2026-04-22,2026T2,Novo Investidor,COE,App,6-24 meses,10,Boa experiencia no aplicativo,446.0,22/04/2026,C.O.E.,10,extrato,E-mail,Resolvido,Nao entendi a cobranca,COE
447.0,2026-05-11 00:00:00,PRD_TES,7.0,0.0,36.8,0.0,447,Tesouro Direto,FD00828,C00447,2026-05-13,2026T2,Novo Investidor,Tesouro Direto,App,6-24 meses,10,Informacoes estavam faceis de encontrar,447.0,2026-04-03,TESOURO DIRETO,9,explicacao risco,Chat,Resolvido,Nao consegui falar com assessor,Tesouro Direto
447.0,2026-05-11 00:00:00,PRD_TES,7.0,0.0,36.8,0.0,447,Tesouro Direto,FD00913,C00447,2026-04-02,2026T2,Novo Investidor,Tesouro Direto,App,6-24 meses,9,Assessoria ajudou na decisao,447.0,2026-04-03,TESOURO DIRETO,9,explicacao risco,Chat,Resolvido,Nao consegui falar com assessor,Tesouro Direto
447.0,2026-05-11 00:00:00,PRD_TES,7.0,0.0,36.8,0.0,447,Tesouro Direto,FD00942,C00447,2026-05-01,2026T2,Novo Investidor,CDB,App,6-24 meses,10,Atendimento claro e rapido,447.0,2026-04-03,TESOURO DIRETO,9,explicacao risco,Chat,Resolvido,Nao consegui falar com assessor,Tesouro Direto
447.0,2026-05-11 00:00:00,PRD_TES,7.0,0.0,36.8,0.0,447,Tesouro Direto,FD00942,C00447,2026-05-01,2026T2,Novo Investidor,CDB,App,6-24 meses,10,Atendimento claro e rapido,447.0,2026-04-03,TESOURO DIRETO,9,explicacao risco,Chat,Resolvido,Nao consegui falar com assessor,Tesouro Direto
447.0,2026-05-11 00:00:00,PRD_TES,7.0,0.0,36.8,0.0,447,Tesouro Direto,FDX00005,C00447,2026-05-14,2026T2,Novo Investidor,Tesouro Direto,App,6-24 meses,10,Informacoes estavam faceis de encontrar,447.0,2026-04-03,TESOURO DIRETO,9,explicacao risco,Chat,Resolvido,Nao consegui falar com assessor,Tesouro Direto
447.0,2026-04-08 00:00:00,PRD_TES,11.0,0.0,32.1,0.0,447,Tesouro Direto,FD00828,C00447,2026-05-13,2026T2,Novo Investidor,Tesouro Direto,App,6-24 meses,10,Informacoes estavam faceis de encontrar,447.0,2026-04-03,TESOURO DIRETO,9,explicacao risco,Chat,Resolvido,Nao consegui falar com assessor,Tesouro Direto
447.0,2026-04-08 00:00:00,PRD_TES,11.0,0.0,32.1,0.0,447,Tesouro Direto,FD00913,C00447,2026-04-02,2026T2,Novo Investidor,Tesouro Direto,App,6-24 meses,9,Assessoria ajudou na decisao,447.0,2026-04-03,TESOURO DIRETO,9,explicacao risco,Chat,Resolvido,Nao consegui falar com assessor,Tesouro Direto
447.0,2026-04-08 00:00:00,PRD_TES,11.0,0.0,32.1,0.0,447,Tesouro Direto,FD00942,C00447,2026-05-01,2026T2,Novo Investidor,CDB,App,6-24 meses,10,Atendimento claro e rapido,447.0,2026-04-03,TESOURO DIRETO,9,explicacao risco,Chat,Resolvido,Nao consegui falar com assessor,Tesouro Direto
447.0,2026-04-08 00:00:00,PRD_TES,11.0,0.0,32.1,0.0,447,Tesouro Direto,FD00942,C00447,2026-05-01,2026T2,Novo Investidor,CDB,App,6-24 meses,10,Atendimento claro e rapido,447.0,2026-04-03,TESOURO DIRETO,9,explicacao risco,Chat,Resolvido,Nao consegui falar com assessor,Tesouro Direto
447.0,2026-04-08 00:00:00,PRD_TES,11.0,0.0,32.1,0.0,447,Tesouro Direto,FDX00005,C00447,2026-05-14,2026T2,Novo Investidor,Tesouro Direto,App,6-24 meses,10,Informacoes estavam faceis de encontrar,447.0,2026-04-03,TESOURO DIRETO,9,explicacao risco,Chat,Resolvido,Nao consegui falar com assessor,Tesouro Direto
449.0,2025-08-30 00:00:00,PRD_TES,11.0,0.0,38.5,0.0,449,Tesouro Direto,FD00143,C00449,2025-09-08,2025T3,Alta Renda,Tesouro Direto,App,5+ anos,7,Aplicativo poderia explicar melhor,449.0,08-Dec-25,coe,10,reclamacao atendimento,Agencia,Resolvido,Nao consegui falar com assessor,COE
449.0,2025-08-30 00:00:00,PRD_TES,11.0,0.0,38.5,0.0,449,Tesouro Direto,FD00404,C00449,2025-10-09,2025T4,Alta Renda,CDB,App,6-24 meses,5,Nao consegui falar com assessor,449.0,08-Dec-25,coe,10,reclamacao atendimento,Agencia,Resolvido,Nao consegui falar com assessor,COE
449.0,2025-08-30 00:00:00,PRD_TES,11.0,0.0,38.5,0.0,449,Tesouro Direto,FD00407,C00449,2025-12-06,2025T4,Alta Renda,COE,App,6-24 meses,10,Atendimento claro e rapido,449.0,08-Dec-25,coe,10,reclamacao atendimento,Agencia,Resolvido,Nao consegui falar com assessor,COE
449.0,2025-11-27 00:00:00,PRD_COE,9.0,0.0,7.8,0.0,449,COE,FD00143,C00449,2025-09-08,2025T3,Alta Renda,Tesouro Direto,App,5+ anos,7,Aplicativo poderia explicar melhor,449.0,08-Dec-25,coe,10,reclamacao atendimento,Agencia,Resolvido,Nao consegui falar com assessor,COE
449.0,2025-11-27 00:00:00,PRD_COE,9.0,0.0,7.8,0.0,449,COE,FD00404,C00449,2025-10-09,2025T4,Alta Renda,CDB,App,6-24 meses,5,Nao consegui falar com assessor,449.0,08-Dec-25,coe,10,reclamacao atendimento,Agencia,Resolvido,Nao consegui falar com assessor,COE
449.0,2025-11-27 00:00:00,PRD_COE,9.0,0.0,7.8,0.0,449,COE,FD00407,C00449,2025-12-06,2025T4,Alta Renda,COE,App,6-24 meses,10,Atendimento claro e rapido,449.0,08-Dec-25,coe,10,reclamacao atendimento,Agencia,Resolvido,Nao consegui falar com assessor,COE
449.0,2025-10-01 00:00:00,PRD_CDB,7.0,0.0,24.0,0.0,449,CDB,FD00143,C00449,2025-09-08,2025T3,Alta Renda,Tesouro Direto,App,5+ anos,7,Aplicativo poderia explicar melhor,449.0,08-Dec-25,coe,10,reclamacao atendimento,Agencia,Resolvido,Nao consegui falar com assessor,COE
449.0,2025-10-01 00:00:00,PRD_CDB,7.0,0.0,24.0,0.0,449,CDB,FD00404,C00449,2025-10-09,2025T4,Alta Renda,CDB,App,6-24 meses,5,Nao consegui falar com assessor,449.0,08-Dec-25,coe,10,reclamacao atendimento,Agencia,Resolvido,Nao consegui falar com assessor,COE
449.0,2025-10-01 00:00:00,PRD_CDB,7.0,0.0,24.0,0.0,449,CDB,FD00407,C00449,2025-12-06,2025T4,Alta Renda,COE,App,6-24 meses,10,Atendimento claro e rapido,449.0,08-Dec-25,coe,10,reclamacao atendimento,Agencia,Resolvido,Nao consegui falar com assessor,COE
452.0,2026-05-20 00:00:00,PRD_FND,11.0,0.0,15.2,0.0,452,Fundos,FD00354,C00452,2025-11-26,2025T4,Alta Renda,Fundos,Internet Banking,5+ anos,9,Assessoria ajudou na decisao,,,,,,,,,
452.0,2026-05-20 00:00:00,PRD_FND,11.0,0.0,15.2,0.0,452,Fundos,FD00390,C00452,2025-10-09,2025T4,Alta Renda,Fundos,App,0-6 meses,10,Consegui acompanhar minha carteira,,,,,,,,,
452.0,2026-05-20 00:00:00,PRD_FND,11.0,0.0,15.2,0.0,452,Fundos,FD00841,C00452,2026-05-28,2026T2,Alta Renda,Fundos,App,6-24 meses,1,Informacoes divergentes sobre o produto,,,,,,,,,
452.0,2025-11-24 00:00:00,PRD_FND,1.0,0.0,2.0,0.0,452,Fundos,FD00354,C00452,2025-11-26,2025T4,Alta Renda,Fundos,Internet Banking,5+ anos,9,Assessoria ajudou na decisao,,,,,,,,,
452.0,2025-11-24 00:00:00,PRD_FND,1.0,0.0,2.0,0.0,452,Fundos,FD00390,C00452,2025-10-09,2025T4,Alta Renda,Fundos,App,0-6 meses,10,Consegui acompanhar minha carteira,,,,,,,,,
452.0,2025-11-24 00:00:00,PRD_FND,1.0,0.0,2.0,0.0,452,Fundos,FD00841,C00452,2026-05-28,2026T2,Alta Renda,Fundos,App,6-24 meses,1,Informacoes divergentes sobre o produto,,,,,,,,,
452.0,2025-10-09 00:00:00,PRD_FND,9.0,0.0,11.3,0.0,452,Fundos,FD00354,C00452,2025-11-26,2025T4,Alta Renda,Fundos,Internet Banking,5+ anos,9,Assessoria ajudou na decisao,,,,,,,,,
452.0,2025-10-09 00:00:00,PRD_FND,9.0,0.0,11.3,0.0,452,Fundos,FD00390,C00452,2025-10-09,2025T4,Alta Renda,Fundos,App,0-6 meses,10,Consegui acompanhar minha carteira,,,,,,,,,
452.0,2025-10-09 00:00:00,PRD_FND,9.0,0.0,11.3,0.0,452,Fundos,FD00841,C00452,2026-05-28,2026T2,Alta Renda,Fundos,App,6-24 meses,1,Informacoes divergentes sobre o produto,,,,,,,,,
453.0,2025-12-05 00:00:00,PRD_FND,4.0,0.0,22.5,1.0,453,Fundos,FD00364,C00453,2025-12-07,2025T4,Alta Renda,Fundos,App,6-24 meses,10,Boa experiencia no aplicativo,,,,,,,,,
454.0,2026-05-09 00:00:00,PRD_CDB,6.0,0.0,27.0,1.0,454,CDB,FD00663,C00454,2026-01-21,2026T1,Novo Investidor,Fundos,Internet Banking,6-24 meses,8,Tive duvida sobre rentabilidade,454.0,04-May-26,C.D.B.,6,reclamacao atendimento,Agencia,Resolvido,"Atendimento resolveu, mas demorou",CDB
454.0,2026-05-09 00:00:00,PRD_CDB,6.0,0.0,27.0,1.0,454,CDB,FD00846,C00454,2026-05-04,2026T2,Novo Investidor,CDB,App,2-5 anos,7,Aplicativo poderia explicar melhor,454.0,04-May-26,C.D.B.,6,reclamacao atendimento,Agencia,Resolvido,"Atendimento resolveu, mas demorou",CDB
454.0,2026-01-15 00:00:00,PRD_FND,7.0,0.0,41.8,0.0,454,Fundos,FD00663,C00454,2026-01-21,2026T1,Novo Investidor,Fundos,Internet Banking,6-24 meses,8,Tive duvida sobre rentabilidade,454.0,04-May-26,C.D.B.,6,reclamacao atendimento,Agencia,Resolvido,"Atendimento resolveu, mas demorou",CDB
454.0,2026-01-15 00:00:00,PRD_FND,7.0,0.0,41.8,0.0,454,Fundos,FD00846,C00454,2026-05-04,2026T2,Novo Investidor,CDB,App,2-5 anos,7,Aplicativo poderia explicar melhor,454.0,04-May-26,C.D.B.,6,reclamacao atendimento,Agencia,Resolvido,"Atendimento resolveu, mas demorou",CDB
455.0,2026-01-15 00:00:00,PRD_COE,11.0,0.0,30.5,0.0,455,COE,FD00565,C00455,2026-01-06,2026T1,Private,COE,App,2-5 anos,8,Demorou um pouco para encontrar informacoes,455.0,07/01/2026,C.O.E.,7,cadastro,Telefone,Pendente,Aplicativo poderia explicar melhor,COE
456.0,2025-10-10 00:00:00,PRD_FND,5.0,0.0,1.0,0.0,456,Fundos,FD00371,C00456,2025-12-01,2025T4,Alta Renda,Fundos,App,0-6 meses,10,Informacoes estavam faceis de encontrar,,,,,,,,,
456.0,2025-10-10 00:00:00,PRD_FND,5.0,0.0,1.0,0.0,456,Fundos,FD00460,C00456,2025-10-10,2025T4,Alta Renda,Fundos,App,6-24 meses,9,Atendimento claro e rapido,,,,,,,,,
456.0,2025-12-06 00:00:00,PRD_FND,8.0,0.0,30.4,0.0,456,Fundos,FD00371,C00456,2025-12-01,2025T4,Alta Renda,Fundos,App,0-6 meses,10,Informacoes estavam faceis de encontrar,,,,,,,,,
456.0,2025-12-06 00:00:00,PRD_FND,8.0,0.0,30.4,0.0,456,Fundos,FD00460,C00456,2025-10-10,2025T4,Alta Renda,Fundos,App,6-24 meses,9,Atendimento claro e rapido,,,,,,,,,
457.0,2025-07-18 00:00:00,PRD_TES,9.0,1.0,28.8,0.0,457,Tesouro Direto,FD00072,C00457,2025-07-18,2025T3,Private,Tesouro Direto,Assessoria,2-5 anos,9,Boa experiencia no aplicativo,457.0,07-21-2025,tesouro direto,10,duvida rentabilidade,Telefone,Reaberto,Demorou um pouco para encontrar informacoes,Tesouro Direto
457.0,2025-07-18 00:00:00,PRD_TES,9.0,1.0,28.8,0.0,457,Tesouro Direto,FD00983,C00457,2026-05-14,2026T2,Private,Fundos,Internet Banking,2-5 anos,7,"Experiencia ok, mas poderia ser mais simples",457.0,07-21-2025,tesouro direto,10,duvida rentabilidade,Telefone,Reaberto,Demorou um pouco para encontrar informacoes,Tesouro Direto
458.0,2025-11-10 00:00:00,PRD_TES,10.0,0.0,26.6,0.0,458,Tesouro Direto,FD00262,C00458,2025-11-17,2025T4,Alta Renda,Tesouro Direto,App,6-24 meses,10,Assessoria ajudou na decisao,,,,,,,,,
459.0,2025-11-14 00:00:00,PRD_CDB,3.0,0.0,18.7,1.0,459,CDB,FD00009,C00459,2025-09-16,2025T3,Private,CDB,App,6-24 meses,9,Informacoes estavam faceis de encontrar,459.0,20/09/2025,Fundo,9,reclamacao atendimento,Telefone,Pendente,Tive duvida sobre rentabilidade,Fundos
459.0,2025-11-14 00:00:00,PRD_CDB,3.0,0.0,18.7,1.0,459,CDB,FD00181,C00459,2025-09-23,2025T3,Private,Fundos,App,5+ anos,9,Assessoria ajudou na decisao,459.0,20/09/2025,Fundo,9,reclamacao atendimento,Telefone,Pendente,Tive duvida sobre rentabilidade,Fundos
459.0,2025-11-14 00:00:00,PRD_CDB,3.0,0.0,18.7,1.0,459,CDB,FD00274,C00459,2025-11-07,2025T4,Private,CDB,Internet Banking,5+ anos,10,,459.0,20/09/2025,Fundo,9,reclamacao atendimento,Telefone,Pendente,Tive duvida sobre rentabilidade,Fundos
459.0,2025-11-14 00:00:00,PRD_CDB,3.0,0.0,18.7,1.0,459,CDB,FD00499,C00459,2026-01-04,2026T1,Private,Tesouro Direto,Internet Banking,6-24 meses,10,Consegui acompanhar minha carteira,459.0,20/09/2025,Fundo,9,reclamacao atendimento,Telefone,Pendente,Tive duvida sobre rentabilidade,Fundos
459.0,2025-11-14 00:00:00,PRD_CDB,3.0,0.0,18.7,1.0,459,CDB,FD00788,C00459,2026-05-17,2026T2,Private,CDB,App,5+ anos,10,Boa experiencia no aplicativo,459.0,20/09/2025,Fundo,9,reclamacao atendimento,Telefone,Pendente,Tive duvida sobre rentabilidade,Fundos
459.0,2025-09-22 00:00:00,PRD_FND,7.0,0.0,25.8,0.0,459,Fundos,FD00009,C00459,2025-09-16,2025T3,Private,CDB,App,6-24 meses,9,Informacoes estavam faceis de encontrar,459.0,20/09/2025,Fundo,9,reclamacao atendimento,Telefone,Pendente,Tive duvida sobre rentabilidade,Fundos
459.0,2025-09-22 00:00:00,PRD_FND,7.0,0.0,25.8,0.0,459,Fundos,FD00181,C00459,2025-09-23,2025T3,Private,Fundos,App,5+ anos,9,Assessoria ajudou na decisao,459.0,20/09/2025,Fundo,9,reclamacao atendimento,Telefone,Pendente,Tive duvida sobre rentabilidade,Fundos
459.0,2025-09-22 00:00:00,PRD_FND,7.0,0.0,25.8,0.0,459,Fundos,FD00274,C00459,2025-11-07,2025T4,Private,CDB,Internet Banking,5+ anos,10,,459.0,20/09/2025,Fundo,9,reclamacao atendimento,Telefone,Pendente,Tive duvida sobre rentabilidade,Fundos
459.0,2025-09-22 00:00:00,PRD_FND,7.0,0.0,25.8,0.0,459,Fundos,FD00499,C00459,2026-01-04,2026T1,Private,Tesouro Direto,Internet Banking,6-24 meses,10,Consegui acompanhar minha carteira,459.0,20/09/2025,Fundo,9,reclamacao atendimento,Telefone,Pendente,Tive duvida sobre rentabilidade,Fundos
459.0,2025-09-22 00:00:00,PRD_FND,7.0,0.0,25.8,0.0,459,Fundos,FD00788,C00459,2026-05-17,2026T2,Private,CDB,App,5+ anos,10,Boa experiencia no aplicativo,459.0,20/09/2025,Fundo,9,reclamacao atendimento,Telefone,Pendente,Tive duvida sobre rentabilidade,Fundos
459.0,2025-09-20 00:00:00,PRD_CDB,6.0,0.0,24.3,0.0,459,CDB,FD00009,C00459,2025-09-16,2025T3,Private,CDB,App,6-24 meses,9,Informacoes estavam faceis de encontrar,459.0,20/09/2025,Fundo,9,reclamacao atendimento,Telefone,Pendente,Tive duvida sobre rentabilidade,Fundos
459.0,2025-09-20 00:00:00,PRD_CDB,6.0,0.0,24.3,0.0,459,CDB,FD00181,C00459,2025-09-23,2025T3,Private,Fundos,App,5+ anos,9,Assessoria ajudou na decisao,459.0,20/09/2025,Fundo,9,reclamacao atendimento,Telefone,Pendente,Tive duvida sobre rentabilidade,Fundos
459.0,2025-09-20 00:00:00,PRD_CDB,6.0,0.0,24.3,0.0,459,CDB,FD00274,C00459,2025-11-07,2025T4,Private,CDB,Internet Banking,5+ anos,10,,459.0,20/09/2025,Fundo,9,reclamacao atendimento,Telefone,Pendente,Tive duvida sobre rentabilidade,Fundos
459.0,2025-09-20 00:00:00,PRD_CDB,6.0,0.0,24.3,0.0,459,CDB,FD00499,C00459,2026-01-04,2026T1,Private,Tesouro Direto,Internet Banking,6-24 meses,10,Consegui acompanhar minha carteira,459.0,20/09/2025,Fundo,9,reclamacao atendimento,Telefone,Pendente,Tive duvida sobre rentabilidade,Fundos
459.0,2025-09-20 00:00:00,PRD_CDB,6.0,0.0,24.3,0.0,459,CDB,FD00788,C00459,2026-05-17,2026T2,Private,CDB,App,5+ anos,10,Boa experiencia no aplicativo,459.0,20/09/2025,Fundo,9,reclamacao atendimento,Telefone,Pendente,Tive duvida sobre rentabilidade,Fundos
459.0,2026-05-27 00:00:00,PRD_CDB,5.0,0.0,10.8,0.0,459,CDB,FD00009,C00459,2025-09-16,2025T3,Private,CDB,App,6-24 meses,9,Informacoes estavam faceis de encontrar,459.0,20/09/2025,Fundo,9,reclamacao atendimento,Telefone,Pendente,Tive duvida sobre rentabilidade,Fundos
459.0,2026-05-27 00:00:00,PRD_CDB,5.0,0.0,10.8,0.0,459,CDB,FD00181,C00459,2025-09-23,2025T3,Private,Fundos,App,5+ anos,9,Assessoria ajudou na decisao,459.0,20/09/2025,Fundo,9,reclamacao atendimento,Telefone,Pendente,Tive duvida sobre rentabilidade,Fundos
459.0,2026-05-27 00:00:00,PRD_CDB,5.0,0.0,10.8,0.0,459,CDB,FD00274,C00459,2025-11-07,2025T4,Private,CDB,Internet Banking,5+ anos,10,,459.0,20/09/2025,Fundo,9,reclamacao atendimento,Telefone,Pendente,Tive duvida sobre rentabilidade,Fundos
459.0,2026-05-27 00:00:00,PRD_CDB,5.0,0.0,10.8,0.0,459,CDB,FD00499,C00459,2026-01-04,2026T1,Private,Tesouro Direto,Internet Banking,6-24 meses,10,Consegui acompanhar minha carteira,459.0,20/09/2025,Fundo,9,reclamacao atendimento,Telefone,Pendente,Tive duvida sobre rentabilidade,Fundos
459.0,2026-05-27 00:00:00,PRD_CDB,5.0,0.0,10.8,0.0,459,CDB,FD00788,C00459,2026-05-17,2026T2,Private,CDB,App,5+ anos,10,Boa experiencia no aplicativo,459.0,20/09/2025,Fundo,9,reclamacao atendimento,Telefone,Pendente,Tive duvida sobre rentabilidade,Fundos
459.0,2026-01-09 00:00:00,PRD_TES,4.0,0.0,21.5,0.0,459,Tesouro Direto,FD00009,C00459,2025-09-16,2025T3,Private,CDB,App,6-24 meses,9,Informacoes estavam faceis de encontrar,459.0,20/09/2025,Fundo,9,reclamacao atendimento,Telefone,Pendente,Tive duvida sobre rentabilidade,Fundos
459.0,2026-01-09 00:00:00,PRD_TES,4.0,0.0,21.5,0.0,459,Tesouro Direto,FD00181,C00459,2025-09-23,2025T3,Private,Fundos,App,5+ anos,9,Assessoria ajudou na decisao,459.0,20/09/2025,Fundo,9,reclamacao atendimento,Telefone,Pendente,Tive duvida sobre rentabilidade,Fundos
459.0,2026-01-09 00:00:00,PRD_TES,4.0,0.0,21.5,0.0,459,Tesouro Direto,FD00274,C00459,2025-11-07,2025T4,Private,CDB,Internet Banking,5+ anos,10,,459.0,20/09/2025,Fundo,9,reclamacao atendimento,Telefone,Pendente,Tive duvida sobre rentabilidade,Fundos
459.0,2026-01-09 00:00:00,PRD_TES,4.0,0.0,21.5,0.0,459,Tesouro Direto,FD00499,C00459,2026-01-04,2026T1,Private,Tesouro Direto,Internet Banking,6-24 meses,10,Consegui acompanhar minha carteira,459.0,20/09/2025,Fundo,9,reclamacao atendimento,Telefone,Pendente,Tive duvida sobre rentabilidade,Fundos
459.0,2026-01-09 00:00:00,PRD_TES,4.0,0.0,21.5,0.0,459,Tesouro Direto,FD00788,C00459,2026-05-17,2026T2,Private,CDB,App,5+ anos,10,Boa experiencia no aplicativo,459.0,20/09/2025,Fundo,9,reclamacao atendimento,Telefone,Pendente,Tive duvida sobre rentabilidade,Fundos
,,,,,,,460,,FD00490,C00460,2026-01-01,2026T1,Private,CDB,App,6-24 meses,9,Consegui acompanhar minha carteira,,,,,,,,,
461.0,2026-05-31 00:00:00,PRD_CAR,9.0,1.0,83.3,0.0,461,Carteira Administrada,FD00252,C00461,2025-12-03,2025T4,Private,Fundos,App,2-5 anos,9,Informacoes estavam faceis de encontrar,461.0,30/05/2026,carteira administrada,8,reclamacao atendimento,Chat,Resolvido,"Atendimento resolveu, mas demorou",Carteira Administrada
461.0,2026-05-31 00:00:00,PRD_CAR,9.0,1.0,83.3,0.0,461,Carteira Administrada,FD00715,C00461,2026-03-06,2026T1,Private,Fundos,App,2-5 anos,9,Atendimento claro e rapido,461.0,30/05/2026,carteira administrada,8,reclamacao atendimento,Chat,Resolvido,"Atendimento resolveu, mas demorou",Carteira Administrada
461.0,2026-05-31 00:00:00,PRD_CAR,9.0,1.0,83.3,0.0,461,Carteira Administrada,FD00904,C00461,2026-06-02,2026T2,Private,Carteira Administrada,App,2-5 anos,9,Assessoria ajudou na decisao,461.0,30/05/2026,carteira administrada,8,reclamacao atendimento,Chat,Resolvido,"Atendimento resolveu, mas demorou",Carteira Administrada
461.0,2025-11-26 00:00:00,PRD_FND,6.0,0.0,25.9,1.0,461,Fundos,FD00252,C00461,2025-12-03,2025T4,Private,Fundos,App,2-5 anos,9,Informacoes estavam faceis de encontrar,461.0,30/05/2026,carteira administrada,8,reclamacao atendimento,Chat,Resolvido,"Atendimento resolveu, mas demorou",Carteira Administrada
461.0,2025-11-26 00:00:00,PRD_FND,6.0,0.0,25.9,1.0,461,Fundos,FD00715,C00461,2026-03-06,2026T1,Private,Fundos,App,2-5 anos,9,Atendimento claro e rapido,461.0,30/05/2026,carteira administrada,8,reclamacao atendimento,Chat,Resolvido,"Atendimento resolveu, mas demorou",Carteira Administrada
461.0,2025-11-26 00:00:00,PRD_FND,6.0,0.0,25.9,1.0,461,Fundos,FD00904,C00461,2026-06-02,2026T2,Private,Carteira Administrada,App,2-5 anos,9,Assessoria ajudou na decisao,461.0,30/05/2026,carteira administrada,8,reclamacao atendimento,Chat,Resolvido,"Atendimento resolveu, mas demorou",Carteira Administrada
461.0,2026-03-07 00:00:00,PRD_FND,12.0,0.0,19.9,1.0,461,Fundos,FD00252,C00461,2025-12-03,2025T4,Private,Fundos,App,2-5 anos,9,Informacoes estavam faceis de encontrar,461.0,30/05/2026,carteira administrada,8,reclamacao atendimento,Chat,Resolvido,"Atendimento resolveu, mas demorou",Carteira Administrada
461.0,2026-03-07 00:00:00,PRD_FND,12.0,0.0,19.9,1.0,461,Fundos,FD00715,C00461,2026-03-06,2026T1,Private,Fundos,App,2-5 anos,9,Atendimento claro e rapido,461.0,30/05/2026,carteira administrada,8,reclamacao atendimento,Chat,Resolvido,"Atendimento resolveu, mas demorou",Carteira Administrada
461.0,2026-03-07 00:00:00,PRD_FND,12.0,0.0,19.9,1.0,461,Fundos,FD00904,C00461,2026-06-02,2026T2,Private,Carteira Administrada,App,2-5 anos,9,Assessoria ajudou na decisao,461.0,30/05/2026,carteira administrada,8,reclamacao atendimento,Chat,Resolvido,"Atendimento resolveu, mas demorou",Carteira Administrada
462.0,2026-04-04 00:00:00,PRD_CDB,11.0,0.0,17.2,0.0,462,CDB,FD00765,C00462,2026-04-06,2026T2,Varejo,CDB,App,2-5 anos,9,Informacoes estavam faceis de encontrar,,,,,,,,,
464.0,2026-02-14 00:00:00,PRD_CDB,9.0,0.0,8.2,0.0,464,CDB,FD00559,C00464,2026-02-19,2026T1,Varejo,CDB,App,6-24 meses,9,Consegui acompanhar minha carteira,,,,,,,,,
464.0,2026-02-14 00:00:00,PRD_CDB,9.0,0.0,8.2,0.0,464,CDB,FD00880,C00464,2026-06-09,2026T2,Varejo,Carteira Administrada,Central de Atendimento,2-5 anos,5,Nao consegui falar com assessor,,,,,,,,,
465.0,2026-05-16 00:00:00,PRD_CDB,11.0,0.0,40.2,0.0,465,CDB,FD00659,C00465,2026-03-03,2026T1,Novo Investidor,Fundos,Assessoria,6-24 meses,8,Aplicativo poderia explicar melhor,,,,,,,,,
465.0,2026-05-16 00:00:00,PRD_CDB,11.0,0.0,40.2,0.0,465,CDB,FD00872,C00465,2026-05-24,2026T2,Novo Investidor,CDB,App,2-5 anos,8,"Experiencia ok, mas poderia ser mais simples",,,,,,,,,
465.0,2026-05-16 00:00:00,PRD_CDB,11.0,0.0,40.2,0.0,465,CDB,FDX00001,C00465,2026-05-25,2026T2,Novo Investidor,CDB,App,2-5 anos,8,"Experiencia ok, mas poderia ser mais simples",,,,,,,,,
466.0,2026-03-27 00:00:00,PRD_TES,10.0,0.0,11.6,0.0,466,Tesouro Direto,FD00476,C00466,2026-03-23,2026T1,Alta Renda,Tesouro Direto,App,5+ anos,9,Assessoria ajudou na decisao,,,,,,,,,
467.0,2026-04-07 00:00:00,PRD_FND,10.0,0.0,14.3,0.0,467,Fundos,FD00644,C00467,2026-03-28,2026T1,Alta Renda,COE,App,2-5 anos,9,Boa experiencia no aplicativo,467.0,07-Apr-26,Fundo,10,resgate,Telefone,Resolvido,"Experiencia ok, mas poderia ser mais simples",Fundos
467.0,2026-04-07 00:00:00,PRD_FND,10.0,0.0,14.3,0.0,467,Fundos,FD00852,C00467,2026-04-09,2026T2,Alta Renda,Fundos,App,2-5 anos,10,Consegui acompanhar minha carteira,467.0,07-Apr-26,Fundo,10,resgate,Telefone,Resolvido,"Experiencia ok, mas poderia ser mais simples",Fundos
467.0,2026-03-30 00:00:00,PRD_COE,10.0,0.0,1.0,1.0,467,COE,FD00644,C00467,2026-03-28,2026T1,Alta Renda,COE,App,2-5 anos,9,Boa experiencia no aplicativo,467.0,07-Apr-26,Fundo,10,resgate,Telefone,Resolvido,"Experiencia ok, mas poderia ser mais simples",Fundos
467.0,2026-03-30 00:00:00,PRD_COE,10.0,0.0,1.0,1.0,467,COE,FD00852,C00467,2026-04-09,2026T2,Alta Renda,Fundos,App,2-5 anos,10,Consegui acompanhar minha carteira,467.0,07-Apr-26,Fundo,10,resgate,Telefone,Resolvido,"Experiencia ok, mas poderia ser mais simples",Fundos
468.0,2025-12-02 00:00:00,PRD_CDB,7.0,0.0,20.2,1.0,468,CDB,FD00109,C00468,2025-09-26,2025T3,Varejo,Carteira Administrada,Assessoria,0-6 meses,10,,468.0,29/09/2025,Carteira Adm,10,acesso app,Chat,Resolvido,Demorou um pouco para encontrar informacoes,Carteira Administrada
468.0,2025-12-02 00:00:00,PRD_CDB,7.0,0.0,20.2,1.0,468,CDB,FD00109,C00468,2025-09-26,2025T3,Varejo,Carteira Administrada,Assessoria,0-6 meses,10,,468.0,26/04/2026,CDB,10,duvida rentabilidade,E-mail,Resolvido,Boa experiencia no aplicativo,CDB
468.0,2025-12-02 00:00:00,PRD_CDB,7.0,0.0,20.2,1.0,468,CDB,FD00336,C00468,2025-12-09,2025T4,Varejo,CDB,Central de Atendimento,0-6 meses,9,Assessoria ajudou na decisao,468.0,29/09/2025,Carteira Adm,10,acesso app,Chat,Resolvido,Demorou um pouco para encontrar informacoes,Carteira Administrada
468.0,2025-12-02 00:00:00,PRD_CDB,7.0,0.0,20.2,1.0,468,CDB,FD00336,C00468,2025-12-09,2025T4,Varejo,CDB,Central de Atendimento,0-6 meses,9,Assessoria ajudou na decisao,468.0,26/04/2026,CDB,10,duvida rentabilidade,E-mail,Resolvido,Boa experiencia no aplicativo,CDB
468.0,2025-12-02 00:00:00,PRD_CDB,7.0,0.0,20.2,1.0,468,CDB,FD00410,C00468,2025-12-17,2025T4,Varejo,Carteira Administrada,App,2-5 anos,10,Atendimento claro e rapido,468.0,29/09/2025,Carteira Adm,10,acesso app,Chat,Resolvido,Demorou um pouco para encontrar informacoes,Carteira Administrada
468.0,2025-12-02 00:00:00,PRD_CDB,7.0,0.0,20.2,1.0,468,CDB,FD00410,C00468,2025-12-17,2025T4,Varejo,Carteira Administrada,App,2-5 anos,10,Atendimento claro e rapido,468.0,26/04/2026,CDB,10,duvida rentabilidade,E-mail,Resolvido,Boa experiencia no aplicativo,CDB
468.0,2025-12-02 00:00:00,PRD_CDB,7.0,0.0,20.2,1.0,468,CDB,FD00975,C00468,2026-04-27,2026T2,Varejo,CDB,Internet Banking,5+ anos,10,Atendimento claro e rapido,468.0,29/09/2025,Carteira Adm,10,acesso app,Chat,Resolvido,Demorou um pouco para encontrar informacoes,Carteira Administrada
468.0,2025-12-02 00:00:00,PRD_CDB,7.0,0.0,20.2,1.0,468,CDB,FD00975,C00468,2026-04-27,2026T2,Varejo,CDB,Internet Banking,5+ anos,10,Atendimento claro e rapido,468.0,26/04/2026,CDB,10,duvida rentabilidade,E-mail,Resolvido,Boa experiencia no aplicativo,CDB
468.0,2026-04-19 00:00:00,PRD_CDB,3.0,0.0,1.0,0.0,468,CDB,FD00109,C00468,2025-09-26,2025T3,Varejo,Carteira Administrada,Assessoria,0-6 meses,10,,468.0,29/09/2025,Carteira Adm,10,acesso app,Chat,Resolvido,Demorou um pouco para encontrar informacoes,Carteira Administrada
468.0,2026-04-19 00:00:00,PRD_CDB,3.0,0.0,1.0,0.0,468,CDB,FD00109,C00468,2025-09-26,2025T3,Varejo,Carteira Administrada,Assessoria,0-6 meses,10,,468.0,26/04/2026,CDB,10,duvida rentabilidade,E-mail,Resolvido,Boa experiencia no aplicativo,CDB
468.0,2026-04-19 00:00:00,PRD_CDB,3.0,0.0,1.0,0.0,468,CDB,FD00336,C00468,2025-12-09,2025T4,Varejo,CDB,Central de Atendimento,0-6 meses,9,Assessoria ajudou na decisao,468.0,29/09/2025,Carteira Adm,10,acesso app,Chat,Resolvido,Demorou um pouco para encontrar informacoes,Carteira Administrada
468.0,2026-04-19 00:00:00,PRD_CDB,3.0,0.0,1.0,0.0,468,CDB,FD00336,C00468,2025-12-09,2025T4,Varejo,CDB,Central de Atendimento,0-6 meses,9,Assessoria ajudou na decisao,468.0,26/04/2026,CDB,10,duvida rentabilidade,E-mail,Resolvido,Boa experiencia no aplicativo,CDB
468.0,2026-04-19 00:00:00,PRD_CDB,3.0,0.0,1.0,0.0,468,CDB,FD00410,C00468,2025-12-17,2025T4,Varejo,Carteira Administrada,App,2-5 anos,10,Atendimento claro e rapido,468.0,29/09/2025,Carteira Adm,10,acesso app,Chat,Resolvido,Demorou um pouco para encontrar informacoes,Carteira Administrada
468.0,2026-04-19 00:00:00,PRD_CDB,3.0,0.0,1.0,0.0,468,CDB,FD00410,C00468,2025-12-17,2025T4,Varejo,Carteira Administrada,App,2-5 anos,10,Atendimento claro e rapido,468.0,26/04/2026,CDB,10,duvida rentabilidade,E-mail,Resolvido,Boa experiencia no aplicativo,CDB
468.0,2026-04-19 00:00:00,PRD_CDB,3.0,0.0,1.0,0.0,468,CDB,FD00975,C00468,2026-04-27,2026T2,Varejo,CDB,Internet Banking,5+ anos,10,Atendimento claro e rapido,468.0,29/09/2025,Carteira Adm,10,acesso app,Chat,Resolvido,Demorou um pouco para encontrar informacoes,Carteira Administrada
468.0,2026-04-19 00:00:00,PRD_CDB,3.0,0.0,1.0,0.0,468,CDB,FD00975,C00468,2026-04-27,2026T2,Varejo,CDB,Internet Banking,5+ anos,10,Atendimento claro e rapido,468.0,26/04/2026,CDB,10,duvida rentabilidade,E-mail,Resolvido,Boa experiencia no aplicativo,CDB
468.0,2025-12-16 00:00:00,PRD_CAR,10.0,0.0,29.7,0.0,468,Carteira Administrada,FD00109,C00468,2025-09-26,2025T3,Varejo,Carteira Administrada,Assessoria,0-6 meses,10,,468.0,29/09/2025,Carteira Adm,10,acesso app,Chat,Resolvido,Demorou um pouco para encontrar informacoes,Carteira Administrada
468.0,2025-12-16 00:00:00,PRD_CAR,10.0,0.0,29.7,0.0,468,Carteira Administrada,FD00109,C00468,2025-09-26,2025T3,Varejo,Carteira Administrada,Assessoria,0-6 meses,10,,468.0,26/04/2026,CDB,10,duvida rentabilidade,E-mail,Resolvido,Boa experiencia no aplicativo,CDB
468.0,2025-12-16 00:00:00,PRD_CAR,10.0,0.0,29.7,0.0,468,Carteira Administrada,FD00336,C00468,2025-12-09,2025T4,Varejo,CDB,Central de Atendimento,0-6 meses,9,Assessoria ajudou na decisao,468.0,29/09/2025,Carteira Adm,10,acesso app,Chat,Resolvido,Demorou um pouco para encontrar informacoes,Carteira Administrada
468.0,2025-12-16 00:00:00,PRD_CAR,10.0,0.0,29.7,0.0,468,Carteira Administrada,FD00336,C00468,2025-12-09,2025T4,Varejo,CDB,Central de Atendimento,0-6 meses,9,Assessoria ajudou na decisao,468.0,26/04/2026,CDB,10,duvida rentabilidade,E-mail,Resolvido,Boa experiencia no aplicativo,CDB
468.0,2025-12-16 00:00:00,PRD_CAR,10.0,0.0,29.7,0.0,468,Carteira Administrada,FD00410,C00468,2025-12-17,2025T4,Varejo,Carteira Administrada,App,2-5 anos,10,Atendimento claro e rapido,468.0,29/09/2025,Carteira Adm,10,acesso app,Chat,Resolvido,Demorou um pouco para encontrar informacoes,Carteira Administrada
468.0,2025-12-16 00:00:00,PRD_CAR,10.0,0.0,29.7,0.0,468,Carteira Administrada,FD00410,C00468,2025-12-17,2025T4,Varejo,Carteira Administrada,App,2-5 anos,10,Atendimento claro e rapido,468.0,26/04/2026,CDB,10,duvida rentabilidade,E-mail,Resolvido,Boa experiencia no aplicativo,CDB
468.0,2025-12-16 00:00:00,PRD_CAR,10.0,0.0,29.7,0.0,468,Carteira Administrada,FD00975,C00468,2026-04-27,2026T2,Varejo,CDB,Internet Banking,5+ anos,10,Atendimento claro e rapido,468.0,29/09/2025,Carteira Adm,10,acesso app,Chat,Resolvido,Demorou um pouco para encontrar informacoes,Carteira Administrada
468.0,2025-12-16 00:00:00,PRD_CAR,10.0,0.0,29.7,0.0,468,Carteira Administrada,FD00975,C00468,2026-04-27,2026T2,Varejo,CDB,Internet Banking,5+ anos,10,Atendimento claro e rapido,468.0,26/04/2026,CDB,10,duvida rentabilidade,E-mail,Resolvido,Boa experiencia no aplicativo,CDB
468.0,2025-09-22 00:00:00,PRD_CAR,6.0,0.0,23.4,0.0,468,Carteira Administrada,FD00109,C00468,2025-09-26,2025T3,Varejo,Carteira Administrada,Assessoria,0-6 meses,10,,468.0,29/09/2025,Carteira Adm,10,acesso app,Chat,Resolvido,Demorou um pouco para encontrar informacoes,Carteira Administrada
468.0,2025-09-22 00:00:00,PRD_CAR,6.0,0.0,23.4,0.0,468,Carteira Administrada,FD00109,C00468,2025-09-26,2025T3,Varejo,Carteira Administrada,Assessoria,0-6 meses,10,,468.0,26/04/2026,CDB,10,duvida rentabilidade,E-mail,Resolvido,Boa experiencia no aplicativo,CDB
468.0,2025-09-22 00:00:00,PRD_CAR,6.0,0.0,23.4,0.0,468,Carteira Administrada,FD00336,C00468,2025-12-09,2025T4,Varejo,CDB,Central de Atendimento,0-6 meses,9,Assessoria ajudou na decisao,468.0,29/09/2025,Carteira Adm,10,acesso app,Chat,Resolvido,Demorou um pouco para encontrar informacoes,Carteira Administrada
468.0,2025-09-22 00:00:00,PRD_CAR,6.0,0.0,23.4,0.0,468,Carteira Administrada,FD00336,C00468,2025-12-09,2025T4,Varejo,CDB,Central de Atendimento,0-6 meses,9,Assessoria ajudou na decisao,468.0,26/04/2026,CDB,10,duvida rentabilidade,E-mail,Resolvido,Boa experiencia no aplicativo,CDB
468.0,2025-09-22 00:00:00,PRD_CAR,6.0,0.0,23.4,0.0,468,Carteira Administrada,FD00410,C00468,2025-12-17,2025T4,Varejo,Carteira Administrada,App,2-5 anos,10,Atendimento claro e rapido,468.0,29/09/2025,Carteira Adm,10,acesso app,Chat,Resolvido,Demorou um pouco para encontrar informacoes,Carteira Administrada
468.0,2025-09-22 00:00:00,PRD_CAR,6.0,0.0,23.4,0.0,468,Carteira Administrada,FD00410,C00468,2025-12-17,2025T4,Varejo,Carteira Administrada,App,2-5 anos,10,Atendimento claro e rapido,468.0,26/04/2026,CDB,10,duvida rentabilidade,E-mail,Resolvido,Boa experiencia no aplicativo,CDB
468.0,2025-09-22 00:00:00,PRD_CAR,6.0,0.0,23.4,0.0,468,Carteira Administrada,FD00975,C00468,2026-04-27,2026T2,Varejo,CDB,Internet Banking,5+ anos,10,Atendimento claro e rapido,468.0,29/09/2025,Carteira Adm,10,acesso app,Chat,Resolvido,Demorou um pouco para encontrar informacoes,Carteira Administrada
468.0,2025-09-22 00:00:00,PRD_CAR,6.0,0.0,23.4,0.0,468,Carteira Administrada,FD00975,C00468,2026-04-27,2026T2,Varejo,CDB,Internet Banking,5+ anos,10,Atendimento claro e rapido,468.0,26/04/2026,CDB,10,duvida rentabilidade,E-mail,Resolvido,Boa experiencia no aplicativo,CDB
469.0,2026-06-14 00:00:00,PRD_TES,8.0,0.0,15.3,0.0,469,Tesouro Direto,FD00843,C00469,2026-04-07,2026T2,Private,CDB,App,0-6 meses,9,Atendimento claro e rapido,,,,,,,,,
469.0,2026-06-14 00:00:00,PRD_TES,8.0,0.0,15.3,0.0,469,Tesouro Direto,FD00949,C00469,2026-06-06,2026T2,Private,Tesouro Direto,App,2-5 anos,10,Assessoria ajudou na decisao,,,,,,,,,
469.0,2026-04-11 00:00:00,PRD_CDB,8.0,0.0,15.1,0.0,469,CDB,FD00843,C00469,2026-04-07,2026T2,Private,CDB,App,0-6 meses,9,Atendimento claro e rapido,,,,,,,,,
469.0,2026-04-11 00:00:00,PRD_CDB,8.0,0.0,15.1,0.0,469,CDB,FD00949,C00469,2026-06-06,2026T2,Private,Tesouro Direto,App,2-5 anos,10,Assessoria ajudou na decisao,,,,,,,,,
470.0,2025-08-17 00:00:00,PRD_CAR,15.0,0.0,42.5,0.0,470,Carteira Administrada,FD00040,C00470,2025-08-24,2025T3,Novo Investidor,Carteira Administrada,App,6-24 meses,6,Nao consegui falar com assessor,,,,,,,,,
470.0,2025-08-17 00:00:00,PRD_CAR,15.0,0.0,42.5,0.0,470,Carteira Administrada,FD00331,C00470,2025-12-04,2025T4,Novo Investidor,Tesouro Direto,Central de Atendimento,6-24 meses,10,Consegui acompanhar minha carteira,,,,,,,,,
470.0,2025-08-17 00:00:00,PRD_CAR,15.0,0.0,42.5,0.0,470,Carteira Administrada,FD00763,C00470,2026-06-11,2026T2,Novo Investidor,COE,App,2-5 anos,10,Informacoes estavam faceis de encontrar,,,,,,,,,
470.0,2025-11-24 00:00:00,PRD_TES,4.0,0.0,20.8,0.0,470,Tesouro Direto,FD00040,C00470,2025-08-24,2025T3,Novo Investidor,Carteira Administrada,App,6-24 meses,6,Nao consegui falar com assessor,,,,,,,,,
470.0,2025-11-24 00:00:00,PRD_TES,4.0,0.0,20.8,0.0,470,Tesouro Direto,FD00331,C00470,2025-12-04,2025T4,Novo Investidor,Tesouro Direto,Central de Atendimento,6-24 meses,10,Consegui acompanhar minha carteira,,,,,,,,,
470.0,2025-11-24 00:00:00,PRD_TES,4.0,0.0,20.8,0.0,470,Tesouro Direto,FD00763,C00470,2026-06-11,2026T2,Novo Investidor,COE,App,2-5 anos,10,Informacoes estavam faceis de encontrar,,,,,,,,,
470.0,2026-06-18 00:00:00,PRD_COE,11.0,0.0,11.9,0.0,470,COE,FD00040,C00470,2025-08-24,2025T3,Novo Investidor,Carteira Administrada,App,6-24 meses,6,Nao consegui falar com assessor,,,,,,,,,
470.0,2026-06-18 00:00:00,PRD_COE,11.0,0.0,11.9,0.0,470,COE,FD00331,C00470,2025-12-04,2025T4,Novo Investidor,Tesouro Direto,Central de Atendimento,6-24 meses,10,Consegui acompanhar minha carteira,,,,,,,,,
470.0,2026-06-18 00:00:00,PRD_COE,11.0,0.0,11.9,0.0,470,COE,FD00763,C00470,2026-06-11,2026T2,Novo Investidor,COE,App,2-5 anos,10,Informacoes estavam faceis de encontrar,,,,,,,,,
472.0,2026-06-23 00:00:00,PRD_CDB,5.0,0.0,27.0,0.0,472,CDB,FD00329,C00472,2025-10-28,2025T4,Novo Investidor,Carteira Administrada,Central de Atendimento,2-5 anos,10,Atendimento claro e rapido,472.0,30-Oct-25,Carteira Administrada,10,resgate,Telefone,Resolvido,,Carteira Administrada
472.0,2026-06-23 00:00:00,PRD_CDB,5.0,0.0,27.0,0.0,472,CDB,FD00784,C00472,2026-06-17,2026T2,Novo Investidor,CDB,App,2-5 anos,7,Aplicativo poderia explicar melhor,472.0,30-Oct-25,Carteira Administrada,10,resgate,Telefone,Resolvido,,Carteira Administrada
472.0,2025-10-19 00:00:00,PRD_CAR,3.0,0.0,39.1,0.0,472,Carteira Administrada,FD00329,C00472,2025-10-28,2025T4,Novo Investidor,Carteira Administrada,Central de Atendimento,2-5 anos,10,Atendimento claro e rapido,472.0,30-Oct-25,Carteira Administrada,10,resgate,Telefone,Resolvido,,Carteira Administrada
472.0,2025-10-19 00:00:00,PRD_CAR,3.0,0.0,39.1,0.0,472,Carteira Administrada,FD00784,C00472,2026-06-17,2026T2,Novo Investidor,CDB,App,2-5 anos,7,Aplicativo poderia explicar melhor,472.0,30-Oct-25,Carteira Administrada,10,resgate,Telefone,Resolvido,,Carteira Administrada
473.0,2026-03-01 00:00:00,PRD_CDB,3.0,0.0,8.5,0.0,473,CDB,FD00639,C00473,2026-02-28,2026T1,Private,CDB,Assessoria,5+ anos,9,Atendimento claro e rapido,,,,,,,,,
474.0,2026-03-26 00:00:00,PRD_TES,7.0,0.0,35.7,0.0,474,Tesouro Direto,FD00557,C00474,2026-03-30,2026T1,Novo Investidor,Tesouro Direto,App,6-24 meses,9,Atendimento claro e rapido,,,,,,,,,
475.0,2026-06-02 00:00:00,PRD_CAR,9.0,1.0,89.8,0.0,475,Carteira Administrada,FD00683,C00475,2026-01-11,2026T1,Alta Renda,CDB,App,5+ anos,10,Boa experiencia no aplicativo,,,,,,,,,
475.0,2026-06-02 00:00:00,PRD_CAR,9.0,1.0,89.8,0.0,475,Carteira Administrada,FD00885,C00475,2026-05-29,2026T2,Alta Renda,Carteira Administrada,App,5+ anos,9,Informacoes estavam faceis de encontrar,,,,,,,,,
475.0,2026-01-05 00:00:00,PRD_CDB,9.0,1.0,31.7,0.0,475,CDB,FD00683,C00475,2026-01-11,2026T1,Alta Renda,CDB,App,5+ anos,10,Boa experiencia no aplicativo,,,,,,,,,
475.0,2026-01-05 00:00:00,PRD_CDB,9.0,1.0,31.7,0.0,475,CDB,FD00885,C00475,2026-05-29,2026T2,Alta Renda,Carteira Administrada,App,5+ anos,9,Informacoes estavam faceis de encontrar,,,,,,,,,
476.0,2026-02-11 00:00:00,PRD_TES,5.0,0.0,4.8,0.0,476,Tesouro Direto,FD00608,C00476,2026-02-18,2026T1,Novo Investidor,Tesouro Direto,Assessoria,2-5 anos,6,Aplicativo travou durante consulta,,,,,,,,,
476.0,2026-02-11 00:00:00,PRD_TES,5.0,0.0,4.8,0.0,476,Tesouro Direto,FD00608,C00476,2026-02-18,2026T1,Novo Investidor,Tesouro Direto,Assessoria,2-5 anos,6,Aplicativo travou durante consulta,,,,,,,,,
478.0,2025-07-06 00:00:00,PRD_CDB,7.0,0.0,32.7,0.0,478,CDB,FD00226,C00478,2025-07-02,2025T3,Alta Renda,CDB,App,2-5 anos,9,Atendimento claro e rapido,,,,,,,,,
479.0,2026-04-02 00:00:00,PRD_CAR,4.0,0.0,47.6,1.0,479,Carteira Administrada,FD00489,C00479,2026-03-26,2026T1,Novo Investidor,Carteira Administrada,Central de Atendimento,6-24 meses,10,Consegui acompanhar minha carteira,479.0,03-29-2026,Carteira Adm,10,resgate,Chat,Resolvido,Nao entendi a cobranca,Carteira Administrada
479.0,2026-04-02 00:00:00,PRD_CAR,4.0,0.0,47.6,1.0,479,Carteira Administrada,FD00489,C00479,2026-03-26,2026T1,Novo Investidor,Carteira Administrada,Central de Atendimento,6-24 meses,10,Consegui acompanhar minha carteira,479.0,03-29-2026,Carteira Adm,10,resgate,Chat,Resolvido,Nao entendi a cobranca,Carteira Administrada
480.0,2025-08-02 00:00:00,PRD_TES,11.0,0.0,20.6,0.0,480,Tesouro Direto,FD00105,C00480,2025-07-24,2025T3,Alta Renda,Tesouro Direto,App,5+ anos,7,Tive duvida sobre rentabilidade,480.0,27-Jul-25,Tesouro,7,duvida rentabilidade,Telefone,Resolvido,Demora para resolver meu problema,Tesouro Direto
481.0,2026-04-26 00:00:00,PRD_CDB,6.0,0.0,12.7,0.0,481,CDB,FD00764,C00481,2026-04-25,2026T2,Varejo,CDB,App,2-5 anos,9,Assessoria ajudou na decisao,,,,,,,,,
482.0,2025-10-08 00:00:00,PRD_CAR,9.0,0.0,36.7,1.0,482,Carteira Administrada,FD00295,C00482,2025-10-13,2025T4,Varejo,Carteira Administrada,App,5+ anos,4,Nao ficou claro o risco do produto,,,,,,,,,
483.0,2026-03-01 00:00:00,PRD_TES,8.0,1.0,30.2,0.0,483,Tesouro Direto,FD00475,C00483,2026-03-01,2026T1,Alta Renda,Tesouro Direto,Internet Banking,5+ anos,9,Consegui acompanhar minha carteira,,,,,,,,,
484.0,2026-02-26 00:00:00,PRD_FND,5.0,0.0,36.6,0.0,484,Fundos,FD00391,C00484,2025-11-09,2025T4,Varejo,Tesouro Direto,Assessoria,6-24 meses,10,Informacoes estavam faceis de encontrar,484.0,2025-11-06,tesouro direto,10,reclamacao atendimento,Chat,Pendente,Nao entendi a cobranca,Tesouro Direto
484.0,2026-02-26 00:00:00,PRD_FND,5.0,0.0,36.6,0.0,484,Fundos,FD00391,C00484,2025-11-09,2025T4,Varejo,Tesouro Direto,Assessoria,6-24 meses,10,Informacoes estavam faceis de encontrar,484.0,06-May-26,Tesouro,9,reclamacao atendimento,Chat,Resolvido,Boa experiencia no aplicativo,Tesouro Direto
484.0,2026-02-26 00:00:00,PRD_FND,5.0,0.0,36.6,0.0,484,Fundos,FD00606,C00484,2026-02-27,2026T1,Varejo,Fundos,Internet Banking,0-6 meses,10,Boa experiencia no aplicativo,484.0,2025-11-06,tesouro direto,10,reclamacao atendimento,Chat,Pendente,Nao entendi a cobranca,Tesouro Direto
484.0,2026-02-26 00:00:00,PRD_FND,5.0,0.0,36.6,0.0,484,Fundos,FD00606,C00484,2026-02-27,2026T1,Varejo,Fundos,Internet Banking,0-6 meses,10,Boa experiencia no aplicativo,484.0,06-May-26,Tesouro,9,reclamacao atendimento,Chat,Resolvido,Boa experiencia no aplicativo,Tesouro Direto
484.0,2026-02-26 00:00:00,PRD_FND,5.0,0.0,36.6,0.0,484,Fundos,FD00635,C00484,2026-01-31,2026T1,Varejo,Carteira Administrada,App,6-24 meses,9,,484.0,2025-11-06,tesouro direto,10,reclamacao atendimento,Chat,Pendente,Nao entendi a cobranca,Tesouro Direto
484.0,2026-02-26 00:00:00,PRD_FND,5.0,0.0,36.6,0.0,484,Fundos,FD00635,C00484,2026-01-31,2026T1,Varejo,Carteira Administrada,App,6-24 meses,9,,484.0,06-May-26,Tesouro,9,reclamacao atendimento,Chat,Resolvido,Boa experiencia no aplicativo,Tesouro Direto
484.0,2026-02-26 00:00:00,PRD_FND,5.0,0.0,36.6,0.0,484,Fundos,FD00981,C00484,2026-05-09,2026T2,Varejo,Tesouro Direto,App,2-5 anos,9,Boa experiencia no aplicativo,484.0,2025-11-06,tesouro direto,10,reclamacao atendimento,Chat,Pendente,Nao entendi a cobranca,Tesouro Direto
484.0,2026-02-26 00:00:00,PRD_FND,5.0,0.0,36.6,0.0,484,Fundos,FD00981,C00484,2026-05-09,2026T2,Varejo,Tesouro Direto,App,2-5 anos,9,Boa experiencia no aplicativo,484.0,06-May-26,Tesouro,9,reclamacao atendimento,Chat,Resolvido,Boa experiencia no aplicativo,Tesouro Direto
484.0,2026-01-28 00:00:00,PRD_CAR,10.0,0.0,13.7,0.0,484,Carteira Administrada,FD00391,C00484,2025-11-09,2025T4,Varejo,Tesouro Direto,Assessoria,6-24 meses,10,Informacoes estavam faceis de encontrar,484.0,2025-11-06,tesouro direto,10,reclamacao atendimento,Chat,Pendente,Nao entendi a cobranca,Tesouro Direto
484.0,2026-01-28 00:00:00,PRD_CAR,10.0,0.0,13.7,0.0,484,Carteira Administrada,FD00391,C00484,2025-11-09,2025T4,Varejo,Tesouro Direto,Assessoria,6-24 meses,10,Informacoes estavam faceis de encontrar,484.0,06-May-26,Tesouro,9,reclamacao atendimento,Chat,Resolvido,Boa experiencia no aplicativo,Tesouro Direto
484.0,2026-01-28 00:00:00,PRD_CAR,10.0,0.0,13.7,0.0,484,Carteira Administrada,FD00606,C00484,2026-02-27,2026T1,Varejo,Fundos,Internet Banking,0-6 meses,10,Boa experiencia no aplicativo,484.0,2025-11-06,tesouro direto,10,reclamacao atendimento,Chat,Pendente,Nao entendi a cobranca,Tesouro Direto
484.0,2026-01-28 00:00:00,PRD_CAR,10.0,0.0,13.7,0.0,484,Carteira Administrada,FD00606,C00484,2026-02-27,2026T1,Varejo,Fundos,Internet Banking,0-6 meses,10,Boa experiencia no aplicativo,484.0,06-May-26,Tesouro,9,reclamacao atendimento,Chat,Resolvido,Boa experiencia no aplicativo,Tesouro Direto
484.0,2026-01-28 00:00:00,PRD_CAR,10.0,0.0,13.7,0.0,484,Carteira Administrada,FD00635,C00484,2026-01-31,2026T1,Varejo,Carteira Administrada,App,6-24 meses,9,,484.0,2025-11-06,tesouro direto,10,reclamacao atendimento,Chat,Pendente,Nao entendi a cobranca,Tesouro Direto
484.0,2026-01-28 00:00:00,PRD_CAR,10.0,0.0,13.7,0.0,484,Carteira Administrada,FD00635,C00484,2026-01-31,2026T1,Varejo,Carteira Administrada,App,6-24 meses,9,,484.0,06-May-26,Tesouro,9,reclamacao atendimento,Chat,Resolvido,Boa experiencia no aplicativo,Tesouro Direto
484.0,2026-01-28 00:00:00,PRD_CAR,10.0,0.0,13.7,0.0,484,Carteira Administrada,FD00981,C00484,2026-05-09,2026T2,Varejo,Tesouro Direto,App,2-5 anos,9,Boa experiencia no aplicativo,484.0,2025-11-06,tesouro direto,10,reclamacao atendimento,Chat,Pendente,Nao entendi a cobranca,Tesouro Direto
484.0,2026-01-28 00:00:00,PRD_CAR,10.0,0.0,13.7,0.0,484,Carteira Administrada,FD00981,C00484,2026-05-09,2026T2,Varejo,Tesouro Direto,App,2-5 anos,9,Boa experiencia no aplicativo,484.0,06-May-26,Tesouro,9,reclamacao atendimento,Chat,Resolvido,Boa experiencia no aplicativo,Tesouro Direto
484.0,2026-05-01 00:00:00,PRD_TES,14.0,0.0,15.3,0.0,484,Tesouro Direto,FD00391,C00484,2025-11-09,2025T4,Varejo,Tesouro Direto,Assessoria,6-24 meses,10,Informacoes estavam faceis de encontrar,484.0,2025-11-06,tesouro direto,10,reclamacao atendimento,Chat,Pendente,Nao entendi a cobranca,Tesouro Direto
484.0,2026-05-01 00:00:00,PRD_TES,14.0,0.0,15.3,0.0,484,Tesouro Direto,FD00391,C00484,2025-11-09,2025T4,Varejo,Tesouro Direto,Assessoria,6-24 meses,10,Informacoes estavam faceis de encontrar,484.0,06-May-26,Tesouro,9,reclamacao atendimento,Chat,Resolvido,Boa experiencia no aplicativo,Tesouro Direto
484.0,2026-05-01 00:00:00,PRD_TES,14.0,0.0,15.3,0.0,484,Tesouro Direto,FD00606,C00484,2026-02-27,2026T1,Varejo,Fundos,Internet Banking,0-6 meses,10,Boa experiencia no aplicativo,484.0,2025-11-06,tesouro direto,10,reclamacao atendimento,Chat,Pendente,Nao entendi a cobranca,Tesouro Direto
484.0,2026-05-01 00:00:00,PRD_TES,14.0,0.0,15.3,0.0,484,Tesouro Direto,FD00606,C00484,2026-02-27,2026T1,Varejo,Fundos,Internet Banking,0-6 meses,10,Boa experiencia no aplicativo,484.0,06-May-26,Tesouro,9,reclamacao atendimento,Chat,Resolvido,Boa experiencia no aplicativo,Tesouro Direto
484.0,2026-05-01 00:00:00,PRD_TES,14.0,0.0,15.3,0.0,484,Tesouro Direto,FD00635,C00484,2026-01-31,2026T1,Varejo,Carteira Administrada,App,6-24 meses,9,,484.0,2025-11-06,tesouro direto,10,reclamacao atendimento,Chat,Pendente,Nao entendi a cobranca,Tesouro Direto
484.0,2026-05-01 00:00:00,PRD_TES,14.0,0.0,15.3,0.0,484,Tesouro Direto,FD00635,C00484,2026-01-31,2026T1,Varejo,Carteira Administrada,App,6-24 meses,9,,484.0,06-May-26,Tesouro,9,reclamacao atendimento,Chat,Resolvido,Boa experiencia no aplicativo,Tesouro Direto
484.0,2026-05-01 00:00:00,PRD_TES,14.0,0.0,15.3,0.0,484,Tesouro Direto,FD00981,C00484,2026-05-09,2026T2,Varejo,Tesouro Direto,App,2-5 anos,9,Boa experiencia no aplicativo,484.0,2025-11-06,tesouro direto,10,reclamacao atendimento,Chat,Pendente,Nao entendi a cobranca,Tesouro Direto
484.0,2026-05-01 00:00:00,PRD_TES,14.0,0.0,15.3,0.0,484,Tesouro Direto,FD00981,C00484,2026-05-09,2026T2,Varejo,Tesouro Direto,App,2-5 anos,9,Boa experiencia no aplicativo,484.0,06-May-26,Tesouro,9,reclamacao atendimento,Chat,Resolvido,Boa experiencia no aplicativo,Tesouro Direto
484.0,2025-11-12 00:00:00,PRD_TES,6.0,1.0,28.5,0.0,484,Tesouro Direto,FD00391,C00484,2025-11-09,2025T4,Varejo,Tesouro Direto,Assessoria,6-24 meses,10,Informacoes estavam faceis de encontrar,484.0,2025-11-06,tesouro direto,10,reclamacao atendimento,Chat,Pendente,Nao entendi a cobranca,Tesouro Direto
484.0,2025-11-12 00:00:00,PRD_TES,6.0,1.0,28.5,0.0,484,Tesouro Direto,FD00391,C00484,2025-11-09,2025T4,Varejo,Tesouro Direto,Assessoria,6-24 meses,10,Informacoes estavam faceis de encontrar,484.0,06-May-26,Tesouro,9,reclamacao atendimento,Chat,Resolvido,Boa experiencia no aplicativo,Tesouro Direto
484.0,2025-11-12 00:00:00,PRD_TES,6.0,1.0,28.5,0.0,484,Tesouro Direto,FD00606,C00484,2026-02-27,2026T1,Varejo,Fundos,Internet Banking,0-6 meses,10,Boa experiencia no aplicativo,484.0,2025-11-06,tesouro direto,10,reclamacao atendimento,Chat,Pendente,Nao entendi a cobranca,Tesouro Direto
484.0,2025-11-12 00:00:00,PRD_TES,6.0,1.0,28.5,0.0,484,Tesouro Direto,FD00606,C00484,2026-02-27,2026T1,Varejo,Fundos,Internet Banking,0-6 meses,10,Boa experiencia no aplicativo,484.0,06-May-26,Tesouro,9,reclamacao atendimento,Chat,Resolvido,Boa experiencia no aplicativo,Tesouro Direto
484.0,2025-11-12 00:00:00,PRD_TES,6.0,1.0,28.5,0.0,484,Tesouro Direto,FD00635,C00484,2026-01-31,2026T1,Varejo,Carteira Administrada,App,6-24 meses,9,,484.0,2025-11-06,tesouro direto,10,reclamacao atendimento,Chat,Pendente,Nao entendi a cobranca,Tesouro Direto
484.0,2025-11-12 00:00:00,PRD_TES,6.0,1.0,28.5,0.0,484,Tesouro Direto,FD00635,C00484,2026-01-31,2026T1,Varejo,Carteira Administrada,App,6-24 meses,9,,484.0,06-May-26,Tesouro,9,reclamacao atendimento,Chat,Resolvido,Boa experiencia no aplicativo,Tesouro Direto
484.0,2025-11-12 00:00:00,PRD_TES,6.0,1.0,28.5,0.0,484,Tesouro Direto,FD00981,C00484,2026-05-09,2026T2,Varejo,Tesouro Direto,App,2-5 anos,9,Boa experiencia no aplicativo,484.0,2025-11-06,tesouro direto,10,reclamacao atendimento,Chat,Pendente,Nao entendi a cobranca,Tesouro Direto
484.0,2025-11-12 00:00:00,PRD_TES,6.0,1.0,28.5,0.0,484,Tesouro Direto,FD00981,C00484,2026-05-09,2026T2,Varejo,Tesouro Direto,App,2-5 anos,9,Boa experiencia no aplicativo,484.0,06-May-26,Tesouro,9,reclamacao atendimento,Chat,Resolvido,Boa experiencia no aplicativo,Tesouro Direto
,,,,,,,485,,FD00339,C00485,2025-11-03,2025T4,Varejo,Tesouro Direto,Internet Banking,2-5 anos,10,Boa experiencia no aplicativo,485.0,2025-11-02,tesouro direto,10,duvida rentabilidade,Telefone,Pendente,,Tesouro Direto
486.0,2025-10-03 00:00:00,PRD_TES,6.0,0.0,25.8,0.0,486,Tesouro Direto,FD00346,C00486,2025-10-01,2025T4,Novo Investidor,Tesouro Direto,Internet Banking,6-24 meses,10,Consegui acompanhar minha carteira,,,,,,,,,
486.0,2025-10-03 00:00:00,PRD_TES,6.0,0.0,25.8,0.0,486,Tesouro Direto,FD00772,C00486,2026-05-02,2026T2,Novo Investidor,CDB,Central de Atendimento,5+ anos,10,Atendimento claro e rapido,,,,,,,,,
486.0,2026-04-27 00:00:00,PRD_CDB,4.0,0.0,9.3,0.0,486,CDB,FD00346,C00486,2025-10-01,2025T4,Novo Investidor,Tesouro Direto,Internet Banking,6-24 meses,10,Consegui acompanhar minha carteira,,,,,,,,,
486.0,2026-04-27 00:00:00,PRD_CDB,4.0,0.0,9.3,0.0,486,CDB,FD00772,C00486,2026-05-02,2026T2,Novo Investidor,CDB,Central de Atendimento,5+ anos,10,Atendimento claro e rapido,,,,,,,,,
488.0,2025-11-16 00:00:00,PRD_CAR,5.0,0.0,31.6,1.0,488,Carteira Administrada,FD00280,C00488,2025-11-19,2025T4,Alta Renda,Carteira Administrada,Internet Banking,2-5 anos,9,Assessoria ajudou na decisao,488.0,24/10/2025,CDB,10,extrato,Telefone,Resolvido,Demorou um pouco para encontrar informacoes,CDB
488.0,2025-11-16 00:00:00,PRD_CAR,5.0,0.0,31.6,1.0,488,Carteira Administrada,FD00352,C00488,2025-10-24,2025T4,Alta Renda,CDB,Assessoria,6-24 meses,10,Consegui acompanhar minha carteira,488.0,24/10/2025,CDB,10,extrato,Telefone,Resolvido,Demorou um pouco para encontrar informacoes,CDB
488.0,2025-11-03 00:00:00,PRD_CDB,5.0,0.0,17.5,0.0,488,CDB,FD00280,C00488,2025-11-19,2025T4,Alta Renda,Carteira Administrada,Internet Banking,2-5 anos,9,Assessoria ajudou na decisao,488.0,24/10/2025,CDB,10,extrato,Telefone,Resolvido,Demorou um pouco para encontrar informacoes,CDB
488.0,2025-11-03 00:00:00,PRD_CDB,5.0,0.0,17.5,0.0,488,CDB,FD00352,C00488,2025-10-24,2025T4,Alta Renda,CDB,Assessoria,6-24 meses,10,Consegui acompanhar minha carteira,488.0,24/10/2025,CDB,10,extrato,Telefone,Resolvido,Demorou um pouco para encontrar informacoes,CDB
489.0,2026-06-10 00:00:00,PRD_TES,11.0,0.0,38.8,0.0,489,Tesouro Direto,FD00752,C00489,2026-05-05,2026T2,Novo Investidor,CDB,Assessoria,2-5 anos,8,"Experiencia ok, mas poderia ser mais simples",,,,,,,,,
489.0,2026-06-10 00:00:00,PRD_TES,11.0,0.0,38.8,0.0,489,Tesouro Direto,FD00875,C00489,2026-06-03,2026T2,Novo Investidor,Tesouro Direto,App,5+ anos,9,Informacoes estavam faceis de encontrar,,,,,,,,,
489.0,2026-05-11 00:00:00,PRD_CDB,13.0,0.0,25.9,0.0,489,CDB,FD00752,C00489,2026-05-05,2026T2,Novo Investidor,CDB,Assessoria,2-5 anos,8,"Experiencia ok, mas poderia ser mais simples",,,,,,,,,
489.0,2026-05-11 00:00:00,PRD_CDB,13.0,0.0,25.9,0.0,489,CDB,FD00875,C00489,2026-06-03,2026T2,Novo Investidor,Tesouro Direto,App,5+ anos,9,Informacoes estavam faceis de encontrar,,,,,,,,,
490.0,2025-11-22 00:00:00,PRD_CAR,9.0,0.0,42.5,0.0,490,Carteira Administrada,FD00457,C00490,2025-11-29,2025T4,Novo Investidor,Carteira Administrada,Assessoria,2-5 anos,10,,,,,,,,,,
490.0,2025-11-22 00:00:00,PRD_CAR,9.0,0.0,42.5,0.0,490,Carteira Administrada,FD00457,C00490,2025-11-29,2025T4,Novo Investidor,Carteira Administrada,Assessoria,2-5 anos,10,,,,,,,,,,
491.0,2026-01-22 00:00:00,PRD_FND,11.0,0.0,13.2,0.0,491,Fundos,FD00519,C00491,2026-01-18,2026T1,Alta Renda,Fundos,App,0-6 meses,9,Assessoria ajudou na decisao,,,,,,,,,
491.0,2026-01-22 00:00:00,PRD_FND,11.0,0.0,13.2,0.0,491,Fundos,FDX00000,C00491,2026-01-19,2026T1,Alta Renda,Fundos,App,0-6 meses,9,Assessoria ajudou na decisao,,,,,,,,,
492.0,2026-05-19 00:00:00,PRD_FND,2.0,0.0,15.9,0.0,492,Fundos,FD00392,C00492,2025-10-11,2025T4,Varejo,COE,App,2-5 anos,7,Demorou um pouco para encontrar informacoes,,,,,,,,,
492.0,2026-05-19 00:00:00,PRD_FND,2.0,0.0,15.9,0.0,492,Fundos,FD00416,C00492,2025-12-18,2025T4,Varejo,Carteira Administrada,App,0-6 meses,9,Informacoes estavam faceis de encontrar,,,,,,,,,
492.0,2026-05-19 00:00:00,PRD_FND,2.0,0.0,15.9,0.0,492,Fundos,FD00628,C00492,2026-03-28,2026T1,Varejo,CDB,App,2-5 anos,3,Nao entendi a cobranca,,,,,,,,,
492.0,2026-05-19 00:00:00,PRD_FND,2.0,0.0,15.9,0.0,492,Fundos,FD00778,C00492,2026-05-21,2026T2,Varejo,Fundos,Central de Atendimento,2-5 anos,5,Aplicativo travou durante consulta,,,,,,,,,
492.0,2025-12-18 00:00:00,PRD_CAR,7.0,2.0,61.4,0.0,492,Carteira Administrada,FD00392,C00492,2025-10-11,2025T4,Varejo,COE,App,2-5 anos,7,Demorou um pouco para encontrar informacoes,,,,,,,,,
492.0,2025-12-18 00:00:00,PRD_CAR,7.0,2.0,61.4,0.0,492,Carteira Administrada,FD00416,C00492,2025-12-18,2025T4,Varejo,Carteira Administrada,App,0-6 meses,9,Informacoes estavam faceis de encontrar,,,,,,,,,
492.0,2025-12-18 00:00:00,PRD_CAR,7.0,2.0,61.4,0.0,492,Carteira Administrada,FD00628,C00492,2026-03-28,2026T1,Varejo,CDB,App,2-5 anos,3,Nao entendi a cobranca,,,,,,,,,
492.0,2025-12-18 00:00:00,PRD_CAR,7.0,2.0,61.4,0.0,492,Carteira Administrada,FD00778,C00492,2026-05-21,2026T2,Varejo,Fundos,Central de Atendimento,2-5 anos,5,Aplicativo travou durante consulta,,,,,,,,,
492.0,2026-03-20 00:00:00,PRD_CDB,10.0,0.0,18.5,1.0,492,CDB,FD00392,C00492,2025-10-11,2025T4,Varejo,COE,App,2-5 anos,7,Demorou um pouco para encontrar informacoes,,,,,,,,,
492.0,2026-03-20 00:00:00,PRD_CDB,10.0,0.0,18.5,1.0,492,CDB,FD00416,C00492,2025-12-18,2025T4,Varejo,Carteira Administrada,App,0-6 meses,9,Informacoes estavam faceis de encontrar,,,,,,,,,
492.0,2026-03-20 00:00:00,PRD_CDB,10.0,0.0,18.5,1.0,492,CDB,FD00628,C00492,2026-03-28,2026T1,Varejo,CDB,App,2-5 anos,3,Nao entendi a cobranca,,,,,,,,,
492.0,2026-03-20 00:00:00,PRD_CDB,10.0,0.0,18.5,1.0,492,CDB,FD00778,C00492,2026-05-21,2026T2,Varejo,Fundos,Central de Atendimento,2-5 anos,5,Aplicativo travou durante consulta,,,,,,,,,
492.0,2025-10-18 00:00:00,PRD_COE,4.0,0.0,24.5,0.0,492,COE,FD00392,C00492,2025-10-11,2025T4,Varejo,COE,App,2-5 anos,7,Demorou um pouco para encontrar informacoes,,,,,,,,,
492.0,2025-10-18 00:00:00,PRD_COE,4.0,0.0,24.5,0.0,492,COE,FD00416,C00492,2025-12-18,2025T4,Varejo,Carteira Administrada,App,0-6 meses,9,Informacoes estavam faceis de encontrar,,,,,,,,,
492.0,2025-10-18 00:00:00,PRD_COE,4.0,0.0,24.5,0.0,492,COE,FD00628,C00492,2026-03-28,2026T1,Varejo,CDB,App,2-5 anos,3,Nao entendi a cobranca,,,,,,,,,
492.0,2025-10-18 00:00:00,PRD_COE,4.0,0.0,24.5,0.0,492,COE,FD00778,C00492,2026-05-21,2026T2,Varejo,Fundos,Central de Atendimento,2-5 anos,5,Aplicativo travou durante consulta,,,,,,,,,
493.0,2026-01-15 00:00:00,PRD_FND,10.0,0.0,18.3,0.0,493,Fundos,FD00067,C00493,2025-08-13,2025T3,Private,CDB,Central de Atendimento,5+ anos,9,Consegui acompanhar minha carteira,493.0,05/11/2025,TESOURO DIRETO,9,duvida rentabilidade,Telefone,Reaberto,Atendimento claro e rapido,Tesouro Direto
493.0,2026-01-15 00:00:00,PRD_FND,10.0,0.0,18.3,0.0,493,Fundos,FD00231,C00493,2025-11-08,2025T4,Private,Tesouro Direto,App,2-5 anos,10,Boa experiencia no aplicativo,493.0,05/11/2025,TESOURO DIRETO,9,duvida rentabilidade,Telefone,Reaberto,Atendimento claro e rapido,Tesouro Direto
493.0,2026-01-15 00:00:00,PRD_FND,10.0,0.0,18.3,0.0,493,Fundos,FD00602,C00493,2026-01-11,2026T1,Private,Fundos,App,6-24 meses,9,Boa experiencia no aplicativo,493.0,05/11/2025,TESOURO DIRETO,9,duvida rentabilidade,Telefone,Reaberto,Atendimento claro e rapido,Tesouro Direto
493.0,2025-08-07 00:00:00,PRD_CDB,3.0,0.0,11.1,0.0,493,CDB,FD00067,C00493,2025-08-13,2025T3,Private,CDB,Central de Atendimento,5+ anos,9,Consegui acompanhar minha carteira,493.0,05/11/2025,TESOURO DIRETO,9,duvida rentabilidade,Telefone,Reaberto,Atendimento claro e rapido,Tesouro Direto
493.0,2025-08-07 00:00:00,PRD_CDB,3.0,0.0,11.1,0.0,493,CDB,FD00231,C00493,2025-11-08,2025T4,Private,Tesouro Direto,App,2-5 anos,10,Boa experiencia no aplicativo,493.0,05/11/2025,TESOURO DIRETO,9,duvida rentabilidade,Telefone,Reaberto,Atendimento claro e rapido,Tesouro Direto
493.0,2025-08-07 00:00:00,PRD_CDB,3.0,0.0,11.1,0.0,493,CDB,FD00602,C00493,2026-01-11,2026T1,Private,Fundos,App,6-24 meses,9,Boa experiencia no aplicativo,493.0,05/11/2025,TESOURO DIRETO,9,duvida rentabilidade,Telefone,Reaberto,Atendimento claro e rapido,Tesouro Direto
493.0,2025-11-07 00:00:00,PRD_TES,7.0,0.0,22.4,0.0,493,Tesouro Direto,FD00067,C00493,2025-08-13,2025T3,Private,CDB,Central de Atendimento,5+ anos,9,Consegui acompanhar minha carteira,493.0,05/11/2025,TESOURO DIRETO,9,duvida rentabilidade,Telefone,Reaberto,Atendimento claro e rapido,Tesouro Direto
493.0,2025-11-07 00:00:00,PRD_TES,7.0,0.0,22.4,0.0,493,Tesouro Direto,FD00231,C00493,2025-11-08,2025T4,Private,Tesouro Direto,App,2-5 anos,10,Boa experiencia no aplicativo,493.0,05/11/2025,TESOURO DIRETO,9,duvida rentabilidade,Telefone,Reaberto,Atendimento claro e rapido,Tesouro Direto
493.0,2025-11-07 00:00:00,PRD_TES,7.0,0.0,22.4,0.0,493,Tesouro Direto,FD00602,C00493,2026-01-11,2026T1,Private,Fundos,App,6-24 meses,9,Boa experiencia no aplicativo,493.0,05/11/2025,TESOURO DIRETO,9,duvida rentabilidade,Telefone,Reaberto,Atendimento claro e rapido,Tesouro Direto
494.0,2026-02-02 00:00:00,PRD_CAR,8.0,1.0,40.6,0.0,494,Carteira Administrada,FD00528,C00494,2026-02-12,2026T1,Private,Carteira Administrada,App,5+ anos,10,Atendimento claro e rapido,,,,,,,,,
495.0,2026-03-20 00:00:00,PRD_FND,6.0,0.0,1.3,0.0,495,Fundos,FD00658,C00495,2026-03-13,2026T1,Alta Renda,Tesouro Direto,Internet Banking,2-5 anos,10,Consegui acompanhar minha carteira,,,,,,,,,
495.0,2026-03-20 00:00:00,PRD_FND,6.0,0.0,1.3,0.0,495,Fundos,FD00702,C00495,2026-03-29,2026T1,Alta Renda,Fundos,App,0-6 meses,9,Boa experiencia no aplicativo,,,,,,,,,
495.0,2026-03-12 00:00:00,PRD_TES,7.0,0.0,17.8,0.0,495,Tesouro Direto,FD00658,C00495,2026-03-13,2026T1,Alta Renda,Tesouro Direto,Internet Banking,2-5 anos,10,Consegui acompanhar minha carteira,,,,,,,,,
495.0,2026-03-12 00:00:00,PRD_TES,7.0,0.0,17.8,0.0,495,Tesouro Direto,FD00702,C00495,2026-03-29,2026T1,Alta Renda,Fundos,App,0-6 meses,9,Boa experiencia no aplicativo,,,,,,,,,
496.0,2026-05-02 00:00:00,PRD_CDB,8.0,0.0,4.3,0.0,496,CDB,FD00086,C00496,2025-09-14,2025T3,Alta Renda,Tesouro Direto,App,0-6 meses,9,Boa experiencia no aplicativo,,,,,,,,,
496.0,2026-05-02 00:00:00,PRD_CDB,8.0,0.0,4.3,0.0,496,CDB,FD00993,C00496,2026-04-27,2026T2,Alta Renda,CDB,App,2-5 anos,10,Atendimento claro e rapido,,,,,,,,,
496.0,2025-09-15 00:00:00,PRD_TES,9.0,0.0,18.0,0.0,496,Tesouro Direto,FD00086,C00496,2025-09-14,2025T3,Alta Renda,Tesouro Direto,App,0-6 meses,9,Boa experiencia no aplicativo,,,,,,,,,
496.0,2025-09-15 00:00:00,PRD_TES,9.0,0.0,18.0,0.0,496,Tesouro Direto,FD00993,C00496,2026-04-27,2026T2,Alta Renda,CDB,App,2-5 anos,10,Atendimento claro e rapido,,,,,,,,,
498.0,2026-01-31 00:00:00,PRD_CDB,4.0,0.0,23.4,0.0,498,CDB,FD00550,C00498,2026-01-26,2026T1,Private,CDB,Internet Banking,6-24 meses,9,Boa experiencia no aplicativo,498.0,2026-01-24,cdb,8,explicacao risco,Telefone,Reaberto,"Experiencia ok, mas poderia ser mais simples",CDB
498.0,2026-01-31 00:00:00,PRD_CDB,4.0,0.0,23.4,0.0,498,CDB,FD00884,C00498,2026-04-30,2026T2,Private,Carteira Administrada,App,5+ anos,10,Informacoes estavam faceis de encontrar,498.0,2026-01-24,cdb,8,explicacao risco,Telefone,Reaberto,"Experiencia ok, mas poderia ser mais simples",CDB
498.0,2026-04-23 00:00:00,PRD_CAR,5.0,1.0,86.7,0.0,498,Carteira Administrada,FD00550,C00498,2026-01-26,2026T1,Private,CDB,Internet Banking,6-24 meses,9,Boa experiencia no aplicativo,498.0,2026-01-24,cdb,8,explicacao risco,Telefone,Reaberto,"Experiencia ok, mas poderia ser mais simples",CDB
498.0,2026-04-23 00:00:00,PRD_CAR,5.0,1.0,86.7,0.0,498,Carteira Administrada,FD00884,C00498,2026-04-30,2026T2,Private,Carteira Administrada,App,5+ anos,10,Informacoes estavam faceis de encontrar,498.0,2026-01-24,cdb,8,explicacao risco,Telefone,Reaberto,"Experiencia ok, mas poderia ser mais simples",CDB
499.0,2026-06-18 00:00:00,PRD_CAR,8.0,0.0,69.9,0.0,499,Carteira Administrada,FD00753,C00499,2026-06-21,2026T2,Novo Investidor,Carteira Administrada,App,0-6 meses,9,Informacoes estavam faceis de encontrar,,,,,,,,,
500.0,2025-07-22 00:00:00,PRD_TES,4.0,0.0,24.8,0.0,500,Tesouro Direto,FD00120,C00500,2025-07-20,2025T3,Novo Investidor,Tesouro Direto,Assessoria,2-5 anos,8,"Atendimento resolveu, mas demorou",500.0,22-Jul-25,tesouro direto,7,explicacao risco,Chat,Resolvido,Assessoria ajudou na decisao,Tesouro Direto
500.0,2025-07-22 00:00:00,PRD_TES,4.0,0.0,24.8,0.0,500,Tesouro Direto,FD00388,C00500,2025-12-16,2025T4,Novo Investidor,Carteira Administrada,Assessoria,2-5 anos,8,Tive duvida sobre rentabilidade,500.0,22-Jul-25,tesouro direto,7,explicacao risco,Chat,Resolvido,Assessoria ajudou na decisao,Tesouro Direto
500.0,2025-07-22 00:00:00,PRD_TES,4.0,0.0,24.8,0.0,500,Tesouro Direto,FD00526,C00500,2026-01-26,2026T1,Novo Investidor,Fundos,Assessoria,2-5 anos,10,Assessoria ajudou na decisao,500.0,22-Jul-25,tesouro direto,7,explicacao risco,Chat,Resolvido,Assessoria ajudou na decisao,Tesouro Direto
500.0,2025-12-09 00:00:00,PRD_CAR,3.0,0.0,49.0,0.0,500,Carteira Administrada,FD00120,C00500,2025-07-20,2025T3,Novo Investidor,Tesouro Direto,Assessoria,2-5 anos,8,"Atendimento resolveu, mas demorou",500.0,22-Jul-25,tesouro direto,7,explicacao risco,Chat,Resolvido,Assessoria ajudou na decisao,Tesouro Direto
500.0,2025-12-09 00:00:00,PRD_CAR,3.0,0.0,49.0,0.0,500,Carteira Administrada,FD00388,C00500,2025-12-16,2025T4,Novo Investidor,Carteira Administrada,Assessoria,2-5 anos,8,Tive duvida sobre rentabilidade,500.0,22-Jul-25,tesouro direto,7,explicacao risco,Chat,Resolvido,Assessoria ajudou na decisao,Tesouro Direto
500.0,2025-12-09 00:00:00,PRD_CAR,3.0,0.0,49.0,0.0,500,Carteira Administrada,FD00526,C00500,2026-01-26,2026T1,Novo Investidor,Fundos,Assessoria,2-5 anos,10,Assessoria ajudou na decisao,500.0,22-Jul-25,tesouro direto,7,explicacao risco,Chat,Resolvido,Assessoria ajudou na decisao,Tesouro Direto
500.0,2026-01-24 00:00:00,PRD_FND,9.0,0.0,26.3,1.0,500,Fundos,FD00120,C00500,2025-07-20,2025T3,Novo Investidor,Tesouro Direto,Assessoria,2-5 anos,8,"Atendimento resolveu, mas demorou",500.0,22-Jul-25,tesouro direto,7,explicacao risco,Chat,Resolvido,Assessoria ajudou na decisao,Tesouro Direto
500.0,2026-01-24 00:00:00,PRD_FND,9.0,0.0,26.3,1.0,500,Fundos,FD00388,C00500,2025-12-16,2025T4,Novo Investidor,Carteira Administrada,Assessoria,2-5 anos,8,Tive duvida sobre rentabilidade,500.0,22-Jul-25,tesouro direto,7,explicacao risco,Chat,Resolvido,Assessoria ajudou na decisao,Tesouro Direto
500.0,2026-01-24 00:00:00,PRD_FND,9.0,0.0,26.3,1.0,500,Fundos,FD00526,C00500,2026-01-26,2026T1,Novo Investidor,Fundos,Assessoria,2-5 anos,10,Assessoria ajudou na decisao,500.0,22-Jul-25,tesouro direto,7,explicacao risco,Chat,Resolvido,Assessoria ajudou na decisao,Tesouro Direto
501.0,2026-04-08 00:00:00,PRD_FND,3.0,0.0,37.0,0.0,501,Fundos,FD00760,C00501,2026-04-09,2026T2,Varejo,Fundos,Internet Banking,0-6 meses,10,Boa experiencia no aplicativo,501.0,04-10-2026,fundos de investimento,10,reclamacao atendimento,Telefone,Resolvido,Nao consegui falar com assessor,Fundos
502.0,2026-01-14 00:00:00,PRD_CDB,4.0,0.0,23.6,0.0,502,CDB,FD00504,C00502,2026-01-06,2026T1,Alta Renda,CDB,App,6-24 meses,10,Assessoria ajudou na decisao,,,,,,,,,
502.0,2026-01-14 00:00:00,PRD_CDB,4.0,0.0,23.6,0.0,502,CDB,FD00874,C00502,2026-05-03,2026T2,Alta Renda,Carteira Administrada,App,2-5 anos,10,Atendimento claro e rapido,,,,,,,,,
502.0,2026-04-29 00:00:00,PRD_CAR,9.0,0.0,75.2,0.0,502,Carteira Administrada,FD00504,C00502,2026-01-06,2026T1,Alta Renda,CDB,App,6-24 meses,10,Assessoria ajudou na decisao,,,,,,,,,
502.0,2026-04-29 00:00:00,PRD_CAR,9.0,0.0,75.2,0.0,502,Carteira Administrada,FD00874,C00502,2026-05-03,2026T2,Alta Renda,Carteira Administrada,App,2-5 anos,10,Atendimento claro e rapido,,,,,,,,,
503.0,2025-10-10 00:00:00,PRD_CDB,6.0,0.0,7.3,0.0,503,CDB,FD00322,C00503,2025-11-12,2025T4,Alta Renda,Tesouro Direto,App,5+ anos,9,Atendimento claro e rapido,503.0,2025-10-01,cdb,10,extrato,Chat,Resolvido,Nao ficou claro o risco do produto,CDB
503.0,2025-10-10 00:00:00,PRD_CDB,6.0,0.0,7.3,0.0,503,CDB,FD00322,C00503,2025-11-12,2025T4,Alta Renda,Tesouro Direto,App,5+ anos,9,Atendimento claro e rapido,503.0,09/11/2025,tesouro direto,9,resgate,Telefone,Resolvido,Boa experiencia no aplicativo,Tesouro Direto
503.0,2025-10-10 00:00:00,PRD_CDB,6.0,0.0,7.3,0.0,503,CDB,FD00447,C00503,2025-10-03,2025T4,Alta Renda,CDB,App,5+ anos,9,Assessoria ajudou na decisao,503.0,2025-10-01,cdb,10,extrato,Chat,Resolvido,Nao ficou claro o risco do produto,CDB
503.0,2025-10-10 00:00:00,PRD_CDB,6.0,0.0,7.3,0.0,503,CDB,FD00447,C00503,2025-10-03,2025T4,Alta Renda,CDB,App,5+ anos,9,Assessoria ajudou na decisao,503.0,09/11/2025,tesouro direto,9,resgate,Telefone,Resolvido,Boa experiencia no aplicativo,Tesouro Direto
503.0,2025-10-10 00:00:00,PRD_CDB,6.0,0.0,7.3,0.0,503,CDB,FD00605,C00503,2026-02-24,2026T1,Alta Renda,Carteira Administrada,App,0-6 meses,9,Assessoria ajudou na decisao,503.0,2025-10-01,cdb,10,extrato,Chat,Resolvido,Nao ficou claro o risco do produto,CDB
503.0,2025-10-10 00:00:00,PRD_CDB,6.0,0.0,7.3,0.0,503,CDB,FD00605,C00503,2026-02-24,2026T1,Alta Renda,Carteira Administrada,App,0-6 meses,9,Assessoria ajudou na decisao,503.0,09/11/2025,tesouro direto,9,resgate,Telefone,Resolvido,Boa experiencia no aplicativo,Tesouro Direto
503.0,2025-11-12 00:00:00,PRD_TES,6.0,0.0,18.8,0.0,503,Tesouro Direto,FD00322,C00503,2025-11-12,2025T4,Alta Renda,Tesouro Direto,App,5+ anos,9,Atendimento claro e rapido,503.0,2025-10-01,cdb,10,extrato,Chat,Resolvido,Nao ficou claro o risco do produto,CDB
503.0,2025-11-12 00:00:00,PRD_TES,6.0,0.0,18.8,0.0,503,Tesouro Direto,FD00322,C00503,2025-11-12,2025T4,Alta Renda,Tesouro Direto,App,5+ anos,9,Atendimento claro e rapido,503.0,09/11/2025,tesouro direto,9,resgate,Telefone,Resolvido,Boa experiencia no aplicativo,Tesouro Direto
503.0,2025-11-12 00:00:00,PRD_TES,6.0,0.0,18.8,0.0,503,Tesouro Direto,FD00447,C00503,2025-10-03,2025T4,Alta Renda,CDB,App,5+ anos,9,Assessoria ajudou na decisao,503.0,2025-10-01,cdb,10,extrato,Chat,Resolvido,Nao ficou claro o risco do produto,CDB
503.0,2025-11-12 00:00:00,PRD_TES,6.0,0.0,18.8,0.0,503,Tesouro Direto,FD00447,C00503,2025-10-03,2025T4,Alta Renda,CDB,App,5+ anos,9,Assessoria ajudou na decisao,503.0,09/11/2025,tesouro direto,9,resgate,Telefone,Resolvido,Boa experiencia no aplicativo,Tesouro Direto
503.0,2025-11-12 00:00:00,PRD_TES,6.0,0.0,18.8,0.0,503,Tesouro Direto,FD00605,C00503,2026-02-24,2026T1,Alta Renda,Carteira Administrada,App,0-6 meses,9,Assessoria ajudou na decisao,503.0,2025-10-01,cdb,10,extrato,Chat,Resolvido,Nao ficou claro o risco do produto,CDB
503.0,2025-11-12 00:00:00,PRD_TES,6.0,0.0,18.8,0.0,503,Tesouro Direto,FD00605,C00503,2026-02-24,2026T1,Alta Renda,Carteira Administrada,App,0-6 meses,9,Assessoria ajudou na decisao,503.0,09/11/2025,tesouro direto,9,resgate,Telefone,Resolvido,Boa experiencia no aplicativo,Tesouro Direto
503.0,2025-11-12 00:00:00,PRD_TES,6.0,0.0,18.8,0.0,503,Tesouro Direto,FD00322,C00503,2025-11-12,2025T4,Alta Renda,Tesouro Direto,App,5+ anos,9,Atendimento claro e rapido,503.0,2025-10-01,cdb,10,extrato,Chat,Resolvido,Nao ficou claro o risco do produto,CDB
503.0,2025-11-12 00:00:00,PRD_TES,6.0,0.0,18.8,0.0,503,Tesouro Direto,FD00322,C00503,2025-11-12,2025T4,Alta Renda,Tesouro Direto,App,5+ anos,9,Atendimento claro e rapido,503.0,09/11/2025,tesouro direto,9,resgate,Telefone,Resolvido,Boa experiencia no aplicativo,Tesouro Direto
503.0,2025-11-12 00:00:00,PRD_TES,6.0,0.0,18.8,0.0,503,Tesouro Direto,FD00447,C00503,2025-10-03,2025T4,Alta Renda,CDB,App,5+ anos,9,Assessoria ajudou na decisao,503.0,2025-10-01,cdb,10,extrato,Chat,Resolvido,Nao ficou claro o risco do produto,CDB
503.0,2025-11-12 00:00:00,PRD_TES,6.0,0.0,18.8,0.0,503,Tesouro Direto,FD00447,C00503,2025-10-03,2025T4,Alta Renda,CDB,App,5+ anos,9,Assessoria ajudou na decisao,503.0,09/11/2025,tesouro direto,9,resgate,Telefone,Resolvido,Boa experiencia no aplicativo,Tesouro Direto
503.0,2025-11-12 00:00:00,PRD_TES,6.0,0.0,18.8,0.0,503,Tesouro Direto,FD00605,C00503,2026-02-24,2026T1,Alta Renda,Carteira Administrada,App,0-6 meses,9,Assessoria ajudou na decisao,503.0,2025-10-01,cdb,10,extrato,Chat,Resolvido,Nao ficou claro o risco do produto,CDB
503.0,2025-11-12 00:00:00,PRD_TES,6.0,0.0,18.8,0.0,503,Tesouro Direto,FD00605,C00503,2026-02-24,2026T1,Alta Renda,Carteira Administrada,App,0-6 meses,9,Assessoria ajudou na decisao,503.0,09/11/2025,tesouro direto,9,resgate,Telefone,Resolvido,Boa experiencia no aplicativo,Tesouro Direto
506.0,2025-12-03 00:00:00-03:00,PRD_CDB,7.0,0.0,26.1,0.0,506,CDB,FD00467,C00506,2025-12-12,2025T4,Private,CDB,App,2-5 anos,10,Atendimento claro e rapido,506.0,15/12/2025,C.D.B.,10,reclamacao atendimento,Telefone,Resolvido,Consegui acompanhar minha carteira,CDB
507.0,2026-06-19 00:00:00,PRD_CAR,8.0,1.0,93.4,0.0,507,Carteira Administrada,FD00820,C00507,2026-06-26,2026T2,Novo Investidor,Carteira Administrada,App,0-6 meses,9,Informacoes estavam faceis de encontrar,507.0,25/06/2026,Carteira Adm,9,acesso app,E-mail,Resolvido,Nao ficou claro o risco do produto,Carteira Administrada
508.0,2026-03-19 00:00:00,PRD_TES,11.0,0.0,9.7,0.0,508,Tesouro Direto,FD00353,C00508,2025-12-08,2025T4,Varejo,Tesouro Direto,App,6-24 meses,9,Informacoes estavam faceis de encontrar,,,,,,,,,
508.0,2026-03-19 00:00:00,PRD_TES,11.0,0.0,9.7,0.0,508,Tesouro Direto,FD00691,C00508,2026-03-26,2026T1,Varejo,Tesouro Direto,App,2-5 anos,9,Informacoes estavam faceis de encontrar,,,,,,,,,
508.0,2025-12-08 00:00:00,PRD_TES,7.0,0.0,12.5,0.0,508,Tesouro Direto,FD00353,C00508,2025-12-08,2025T4,Varejo,Tesouro Direto,App,6-24 meses,9,Informacoes estavam faceis de encontrar,,,,,,,,,
508.0,2025-12-08 00:00:00,PRD_TES,7.0,0.0,12.5,0.0,508,Tesouro Direto,FD00691,C00508,2026-03-26,2026T1,Varejo,Tesouro Direto,App,2-5 anos,9,Informacoes estavam faceis de encontrar,,,,,,,,,
509.0,2026-06-16 00:00:00,PRD_FND,2.0,0.0,21.7,0.0,509,Fundos,FD00625,C00509,2026-02-26,2026T1,Novo Investidor,Tesouro Direto,App,0-6 meses,9,Boa experiencia no aplicativo,509.0,2026-04-19,CDB,10,extrato,Telefone,Resolvido,,CDB
509.0,2026-06-16 00:00:00,PRD_FND,2.0,0.0,21.7,0.0,509,Fundos,FD00625,C00509,2026-02-26,2026T1,Novo Investidor,Tesouro Direto,App,0-6 meses,9,Boa experiencia no aplicativo,509.0,19/06/2026,Fundos,5,acesso app,Telefone,Resolvido,Aplicativo travou durante consulta,Fundos
509.0,2026-06-16 00:00:00,PRD_FND,2.0,0.0,21.7,0.0,509,Fundos,FD00968,C00509,2026-04-18,2026T2,Novo Investidor,CDB,Assessoria,5+ anos,10,Informacoes estavam faceis de encontrar,509.0,2026-04-19,CDB,10,extrato,Telefone,Resolvido,,CDB
509.0,2026-06-16 00:00:00,PRD_FND,2.0,0.0,21.7,0.0,509,Fundos,FD00968,C00509,2026-04-18,2026T2,Novo Investidor,CDB,Assessoria,5+ anos,10,Informacoes estavam faceis de encontrar,509.0,19/06/2026,Fundos,5,acesso app,Telefone,Resolvido,Aplicativo travou durante consulta,Fundos
509.0,2026-06-16 00:00:00,PRD_FND,2.0,0.0,21.7,0.0,509,Fundos,FD00980,C00509,2026-06-17,2026T2,Novo Investidor,Fundos,App,5+ anos,4,Nao ficou claro o risco do produto,509.0,2026-04-19,CDB,10,extrato,Telefone,Resolvido,,CDB
509.0,2026-06-16 00:00:00,PRD_FND,2.0,0.0,21.7,0.0,509,Fundos,FD00980,C00509,2026-06-17,2026T2,Novo Investidor,Fundos,App,5+ anos,4,Nao ficou claro o risco do produto,509.0,19/06/2026,Fundos,5,acesso app,Telefone,Resolvido,Aplicativo travou durante consulta,Fundos
509.0,2026-04-24 00:00:00,PRD_CDB,5.0,0.0,33.0,0.0,509,CDB,FD00625,C00509,2026-02-26,2026T1,Novo Investidor,Tesouro Direto,App,0-6 meses,9,Boa experiencia no aplicativo,509.0,2026-04-19,CDB,10,extrato,Telefone,Resolvido,,CDB
509.0,2026-04-24 00:00:00,PRD_CDB,5.0,0.0,33.0,0.0,509,CDB,FD00625,C00509,2026-02-26,2026T1,Novo Investidor,Tesouro Direto,App,0-6 meses,9,Boa experiencia no aplicativo,509.0,19/06/2026,Fundos,5,acesso app,Telefone,Resolvido,Aplicativo travou durante consulta,Fundos
509.0,2026-04-24 00:00:00,PRD_CDB,5.0,0.0,33.0,0.0,509,CDB,FD00968,C00509,2026-04-18,2026T2,Novo Investidor,CDB,Assessoria,5+ anos,10,Informacoes estavam faceis de encontrar,509.0,2026-04-19,CDB,10,extrato,Telefone,Resolvido,,CDB
509.0,2026-04-24 00:00:00,PRD_CDB,5.0,0.0,33.0,0.0,509,CDB,FD00968,C00509,2026-04-18,2026T2,Novo Investidor,CDB,Assessoria,5+ anos,10,Informacoes estavam faceis de encontrar,509.0,19/06/2026,Fundos,5,acesso app,Telefone,Resolvido,Aplicativo travou durante consulta,Fundos
509.0,2026-04-24 00:00:00,PRD_CDB,5.0,0.0,33.0,0.0,509,CDB,FD00980,C00509,2026-06-17,2026T2,Novo Investidor,Fundos,App,5+ anos,4,Nao ficou claro o risco do produto,509.0,2026-04-19,CDB,10,extrato,Telefone,Resolvido,,CDB
509.0,2026-04-24 00:00:00,PRD_CDB,5.0,0.0,33.0,0.0,509,CDB,FD00980,C00509,2026-06-17,2026T2,Novo Investidor,Fundos,App,5+ anos,4,Nao ficou claro o risco do produto,509.0,19/06/2026,Fundos,5,acesso app,Telefone,Resolvido,Aplicativo travou durante consulta,Fundos
509.0,2026-03-04 00:00:00,PRD_TES,11.0,0.0,44.6,0.0,509,Tesouro Direto,FD00625,C00509,2026-02-26,2026T1,Novo Investidor,Tesouro Direto,App,0-6 meses,9,Boa experiencia no aplicativo,509.0,2026-04-19,CDB,10,extrato,Telefone,Resolvido,,CDB
509.0,2026-03-04 00:00:00,PRD_TES,11.0,0.0,44.6,0.0,509,Tesouro Direto,FD00625,C00509,2026-02-26,2026T1,Novo Investidor,Tesouro Direto,App,0-6 meses,9,Boa experiencia no aplicativo,509.0,19/06/2026,Fundos,5,acesso app,Telefone,Resolvido,Aplicativo travou durante consulta,Fundos
509.0,2026-03-04 00:00:00,PRD_TES,11.0,0.0,44.6,0.0,509,Tesouro Direto,FD00968,C00509,2026-04-18,2026T2,Novo Investidor,CDB,Assessoria,5+ anos,10,Informacoes estavam faceis de encontrar,509.0,2026-04-19,CDB,10,extrato,Telefone,Resolvido,,CDB
509.0,2026-03-04 00:00:00,PRD_TES,11.0,0.0,44.6,0.0,509,Tesouro Direto,FD00968,C00509,2026-04-18,2026T2,Novo Investidor,CDB,Assessoria,5+ anos,10,Informacoes estavam faceis de encontrar,509.0,19/06/2026,Fundos,5,acesso app,Telefone,Resolvido,Aplicativo travou durante consulta,Fundos
509.0,2026-03-04 00:00:00,PRD_TES,11.0,0.0,44.6,0.0,509,Tesouro Direto,FD00980,C00509,2026-06-17,2026T2,Novo Investidor,Fundos,App,5+ anos,4,Nao ficou claro o risco do produto,509.0,2026-04-19,CDB,10,extrato,Telefone,Resolvido,,CDB
509.0,2026-03-04 00:00:00,PRD_TES,11.0,0.0,44.6,0.0,509,Tesouro Direto,FD00980,C00509,2026-06-17,2026T2,Novo Investidor,Fundos,App,5+ anos,4,Nao ficou claro o risco do produto,509.0,19/06/2026,Fundos,5,acesso app,Telefone,Resolvido,Aplicativo travou durante consulta,Fundos
510.0,2026-05-28 00:00:00,PRD_CAR,7.0,1.0,88.7,0.0,510,Carteira Administrada,FD00822,C00510,2026-05-25,2026T2,Varejo,Carteira Administrada,App,6-24 meses,9,Boa experiencia no aplicativo,510.0,2026-05-23,carteira administrada,10,resgate,Telefone,Pendente,Nao ficou claro o risco do produto,Carteira Administrada
511.0,2026-02-17 00:00:00,PRD_FND,7.0,0.0,16.0,0.0,511,Fundos,FD00327,C00511,2025-12-06,2025T4,Varejo,Fundos,App,2-5 anos,9,Boa experiencia no aplicativo,511.0,02-19-2026,fundos de investimento,7,reclamacao atendimento,Telefone,Resolvido,Atendimento claro e rapido,Fundos
511.0,2026-02-17 00:00:00,PRD_FND,7.0,0.0,16.0,0.0,511,Fundos,FD00524,C00511,2026-02-22,2026T1,Varejo,Fundos,Internet Banking,2-5 anos,7,"Atendimento resolveu, mas demorou",511.0,02-19-2026,fundos de investimento,7,reclamacao atendimento,Telefone,Resolvido,Atendimento claro e rapido,Fundos
511.0,2025-11-27 00:00:00,PRD_FND,7.0,0.0,12.8,0.0,511,Fundos,FD00327,C00511,2025-12-06,2025T4,Varejo,Fundos,App,2-5 anos,9,Boa experiencia no aplicativo,511.0,02-19-2026,fundos de investimento,7,reclamacao atendimento,Telefone,Resolvido,Atendimento claro e rapido,Fundos
511.0,2025-11-27 00:00:00,PRD_FND,7.0,0.0,12.8,0.0,511,Fundos,FD00524,C00511,2026-02-22,2026T1,Varejo,Fundos,Internet Banking,2-5 anos,7,"Atendimento resolveu, mas demorou",511.0,02-19-2026,fundos de investimento,7,reclamacao atendimento,Telefone,Resolvido,Atendimento claro e rapido,Fundos
512.0,2025-11-29 00:00:00,PRD_TES,9.0,0.0,22.8,0.0,512,Tesouro Direto,FD00301,C00512,2025-11-29,2025T4,Alta Renda,Tesouro Direto,App,2-5 anos,9,Informacoes estavam faceis de encontrar,,,,,,,,,
512.0,2025-11-29 00:00:00,PRD_TES,9.0,0.0,22.8,0.0,512,Tesouro Direto,FD00895,C00512,2026-04-26,2026T2,Alta Renda,Carteira Administrada,App,0-6 meses,9,Consegui acompanhar minha carteira,,,,,,,,,
512.0,2025-11-29 00:00:00,PRD_TES,9.0,0.0,22.8,0.0,512,Tesouro Direto,FD00905,C00512,2026-05-10,2026T2,Alta Renda,Carteira Administrada,App,2-5 anos,8,"Atendimento resolveu, mas demorou",,,,,,,,,
512.0,2026-05-08 00:00:00,PRD_CAR,6.0,2.0,102.0,0.0,512,Carteira Administrada,FD00301,C00512,2025-11-29,2025T4,Alta Renda,Tesouro Direto,App,2-5 anos,9,Informacoes estavam faceis de encontrar,,,,,,,,,
512.0,2026-05-08 00:00:00,PRD_CAR,6.0,2.0,102.0,0.0,512,Carteira Administrada,FD00895,C00512,2026-04-26,2026T2,Alta Renda,Carteira Administrada,App,0-6 meses,9,Consegui acompanhar minha carteira,,,,,,,,,
512.0,2026-05-08 00:00:00,PRD_CAR,6.0,2.0,102.0,0.0,512,Carteira Administrada,FD00905,C00512,2026-05-10,2026T2,Alta Renda,Carteira Administrada,App,2-5 anos,8,"Atendimento resolveu, mas demorou",,,,,,,,,
513.0,2025-11-24 00:00:00,PRD_CAR,5.0,0.0,44.5,0.0,513,Carteira Administrada,FD00268,C00513,2025-11-16,2025T4,Novo Investidor,Carteira Administrada,App,0-6 meses,7,Tive duvida sobre rentabilidade,513.0,2026/13/01,carteira administrada,9,cadastro,Telefone,Pendente,Assessoria ajudou na decisao,Carteira Administrada
513.0,2025-11-24 00:00:00,PRD_CAR,5.0,0.0,44.5,0.0,513,Carteira Administrada,FD00950,C00513,2026-05-28,2026T2,Novo Investidor,Carteira Administrada,App,6-24 meses,9,Atendimento claro e rapido,513.0,2026/13/01,carteira administrada,9,cadastro,Telefone,Pendente,Assessoria ajudou na decisao,Carteira Administrada
513.0,2026-05-18 00:00:00,PRD_CAR,11.0,0.0,85.1,0.0,513,Carteira Administrada,FD00268,C00513,2025-11-16,2025T4,Novo Investidor,Carteira Administrada,App,0-6 meses,7,Tive duvida sobre rentabilidade,513.0,2026/13/01,carteira administrada,9,cadastro,Telefone,Pendente,Assessoria ajudou na decisao,Carteira Administrada
513.0,2026-05-18 00:00:00,PRD_CAR,11.0,0.0,85.1,0.0,513,Carteira Administrada,FD00950,C00513,2026-05-28,2026T2,Novo Investidor,Carteira Administrada,App,6-24 meses,9,Atendimento claro e rapido,513.0,2026/13/01,carteira administrada,9,cadastro,Telefone,Pendente,Assessoria ajudou na decisao,Carteira Administrada
514.0,2025-07-13 00:00:00,PRD_CDB,11.0,0.0,13.1,0.0,514,CDB,FD00060,C00514,2025-07-06,2025T3,Varejo,CDB,App,2-5 anos,10,Boa experiencia no aplicativo,,,,,,,,,
515.0,2025-07-15 00:00:00,PRD_FND,10.0,0.0,35.7,0.0,515,Fundos,FD00173,C00515,2025-08-01,2025T3,Private,CDB,App,0-6 meses,5,Informacoes divergentes sobre o produto,515.0,07-06-2025,Fundo,9,cadastro,Telefone,Pendente,,Fundos
515.0,2025-07-15 00:00:00,PRD_FND,10.0,0.0,35.7,0.0,515,Fundos,FD00173,C00515,2025-08-01,2025T3,Private,CDB,App,0-6 meses,5,Informacoes divergentes sobre o produto,515.0,30/07/2025,C.D.B.,6,extrato,Chat,Resolvido,Boa experiencia no aplicativo,CDB
515.0,2025-07-15 00:00:00,PRD_FND,10.0,0.0,35.7,0.0,515,Fundos,FD00188,C00515,2025-07-05,2025T3,Private,Fundos,App,2-5 anos,9,Assessoria ajudou na decisao,515.0,07-06-2025,Fundo,9,cadastro,Telefone,Pendente,,Fundos
515.0,2025-07-15 00:00:00,PRD_FND,10.0,0.0,35.7,0.0,515,Fundos,FD00188,C00515,2025-07-05,2025T3,Private,Fundos,App,2-5 anos,9,Assessoria ajudou na decisao,515.0,30/07/2025,C.D.B.,6,extrato,Chat,Resolvido,Boa experiencia no aplicativo,CDB
515.0,2025-07-15 00:00:00,PRD_FND,10.0,0.0,35.7,0.0,515,Fundos,FD00506,C00515,2026-01-22,2026T1,Private,Carteira Administrada,Assessoria,2-5 anos,9,Informacoes estavam faceis de encontrar,515.0,07-06-2025,Fundo,9,cadastro,Telefone,Pendente,,Fundos
515.0,2025-07-15 00:00:00,PRD_FND,10.0,0.0,35.7,0.0,515,Fundos,FD00506,C00515,2026-01-22,2026T1,Private,Carteira Administrada,Assessoria,2-5 anos,9,Informacoes estavam faceis de encontrar,515.0,30/07/2025,C.D.B.,6,extrato,Chat,Resolvido,Boa experiencia no aplicativo,CDB
515.0,2025-07-15 00:00:00,PRD_FND,10.0,0.0,35.7,0.0,515,Fundos,FD00970,C00515,2026-06-14,2026T2,Private,Carteira Administrada,App,5+ anos,10,Boa experiencia no aplicativo,515.0,07-06-2025,Fundo,9,cadastro,Telefone,Pendente,,Fundos
515.0,2025-07-15 00:00:00,PRD_FND,10.0,0.0,35.7,0.0,515,Fundos,FD00970,C00515,2026-06-14,2026T2,Private,Carteira Administrada,App,5+ anos,10,Boa experiencia no aplicativo,515.0,30/07/2025,C.D.B.,6,extrato,Chat,Resolvido,Boa experiencia no aplicativo,CDB
515.0,2025-07-29 00:00:00,PRD_CDB,13.0,,23.0,0.0,515,CDB,FD00173,C00515,2025-08-01,2025T3,Private,CDB,App,0-6 meses,5,Informacoes divergentes sobre o produto,515.0,07-06-2025,Fundo,9,cadastro,Telefone,Pendente,,Fundos
515.0,2025-07-29 00:00:00,PRD_CDB,13.0,,23.0,0.0,515,CDB,FD00173,C00515,2025-08-01,2025T3,Private,CDB,App,0-6 meses,5,Informacoes divergentes sobre o produto,515.0,30/07/2025,C.D.B.,6,extrato,Chat,Resolvido,Boa experiencia no aplicativo,CDB
515.0,2025-07-29 00:00:00,PRD_CDB,13.0,,23.0,0.0,515,CDB,FD00188,C00515,2025-07-05,2025T3,Private,Fundos,App,2-5 anos,9,Assessoria ajudou na decisao,515.0,07-06-2025,Fundo,9,cadastro,Telefone,Pendente,,Fundos
515.0,2025-07-29 00:00:00,PRD_CDB,13.0,,23.0,0.0,515,CDB,FD00188,C00515,2025-07-05,2025T3,Private,Fundos,App,2-5 anos,9,Assessoria ajudou na decisao,515.0,30/07/2025,C.D.B.,6,extrato,Chat,Resolvido,Boa experiencia no aplicativo,CDB
515.0,2025-07-29 00:00:00,PRD_CDB,13.0,,23.0,0.0,515,CDB,FD00506,C00515,2026-01-22,2026T1,Private,Carteira Administrada,Assessoria,2-5 anos,9,Informacoes estavam faceis de encontrar,515.0,07-06-2025,Fundo,9,cadastro,Telefone,Pendente,,Fundos
515.0,2025-07-29 00:00:00,PRD_CDB,13.0,,23.0,0.0,515,CDB,FD00506,C00515,2026-01-22,2026T1,Private,Carteira Administrada,Assessoria,2-5 anos,9,Informacoes estavam faceis de encontrar,515.0,30/07/2025,C.D.B.,6,extrato,Chat,Resolvido,Boa experiencia no aplicativo,CDB
515.0,2025-07-29 00:00:00,PRD_CDB,13.0,,23.0,0.0,515,CDB,FD00970,C00515,2026-06-14,2026T2,Private,Carteira Administrada,App,5+ anos,10,Boa experiencia no aplicativo,515.0,07-06-2025,Fundo,9,cadastro,Telefone,Pendente,,Fundos
515.0,2025-07-29 00:00:00,PRD_CDB,13.0,,23.0,0.0,515,CDB,FD00970,C00515,2026-06-14,2026T2,Private,Carteira Administrada,App,5+ anos,10,Boa experiencia no aplicativo,515.0,30/07/2025,C.D.B.,6,extrato,Chat,Resolvido,Boa experiencia no aplicativo,CDB
515.0,2026-01-12 00:00:00,PRD_CAR,2.0,0.0,35.7,0.0,515,Carteira Administrada,FD00173,C00515,2025-08-01,2025T3,Private,CDB,App,0-6 meses,5,Informacoes divergentes sobre o produto,515.0,07-06-2025,Fundo,9,cadastro,Telefone,Pendente,,Fundos
515.0,2026-01-12 00:00:00,PRD_CAR,2.0,0.0,35.7,0.0,515,Carteira Administrada,FD00173,C00515,2025-08-01,2025T3,Private,CDB,App,0-6 meses,5,Informacoes divergentes sobre o produto,515.0,30/07/2025,C.D.B.,6,extrato,Chat,Resolvido,Boa experiencia no aplicativo,CDB
515.0,2026-01-12 00:00:00,PRD_CAR,2.0,0.0,35.7,0.0,515,Carteira Administrada,FD00188,C00515,2025-07-05,2025T3,Private,Fundos,App,2-5 anos,9,Assessoria ajudou na decisao,515.0,07-06-2025,Fundo,9,cadastro,Telefone,Pendente,,Fundos
515.0,2026-01-12 00:00:00,PRD_CAR,2.0,0.0,35.7,0.0,515,Carteira Administrada,FD00188,C00515,2025-07-05,2025T3,Private,Fundos,App,2-5 anos,9,Assessoria ajudou na decisao,515.0,30/07/2025,C.D.B.,6,extrato,Chat,Resolvido,Boa experiencia no aplicativo,CDB
515.0,2026-01-12 00:00:00,PRD_CAR,2.0,0.0,35.7,0.0,515,Carteira Administrada,FD00506,C00515,2026-01-22,2026T1,Private,Carteira Administrada,Assessoria,2-5 anos,9,Informacoes estavam faceis de encontrar,515.0,07-06-2025,Fundo,9,cadastro,Telefone,Pendente,,Fundos
515.0,2026-01-12 00:00:00,PRD_CAR,2.0,0.0,35.7,0.0,515,Carteira Administrada,FD00506,C00515,2026-01-22,2026T1,Private,Carteira Administrada,Assessoria,2-5 anos,9,Informacoes estavam faceis de encontrar,515.0,30/07/2025,C.D.B.,6,extrato,Chat,Resolvido,Boa experiencia no aplicativo,CDB
515.0,2026-01-12 00:00:00,PRD_CAR,2.0,0.0,35.7,0.0,515,Carteira Administrada,FD00970,C00515,2026-06-14,2026T2,Private,Carteira Administrada,App,5+ anos,10,Boa experiencia no aplicativo,515.0,07-06-2025,Fundo,9,cadastro,Telefone,Pendente,,Fundos
515.0,2026-01-12 00:00:00,PRD_CAR,2.0,0.0,35.7,0.0,515,Carteira Administrada,FD00970,C00515,2026-06-14,2026T2,Private,Carteira Administrada,App,5+ anos,10,Boa experiencia no aplicativo,515.0,30/07/2025,C.D.B.,6,extrato,Chat,Resolvido,Boa experiencia no aplicativo,CDB
515.0,2026-06-10 00:00:00,PRD_CAR,13.0,0.0,79.3,0.0,515,Carteira Administrada,FD00173,C00515,2025-08-01,2025T3,Private,CDB,App,0-6 meses,5,Informacoes divergentes sobre o produto,515.0,07-06-2025,Fundo,9,cadastro,Telefone,Pendente,,Fundos
515.0,2026-06-10 00:00:00,PRD_CAR,13.0,0.0,79.3,0.0,515,Carteira Administrada,FD00173,C00515,2025-08-01,2025T3,Private,CDB,App,0-6 meses,5,Informacoes divergentes sobre o produto,515.0,30/07/2025,C.D.B.,6,extrato,Chat,Resolvido,Boa experiencia no aplicativo,CDB
515.0,2026-06-10 00:00:00,PRD_CAR,13.0,0.0,79.3,0.0,515,Carteira Administrada,FD00188,C00515,2025-07-05,2025T3,Private,Fundos,App,2-5 anos,9,Assessoria ajudou na decisao,515.0,07-06-2025,Fundo,9,cadastro,Telefone,Pendente,,Fundos
515.0,2026-06-10 00:00:00,PRD_CAR,13.0,0.0,79.3,0.0,515,Carteira Administrada,FD00188,C00515,2025-07-05,2025T3,Private,Fundos,App,2-5 anos,9,Assessoria ajudou na decisao,515.0,30/07/2025,C.D.B.,6,extrato,Chat,Resolvido,Boa experiencia no aplicativo,CDB
515.0,2026-06-10 00:00:00,PRD_CAR,13.0,0.0,79.3,0.0,515,Carteira Administrada,FD00506,C00515,2026-01-22,2026T1,Private,Carteira Administrada,Assessoria,2-5 anos,9,Informacoes estavam faceis de encontrar,515.0,07-06-2025,Fundo,9,cadastro,Telefone,Pendente,,Fundos
515.0,2026-06-10 00:00:00,PRD_CAR,13.0,0.0,79.3,0.0,515,Carteira Administrada,FD00506,C00515,2026-01-22,2026T1,Private,Carteira Administrada,Assessoria,2-5 anos,9,Informacoes estavam faceis de encontrar,515.0,30/07/2025,C.D.B.,6,extrato,Chat,Resolvido,Boa experiencia no aplicativo,CDB
515.0,2026-06-10 00:00:00,PRD_CAR,13.0,0.0,79.3,0.0,515,Carteira Administrada,FD00970,C00515,2026-06-14,2026T2,Private,Carteira Administrada,App,5+ anos,10,Boa experiencia no aplicativo,515.0,07-06-2025,Fundo,9,cadastro,Telefone,Pendente,,Fundos
515.0,2026-06-10 00:00:00,PRD_CAR,13.0,0.0,79.3,0.0,515,Carteira Administrada,FD00970,C00515,2026-06-14,2026T2,Private,Carteira Administrada,App,5+ anos,10,Boa experiencia no aplicativo,515.0,30/07/2025,C.D.B.,6,extrato,Chat,Resolvido,Boa experiencia no aplicativo,CDB
515.0,2025-07-15 00:00:00,PRD_FND,10.0,0.0,35.7,0.0,515,Fundos,FD00173,C00515,2025-08-01,2025T3,Private,CDB,App,0-6 meses,5,Informacoes divergentes sobre o produto,515.0,07-06-2025,Fundo,9,cadastro,Telefone,Pendente,,Fundos
515.0,2025-07-15 00:00:00,PRD_FND,10.0,0.0,35.7,0.0,515,Fundos,FD00173,C00515,2025-08-01,2025T3,Private,CDB,App,0-6 meses,5,Informacoes divergentes sobre o produto,515.0,30/07/2025,C.D.B.,6,extrato,Chat,Resolvido,Boa experiencia no aplicativo,CDB
515.0,2025-07-15 00:00:00,PRD_FND,10.0,0.0,35.7,0.0,515,Fundos,FD00188,C00515,2025-07-05,2025T3,Private,Fundos,App,2-5 anos,9,Assessoria ajudou na decisao,515.0,07-06-2025,Fundo,9,cadastro,Telefone,Pendente,,Fundos
515.0,2025-07-15 00:00:00,PRD_FND,10.0,0.0,35.7,0.0,515,Fundos,FD00188,C00515,2025-07-05,2025T3,Private,Fundos,App,2-5 anos,9,Assessoria ajudou na decisao,515.0,30/07/2025,C.D.B.,6,extrato,Chat,Resolvido,Boa experiencia no aplicativo,CDB
515.0,2025-07-15 00:00:00,PRD_FND,10.0,0.0,35.7,0.0,515,Fundos,FD00506,C00515,2026-01-22,2026T1,Private,Carteira Administrada,Assessoria,2-5 anos,9,Informacoes estavam faceis de encontrar,515.0,07-06-2025,Fundo,9,cadastro,Telefone,Pendente,,Fundos
515.0,2025-07-15 00:00:00,PRD_FND,10.0,0.0,35.7,0.0,515,Fundos,FD00506,C00515,2026-01-22,2026T1,Private,Carteira Administrada,Assessoria,2-5 anos,9,Informacoes estavam faceis de encontrar,515.0,30/07/2025,C.D.B.,6,extrato,Chat,Resolvido,Boa experiencia no aplicativo,CDB
515.0,2025-07-15 00:00:00,PRD_FND,10.0,0.0,35.7,0.0,515,Fundos,FD00970,C00515,2026-06-14,2026T2,Private,Carteira Administrada,App,5+ anos,10,Boa experiencia no aplicativo,515.0,07-06-2025,Fundo,9,cadastro,Telefone,Pendente,,Fundos
515.0,2025-07-15 00:00:00,PRD_FND,10.0,0.0,35.7,0.0,515,Fundos,FD00970,C00515,2026-06-14,2026T2,Private,Carteira Administrada,App,5+ anos,10,Boa experiencia no aplicativo,515.0,30/07/2025,C.D.B.,6,extrato,Chat,Resolvido,Boa experiencia no aplicativo,CDB
516.0,2025-09-26 00:00:00,PRD_CDB,3.0,0.0,2.3,0.0,516,CDB,FD00136,C00516,2025-09-29,2025T3,Private,CDB,Assessoria,5+ anos,8,"Atendimento resolveu, mas demorou",516.0,02/10/2025,C.D.B.,8,duvida rentabilidade,Telefone,Pendente,Consegui acompanhar minha carteira,CDB
517.0,2025-09-18 00:00:00,PRD_FND,5.0,0.0,15.8,0.0,517,Fundos,FD00125,C00517,2025-09-27,2025T3,Alta Renda,Fundos,Internet Banking,5+ anos,10,Atendimento claro e rapido,517.0,01-26-2026,C.D.B.,10,reclamacao atendimento,Telefone,Resolvido,Aplicativo travou durante consulta,CDB
517.0,2025-09-18 00:00:00,PRD_FND,5.0,0.0,15.8,0.0,517,Fundos,FD00382,C00517,2025-11-15,2025T4,Alta Renda,CDB,App,6-24 meses,4,Informacoes divergentes sobre o produto,517.0,01-26-2026,C.D.B.,10,reclamacao atendimento,Telefone,Resolvido,Aplicativo travou durante consulta,CDB
517.0,2025-09-18 00:00:00,PRD_FND,5.0,0.0,15.8,0.0,517,Fundos,FD00656,C00517,2026-01-26,2026T1,Alta Renda,CDB,Assessoria,6-24 meses,10,Consegui acompanhar minha carteira,517.0,01-26-2026,C.D.B.,10,reclamacao atendimento,Telefone,Resolvido,Aplicativo travou durante consulta,CDB
517.0,2025-09-18 00:00:00,PRD_FND,5.0,0.0,15.8,0.0,517,Fundos,FD00865,C00517,2026-05-19,2026T2,Alta Renda,Fundos,App,0-6 meses,10,Informacoes estavam faceis de encontrar,517.0,01-26-2026,C.D.B.,10,reclamacao atendimento,Telefone,Resolvido,Aplicativo travou durante consulta,CDB
517.0,2025-09-18 00:00:00,PRD_FND,5.0,0.0,15.8,0.0,517,Fundos,FDX00011,C00517,2025-11-16,2025T4,Alta Renda,CDB,App,6-24 meses,4,Informacoes divergentes sobre o produto,517.0,01-26-2026,C.D.B.,10,reclamacao atendimento,Telefone,Resolvido,Aplicativo travou durante consulta,CDB
517.0,2026-05-29 00:00:00,PRD_FND,7.0,0.0,12.0,0.0,517,Fundos,FD00125,C00517,2025-09-27,2025T3,Alta Renda,Fundos,Internet Banking,5+ anos,10,Atendimento claro e rapido,517.0,01-26-2026,C.D.B.,10,reclamacao atendimento,Telefone,Resolvido,Aplicativo travou durante consulta,CDB
517.0,2026-05-29 00:00:00,PRD_FND,7.0,0.0,12.0,0.0,517,Fundos,FD00382,C00517,2025-11-15,2025T4,Alta Renda,CDB,App,6-24 meses,4,Informacoes divergentes sobre o produto,517.0,01-26-2026,C.D.B.,10,reclamacao atendimento,Telefone,Resolvido,Aplicativo travou durante consulta,CDB
517.0,2026-05-29 00:00:00,PRD_FND,7.0,0.0,12.0,0.0,517,Fundos,FD00656,C00517,2026-01-26,2026T1,Alta Renda,CDB,Assessoria,6-24 meses,10,Consegui acompanhar minha carteira,517.0,01-26-2026,C.D.B.,10,reclamacao atendimento,Telefone,Resolvido,Aplicativo travou durante consulta,CDB
517.0,2026-05-29 00:00:00,PRD_FND,7.0,0.0,12.0,0.0,517,Fundos,FD00865,C00517,2026-05-19,2026T2,Alta Renda,Fundos,App,0-6 meses,10,Informacoes estavam faceis de encontrar,517.0,01-26-2026,C.D.B.,10,reclamacao atendimento,Telefone,Resolvido,Aplicativo travou durante consulta,CDB
517.0,2026-05-29 00:00:00,PRD_FND,7.0,0.0,12.0,0.0,517,Fundos,FDX00011,C00517,2025-11-16,2025T4,Alta Renda,CDB,App,6-24 meses,4,Informacoes divergentes sobre o produto,517.0,01-26-2026,C.D.B.,10,reclamacao atendimento,Telefone,Resolvido,Aplicativo travou durante consulta,CDB
517.0,2026-01-25 00:00:00,PRD_CDB,5.0,0.0,25.0,0.0,517,CDB,FD00125,C00517,2025-09-27,2025T3,Alta Renda,Fundos,Internet Banking,5+ anos,10,Atendimento claro e rapido,517.0,01-26-2026,C.D.B.,10,reclamacao atendimento,Telefone,Resolvido,Aplicativo travou durante consulta,CDB
517.0,2026-01-25 00:00:00,PRD_CDB,5.0,0.0,25.0,0.0,517,CDB,FD00382,C00517,2025-11-15,2025T4,Alta Renda,CDB,App,6-24 meses,4,Informacoes divergentes sobre o produto,517.0,01-26-2026,C.D.B.,10,reclamacao atendimento,Telefone,Resolvido,Aplicativo travou durante consulta,CDB
517.0,2026-01-25 00:00:00,PRD_CDB,5.0,0.0,25.0,0.0,517,CDB,FD00656,C00517,2026-01-26,2026T1,Alta Renda,CDB,Assessoria,6-24 meses,10,Consegui acompanhar minha carteira,517.0,01-26-2026,C.D.B.,10,reclamacao atendimento,Telefone,Resolvido,Aplicativo travou durante consulta,CDB
517.0,2026-01-25 00:00:00,PRD_CDB,5.0,0.0,25.0,0.0,517,CDB,FD00865,C00517,2026-05-19,2026T2,Alta Renda,Fundos,App,0-6 meses,10,Informacoes estavam faceis de encontrar,517.0,01-26-2026,C.D.B.,10,reclamacao atendimento,Telefone,Resolvido,Aplicativo travou durante consulta,CDB
517.0,2026-01-25 00:00:00,PRD_CDB,5.0,0.0,25.0,0.0,517,CDB,FDX00011,C00517,2025-11-16,2025T4,Alta Renda,CDB,App,6-24 meses,4,Informacoes divergentes sobre o produto,517.0,01-26-2026,C.D.B.,10,reclamacao atendimento,Telefone,Resolvido,Aplicativo travou durante consulta,CDB
517.0,2025-11-21 00:00:00,PRD_CDB,8.0,0.0,14.2,1.0,517,CDB,FD00125,C00517,2025-09-27,2025T3,Alta Renda,Fundos,Internet Banking,5+ anos,10,Atendimento claro e rapido,517.0,01-26-2026,C.D.B.,10,reclamacao atendimento,Telefone,Resolvido,Aplicativo travou durante consulta,CDB
517.0,2025-11-21 00:00:00,PRD_CDB,8.0,0.0,14.2,1.0,517,CDB,FD00382,C00517,2025-11-15,2025T4,Alta Renda,CDB,App,6-24 meses,4,Informacoes divergentes sobre o produto,517.0,01-26-2026,C.D.B.,10,reclamacao atendimento,Telefone,Resolvido,Aplicativo travou durante consulta,CDB
517.0,2025-11-21 00:00:00,PRD_CDB,8.0,0.0,14.2,1.0,517,CDB,FD00656,C00517,2026-01-26,2026T1,Alta Renda,CDB,Assessoria,6-24 meses,10,Consegui acompanhar minha carteira,517.0,01-26-2026,C.D.B.,10,reclamacao atendimento,Telefone,Resolvido,Aplicativo travou durante consulta,CDB
517.0,2025-11-21 00:00:00,PRD_CDB,8.0,0.0,14.2,1.0,517,CDB,FD00865,C00517,2026-05-19,2026T2,Alta Renda,Fundos,App,0-6 meses,10,Informacoes estavam faceis de encontrar,517.0,01-26-2026,C.D.B.,10,reclamacao atendimento,Telefone,Resolvido,Aplicativo travou durante consulta,CDB
517.0,2025-11-21 00:00:00,PRD_CDB,8.0,0.0,14.2,1.0,517,CDB,FDX00011,C00517,2025-11-16,2025T4,Alta Renda,CDB,App,6-24 meses,4,Informacoes divergentes sobre o produto,517.0,01-26-2026,C.D.B.,10,reclamacao atendimento,Telefone,Resolvido,Aplicativo travou durante consulta,CDB
519.0,2026-01-20 00:00:00,PRD_FND,8.0,0.0,39.9,0.0,519,Fundos,FD00150,C00519,2025-08-14,2025T3,Novo Investidor,Tesouro Direto,App,2-5 anos,7,Tive duvida sobre rentabilidade,519.0,14/08/2025,TESOURO DIRETO,8,duvida rentabilidade,Agencia,Resolvido,Nao ficou claro o risco do produto,Tesouro Direto
519.0,2026-01-20 00:00:00,PRD_FND,8.0,0.0,39.9,0.0,519,Fundos,FD00342,C00519,2025-12-05,2025T4,Novo Investidor,CDB,Internet Banking,2-5 anos,9,Atendimento claro e rapido,519.0,14/08/2025,TESOURO DIRETO,8,duvida rentabilidade,Agencia,Resolvido,Nao ficou claro o risco do produto,Tesouro Direto
519.0,2026-01-20 00:00:00,PRD_FND,8.0,0.0,39.9,0.0,519,Fundos,FD00412,C00519,2025-11-26,2025T4,Novo Investidor,CDB,App,2-5 anos,4,Informacoes divergentes sobre o produto,519.0,14/08/2025,TESOURO DIRETO,8,duvida rentabilidade,Agencia,Resolvido,Nao ficou claro o risco do produto,Tesouro Direto
519.0,2026-01-20 00:00:00,PRD_FND,8.0,0.0,39.9,0.0,519,Fundos,FD00707,C00519,2026-01-30,2026T1,Novo Investidor,Fundos,App,2-5 anos,10,Informacoes estavam faceis de encontrar,519.0,14/08/2025,TESOURO DIRETO,8,duvida rentabilidade,Agencia,Resolvido,Nao ficou claro o risco do produto,Tesouro Direto
519.0,2025-08-18 00:00:00,PRD_TES,13.0,0.0,18.3,0.0,519,Tesouro Direto,FD00150,C00519,2025-08-14,2025T3,Novo Investidor,Tesouro Direto,App,2-5 anos,7,Tive duvida sobre rentabilidade,519.0,14/08/2025,TESOURO DIRETO,8,duvida rentabilidade,Agencia,Resolvido,Nao ficou claro o risco do produto,Tesouro Direto
519.0,2025-08-18 00:00:00,PRD_TES,13.0,0.0,18.3,0.0,519,Tesouro Direto,FD00342,C00519,2025-12-05,2025T4,Novo Investidor,CDB,Internet Banking,2-5 anos,9,Atendimento claro e rapido,519.0,14/08/2025,TESOURO DIRETO,8,duvida rentabilidade,Agencia,Resolvido,Nao ficou claro o risco do produto,Tesouro Direto
519.0,2025-08-18 00:00:00,PRD_TES,13.0,0.0,18.3,0.0,519,Tesouro Direto,FD00412,C00519,2025-11-26,2025T4,Novo Investidor,CDB,App,2-5 anos,4,Informacoes divergentes sobre o produto,519.0,14/08/2025,TESOURO DIRETO,8,duvida rentabilidade,Agencia,Resolvido,Nao ficou claro o risco do produto,Tesouro Direto
519.0,2025-08-18 00:00:00,PRD_TES,13.0,0.0,18.3,0.0,519,Tesouro Direto,FD00707,C00519,2026-01-30,2026T1,Novo Investidor,Fundos,App,2-5 anos,10,Informacoes estavam faceis de encontrar,519.0,14/08/2025,TESOURO DIRETO,8,duvida rentabilidade,Agencia,Resolvido,Nao ficou claro o risco do produto,Tesouro Direto
519.0,2025-11-19 00:00:00,PRD_CDB,10.0,0.0,27.8,0.0,519,CDB,FD00150,C00519,2025-08-14,2025T3,Novo Investidor,Tesouro Direto,App,2-5 anos,7,Tive duvida sobre rentabilidade,519.0,14/08/2025,TESOURO DIRETO,8,duvida rentabilidade,Agencia,Resolvido,Nao ficou claro o risco do produto,Tesouro Direto
519.0,2025-11-19 00:00:00,PRD_CDB,10.0,0.0,27.8,0.0,519,CDB,FD00342,C00519,2025-12-05,2025T4,Novo Investidor,CDB,Internet Banking,2-5 anos,9,Atendimento claro e rapido,519.0,14/08/2025,TESOURO DIRETO,8,duvida rentabilidade,Agencia,Resolvido,Nao ficou claro o risco do produto,Tesouro Direto
519.0,2025-11-19 00:00:00,PRD_CDB,10.0,0.0,27.8,0.0,519,CDB,FD00412,C00519,2025-11-26,2025T4,Novo Investidor,CDB,App,2-5 anos,4,Informacoes divergentes sobre o produto,519.0,14/08/2025,TESOURO DIRETO,8,duvida rentabilidade,Agencia,Resolvido,Nao ficou claro o risco do produto,Tesouro Direto
519.0,2025-11-19 00:00:00,PRD_CDB,10.0,0.0,27.8,0.0,519,CDB,FD00707,C00519,2026-01-30,2026T1,Novo Investidor,Fundos,App,2-5 anos,10,Informacoes estavam faceis de encontrar,519.0,14/08/2025,TESOURO DIRETO,8,duvida rentabilidade,Agencia,Resolvido,Nao ficou claro o risco do produto,Tesouro Direto
519.0,2025-12-04 00:00:00,PRD_CDB,7.0,0.0,17.6,0.0,519,CDB,FD00150,C00519,2025-08-14,2025T3,Novo Investidor,Tesouro Direto,App,2-5 anos,7,Tive duvida sobre rentabilidade,519.0,14/08/2025,TESOURO DIRETO,8,duvida rentabilidade,Agencia,Resolvido,Nao ficou claro o risco do produto,Tesouro Direto
519.0,2025-12-04 00:00:00,PRD_CDB,7.0,0.0,17.6,0.0,519,CDB,FD00342,C00519,2025-12-05,2025T4,Novo Investidor,CDB,Internet Banking,2-5 anos,9,Atendimento claro e rapido,519.0,14/08/2025,TESOURO DIRETO,8,duvida rentabilidade,Agencia,Resolvido,Nao ficou claro o risco do produto,Tesouro Direto
519.0,2025-12-04 00:00:00,PRD_CDB,7.0,0.0,17.6,0.0,519,CDB,FD00412,C00519,2025-11-26,2025T4,Novo Investidor,CDB,App,2-5 anos,4,Informacoes divergentes sobre o produto,519.0,14/08/2025,TESOURO DIRETO,8,duvida rentabilidade,Agencia,Resolvido,Nao ficou claro o risco do produto,Tesouro Direto
519.0,2025-12-04 00:00:00,PRD_CDB,7.0,0.0,17.6,0.0,519,CDB,FD00707,C00519,2026-01-30,2026T1,Novo Investidor,Fundos,App,2-5 anos,10,Informacoes estavam faceis de encontrar,519.0,14/08/2025,TESOURO DIRETO,8,duvida rentabilidade,Agencia,Resolvido,Nao ficou claro o risco do produto,Tesouro Direto
520.0,2025-11-14 00:00:00,PRD_CDB,9.0,0.0,27.2,0.0,520,CDB,FD00052,C00520,2025-08-06,2025T3,Private,Fundos,Assessoria,0-6 meses,7,Aplicativo poderia explicar melhor,520.0,08-05-2025,Fundo,7,extrato,Chat,Pendente,Atendimento claro e rapido,Fundos
520.0,2025-11-14 00:00:00,PRD_CDB,9.0,0.0,27.2,0.0,520,CDB,FD00272,C00520,2025-11-07,2025T4,Private,CDB,App,5+ anos,10,Informacoes estavam faceis de encontrar,520.0,08-05-2025,Fundo,7,extrato,Chat,Pendente,Atendimento claro e rapido,Fundos
520.0,2025-11-14 00:00:00,PRD_CDB,9.0,0.0,27.2,0.0,520,CDB,FD00676,C00520,2026-01-26,2026T1,Private,CDB,Assessoria,2-5 anos,9,Informacoes estavam faceis de encontrar,520.0,08-05-2025,Fundo,7,extrato,Chat,Pendente,Atendimento claro e rapido,Fundos
522.0,2026-06-26 00:00:00,PRD_TES,12.0,,16.2,0.0,522,Tesouro Direto,FD00193,C00522,2025-08-01,2025T3,Alta Renda,CDB,App,2-5 anos,5,Demora para resolver meu problema,522.0,06-18-2026,carteira administrada,10,resgate,Agencia,Reaberto,,Carteira Administrada
522.0,2026-06-26 00:00:00,PRD_TES,12.0,,16.2,0.0,522,Tesouro Direto,FD00842,C00522,2026-06-17,2026T2,Alta Renda,Tesouro Direto,App,2-5 anos,10,Atendimento claro e rapido,522.0,06-18-2026,carteira administrada,10,resgate,Agencia,Reaberto,,Carteira Administrada
522.0,2026-06-26 00:00:00,PRD_TES,12.0,,16.2,0.0,522,Tesouro Direto,FD00991,C00522,2026-06-21,2026T2,Alta Renda,Carteira Administrada,App,6-24 meses,10,Consegui acompanhar minha carteira,522.0,06-18-2026,carteira administrada,10,resgate,Agencia,Reaberto,,Carteira Administrada
522.0,2025-08-08 00:00:00,PRD_CDB,12.0,0.0,10.0,0.0,522,CDB,FD00193,C00522,2025-08-01,2025T3,Alta Renda,CDB,App,2-5 anos,5,Demora para resolver meu problema,522.0,06-18-2026,carteira administrada,10,resgate,Agencia,Reaberto,,Carteira Administrada
522.0,2025-08-08 00:00:00,PRD_CDB,12.0,0.0,10.0,0.0,522,CDB,FD00842,C00522,2026-06-17,2026T2,Alta Renda,Tesouro Direto,App,2-5 anos,10,Atendimento claro e rapido,522.0,06-18-2026,carteira administrada,10,resgate,Agencia,Reaberto,,Carteira Administrada
522.0,2025-08-08 00:00:00,PRD_CDB,12.0,0.0,10.0,0.0,522,CDB,FD00991,C00522,2026-06-21,2026T2,Alta Renda,Carteira Administrada,App,6-24 meses,10,Consegui acompanhar minha carteira,522.0,06-18-2026,carteira administrada,10,resgate,Agencia,Reaberto,,Carteira Administrada
522.0,2026-06-14 00:00:00,PRD_CAR,7.0,0.0,72.7,0.0,522,Carteira Administrada,FD00193,C00522,2025-08-01,2025T3,Alta Renda,CDB,App,2-5 anos,5,Demora para resolver meu problema,522.0,06-18-2026,carteira administrada,10,resgate,Agencia,Reaberto,,Carteira Administrada
522.0,2026-06-14 00:00:00,PRD_CAR,7.0,0.0,72.7,0.0,522,Carteira Administrada,FD00842,C00522,2026-06-17,2026T2,Alta Renda,Tesouro Direto,App,2-5 anos,10,Atendimento claro e rapido,522.0,06-18-2026,carteira administrada,10,resgate,Agencia,Reaberto,,Carteira Administrada
522.0,2026-06-14 00:00:00,PRD_CAR,7.0,0.0,72.7,0.0,522,Carteira Administrada,FD00991,C00522,2026-06-21,2026T2,Alta Renda,Carteira Administrada,App,6-24 meses,10,Consegui acompanhar minha carteira,522.0,06-18-2026,carteira administrada,10,resgate,Agencia,Reaberto,,Carteira Administrada
523.0,2026-06-21 00:00:00,PRD_CAR,13.0,0.0,73.6,0.0,523,Carteira Administrada,FD00737,C00523,2026-06-20,2026T2,Novo Investidor,Carteira Administrada,App,2-5 anos,7,"Atendimento resolveu, mas demorou",,,,,,,,,
523.0,2026-06-21 00:00:00,PRD_CAR,13.0,0.0,73.6,0.0,523,Carteira Administrada,FD00999,C00523,2026-06-19,2026T2,Novo Investidor,Carteira Administrada,App,0-6 meses,4,Informacoes divergentes sobre o produto,,,,,,,,,
523.0,2026-06-12 00:00:00,PRD_CAR,9.0,0.0,43.6,1.0,523,Carteira Administrada,FD00737,C00523,2026-06-20,2026T2,Novo Investidor,Carteira Administrada,App,2-5 anos,7,"Atendimento resolveu, mas demorou",,,,,,,,,
523.0,2026-06-12 00:00:00,PRD_CAR,9.0,0.0,43.6,1.0,523,Carteira Administrada,FD00999,C00523,2026-06-19,2026T2,Novo Investidor,Carteira Administrada,App,0-6 meses,4,Informacoes divergentes sobre o produto,,,,,,,,,
524.0,2026-05-26 00:00:00,PRD_COE,7.0,0.0,20.2,0.0,524,COE,FD00279,C00524,2025-11-07,2025T4,Varejo,Tesouro Direto,App,5+ anos,9,Consegui acompanhar minha carteira,,,,,,,,,
524.0,2026-05-26 00:00:00,PRD_COE,7.0,0.0,20.2,0.0,524,COE,FD00739,C00524,2026-05-27,2026T2,Varejo,COE,Central de Atendimento,2-5 anos,7,"Atendimento resolveu, mas demorou",,,,,,,,,
524.0,2026-05-26 00:00:00,PRD_COE,7.0,0.0,20.2,0.0,524,COE,FD00871,C00524,2026-04-23,2026T2,Varejo,Fundos,App,5+ anos,5,Aplicativo travou durante consulta,,,,,,,,,
524.0,2026-05-26 00:00:00,PRD_COE,7.0,0.0,20.2,0.0,524,COE,FD00962,C00524,2026-05-27,2026T2,Varejo,Tesouro Direto,Assessoria,2-5 anos,8,Tive duvida sobre rentabilidade,,,,,,,,,
524.0,2026-04-21 00:00:00,PRD_FND,11.0,0.0,31.0,0.0,524,Fundos,FD00279,C00524,2025-11-07,2025T4,Varejo,Tesouro Direto,App,5+ anos,9,Consegui acompanhar minha carteira,,,,,,,,,
524.0,2026-04-21 00:00:00,PRD_FND,11.0,0.0,31.0,0.0,524,Fundos,FD00739,C00524,2026-05-27,2026T2,Varejo,COE,Central de Atendimento,2-5 anos,7,"Atendimento resolveu, mas demorou",,,,,,,,,
524.0,2026-04-21 00:00:00,PRD_FND,11.0,0.0,31.0,0.0,524,Fundos,FD00871,C00524,2026-04-23,2026T2,Varejo,Fundos,App,5+ anos,5,Aplicativo travou durante consulta,,,,,,,,,
524.0,2026-04-21 00:00:00,PRD_FND,11.0,0.0,31.0,0.0,524,Fundos,FD00962,C00524,2026-05-27,2026T2,Varejo,Tesouro Direto,Assessoria,2-5 anos,8,Tive duvida sobre rentabilidade,,,,,,,,,
524.0,2025-11-05 00:00:00,PRD_TES,10.0,0.0,18.1,0.0,524,Tesouro Direto,FD00279,C00524,2025-11-07,2025T4,Varejo,Tesouro Direto,App,5+ anos,9,Consegui acompanhar minha carteira,,,,,,,,,
524.0,2025-11-05 00:00:00,PRD_TES,10.0,0.0,18.1,0.0,524,Tesouro Direto,FD00739,C00524,2026-05-27,2026T2,Varejo,COE,Central de Atendimento,2-5 anos,7,"Atendimento resolveu, mas demorou",,,,,,,,,
524.0,2025-11-05 00:00:00,PRD_TES,10.0,0.0,18.1,0.0,524,Tesouro Direto,FD00871,C00524,2026-04-23,2026T2,Varejo,Fundos,App,5+ anos,5,Aplicativo travou durante consulta,,,,,,,,,
524.0,2025-11-05 00:00:00,PRD_TES,10.0,0.0,18.1,0.0,524,Tesouro Direto,FD00962,C00524,2026-05-27,2026T2,Varejo,Tesouro Direto,Assessoria,2-5 anos,8,Tive duvida sobre rentabilidade,,,,,,,,,
525.0,2026-02-25 00:00:00,PRD_TES,14.0,0.0,11.2,0.0,525,Tesouro Direto,FD00217,C00525,2025-07-31,2025T3,Varejo,Fundos,App,5+ anos,9,Informacoes estavam faceis de encontrar,525.0,03-Aug-25,Fundos,8,reclamacao atendimento,Telefone,Resolvido,Demora para resolver meu problema,Fundos
525.0,2026-02-25 00:00:00,PRD_TES,14.0,0.0,11.2,0.0,525,Tesouro Direto,FD00620,C00525,2026-01-13,2026T1,Varejo,Carteira Administrada,App,5+ anos,5,Nao ficou claro o risco do produto,525.0,03-Aug-25,Fundos,8,reclamacao atendimento,Telefone,Resolvido,Demora para resolver meu problema,Fundos
525.0,2026-02-25 00:00:00,PRD_TES,14.0,0.0,11.2,0.0,525,Tesouro Direto,FD00647,C00525,2026-03-01,2026T1,Varejo,Tesouro Direto,App,0-6 meses,10,Atendimento claro e rapido,525.0,03-Aug-25,Fundos,8,reclamacao atendimento,Telefone,Resolvido,Demora para resolver meu problema,Fundos
525.0,2026-02-25 00:00:00,PRD_TES,14.0,0.0,11.2,0.0,525,Tesouro Direto,FD00808,C00525,2026-04-26,2026T2,Varejo,Tesouro Direto,App,5+ anos,6,Informacoes divergentes sobre o produto,525.0,03-Aug-25,Fundos,8,reclamacao atendimento,Telefone,Resolvido,Demora para resolver meu problema,Fundos
525.0,2025-08-01 00:00:00,PRD_FND,7.0,0.0,33.3,1.0,525,Fundos,FD00217,C00525,2025-07-31,2025T3,Varejo,Fundos,App,5+ anos,9,Informacoes estavam faceis de encontrar,525.0,03-Aug-25,Fundos,8,reclamacao atendimento,Telefone,Resolvido,Demora para resolver meu problema,Fundos
525.0,2025-08-01 00:00:00,PRD_FND,7.0,0.0,33.3,1.0,525,Fundos,FD00620,C00525,2026-01-13,2026T1,Varejo,Carteira Administrada,App,5+ anos,5,Nao ficou claro o risco do produto,525.0,03-Aug-25,Fundos,8,reclamacao atendimento,Telefone,Resolvido,Demora para resolver meu problema,Fundos
525.0,2025-08-01 00:00:00,PRD_FND,7.0,0.0,33.3,1.0,525,Fundos,FD00647,C00525,2026-03-01,2026T1,Varejo,Tesouro Direto,App,0-6 meses,10,Atendimento claro e rapido,525.0,03-Aug-25,Fundos,8,reclamacao atendimento,Telefone,Resolvido,Demora para resolver meu problema,Fundos
525.0,2025-08-01 00:00:00,PRD_FND,7.0,0.0,33.3,1.0,525,Fundos,FD00808,C00525,2026-04-26,2026T2,Varejo,Tesouro Direto,App,5+ anos,6,Informacoes divergentes sobre o produto,525.0,03-Aug-25,Fundos,8,reclamacao atendimento,Telefone,Resolvido,Demora para resolver meu problema,Fundos
525.0,2026-04-21 00:00:00,PRD_TES,7.0,0.0,38.1,0.0,525,Tesouro Direto,FD00217,C00525,2025-07-31,2025T3,Varejo,Fundos,App,5+ anos,9,Informacoes estavam faceis de encontrar,525.0,03-Aug-25,Fundos,8,reclamacao atendimento,Telefone,Resolvido,Demora para resolver meu problema,Fundos
525.0,2026-04-21 00:00:00,PRD_TES,7.0,0.0,38.1,0.0,525,Tesouro Direto,FD00620,C00525,2026-01-13,2026T1,Varejo,Carteira Administrada,App,5+ anos,5,Nao ficou claro o risco do produto,525.0,03-Aug-25,Fundos,8,reclamacao atendimento,Telefone,Resolvido,Demora para resolver meu problema,Fundos
525.0,2026-04-21 00:00:00,PRD_TES,7.0,0.0,38.1,0.0,525,Tesouro Direto,FD00647,C00525,2026-03-01,2026T1,Varejo,Tesouro Direto,App,0-6 meses,10,Atendimento claro e rapido,525.0,03-Aug-25,Fundos,8,reclamacao atendimento,Telefone,Resolvido,Demora para resolver meu problema,Fundos
525.0,2026-04-21 00:00:00,PRD_TES,7.0,0.0,38.1,0.0,525,Tesouro Direto,FD00808,C00525,2026-04-26,2026T2,Varejo,Tesouro Direto,App,5+ anos,6,Informacoes divergentes sobre o produto,525.0,03-Aug-25,Fundos,8,reclamacao atendimento,Telefone,Resolvido,Demora para resolver meu problema,Fundos
527.0,2025-08-04 00:00:00,PRD_TES,5.0,0.0,16.6,0.0,527,Tesouro Direto,FD00189,C00527,2025-07-28,2025T3,Alta Renda,Tesouro Direto,Central de Atendimento,6-24 meses,6,Nao entendi a cobranca,527.0,13-Jan-26,carteira administrada,9,duvida rentabilidade,Chat,Pendente,"Atendimento resolveu, mas demorou",Carteira Administrada
527.0,2025-08-04 00:00:00,PRD_TES,5.0,0.0,16.6,0.0,527,Tesouro Direto,FD00189,C00527,2025-07-28,2025T3,Alta Renda,Tesouro Direto,Central de Atendimento,6-24 meses,6,Nao entendi a cobranca,527.0,10/06/2026,Tesouro,9,duvida rentabilidade,Telefone,Resolvido,Boa experiencia no aplicativo,Tesouro Direto
527.0,2025-08-04 00:00:00,PRD_TES,5.0,0.0,16.6,0.0,527,Tesouro Direto,FD00594,C00527,2026-01-18,2026T1,Alta Renda,COE,App,2-5 anos,9,Consegui acompanhar minha carteira,527.0,13-Jan-26,carteira administrada,9,duvida rentabilidade,Chat,Pendente,"Atendimento resolveu, mas demorou",Carteira Administrada
527.0,2025-08-04 00:00:00,PRD_TES,5.0,0.0,16.6,0.0,527,Tesouro Direto,FD00594,C00527,2026-01-18,2026T1,Alta Renda,COE,App,2-5 anos,9,Consegui acompanhar minha carteira,527.0,10/06/2026,Tesouro,9,duvida rentabilidade,Telefone,Resolvido,Boa experiencia no aplicativo,Tesouro Direto
527.0,2025-08-04 00:00:00,PRD_TES,5.0,0.0,16.6,0.0,527,Tesouro Direto,FD00690,C00527,2026-01-15,2026T1,Alta Renda,Carteira Administrada,App,6-24 meses,9,Informacoes estavam faceis de encontrar,527.0,13-Jan-26,carteira administrada,9,duvida rentabilidade,Chat,Pendente,"Atendimento resolveu, mas demorou",Carteira Administrada
527.0,2025-08-04 00:00:00,PRD_TES,5.0,0.0,16.6,0.0,527,Tesouro Direto,FD00690,C00527,2026-01-15,2026T1,Alta Renda,Carteira Administrada,App,6-24 meses,9,Informacoes estavam faceis de encontrar,527.0,10/06/2026,Tesouro,9,duvida rentabilidade,Telefone,Resolvido,Boa experiencia no aplicativo,Tesouro Direto
527.0,2025-08-04 00:00:00,PRD_TES,5.0,0.0,16.6,0.0,527,Tesouro Direto,FD00807,C00527,2026-06-13,2026T2,Alta Renda,Tesouro Direto,App,0-6 meses,9,Assessoria ajudou na decisao,527.0,13-Jan-26,carteira administrada,9,duvida rentabilidade,Chat,Pendente,"Atendimento resolveu, mas demorou",Carteira Administrada
527.0,2025-08-04 00:00:00,PRD_TES,5.0,0.0,16.6,0.0,527,Tesouro Direto,FD00807,C00527,2026-06-13,2026T2,Alta Renda,Tesouro Direto,App,0-6 meses,9,Assessoria ajudou na decisao,527.0,10/06/2026,Tesouro,9,duvida rentabilidade,Telefone,Resolvido,Boa experiencia no aplicativo,Tesouro Direto
527.0,2026-06-08 00:00:00,PRD_TES,10.0,0.0,18.5,0.0,527,Tesouro Direto,FD00189,C00527,2025-07-28,2025T3,Alta Renda,Tesouro Direto,Central de Atendimento,6-24 meses,6,Nao entendi a cobranca,527.0,13-Jan-26,carteira administrada,9,duvida rentabilidade,Chat,Pendente,"Atendimento resolveu, mas demorou",Carteira Administrada
527.0,2026-06-08 00:00:00,PRD_TES,10.0,0.0,18.5,0.0,527,Tesouro Direto,FD00189,C00527,2025-07-28,2025T3,Alta Renda,Tesouro Direto,Central de Atendimento,6-24 meses,6,Nao entendi a cobranca,527.0,10/06/2026,Tesouro,9,duvida rentabilidade,Telefone,Resolvido,Boa experiencia no aplicativo,Tesouro Direto
527.0,2026-06-08 00:00:00,PRD_TES,10.0,0.0,18.5,0.0,527,Tesouro Direto,FD00594,C00527,2026-01-18,2026T1,Alta Renda,COE,App,2-5 anos,9,Consegui acompanhar minha carteira,527.0,13-Jan-26,carteira administrada,9,duvida rentabilidade,Chat,Pendente,"Atendimento resolveu, mas demorou",Carteira Administrada
527.0,2026-06-08 00:00:00,PRD_TES,10.0,0.0,18.5,0.0,527,Tesouro Direto,FD00594,C00527,2026-01-18,2026T1,Alta Renda,COE,App,2-5 anos,9,Consegui acompanhar minha carteira,527.0,10/06/2026,Tesouro,9,duvida rentabilidade,Telefone,Resolvido,Boa experiencia no aplicativo,Tesouro Direto
527.0,2026-06-08 00:00:00,PRD_TES,10.0,0.0,18.5,0.0,527,Tesouro Direto,FD00690,C00527,2026-01-15,2026T1,Alta Renda,Carteira Administrada,App,6-24 meses,9,Informacoes estavam faceis de encontrar,527.0,13-Jan-26,carteira administrada,9,duvida rentabilidade,Chat,Pendente,"Atendimento resolveu, mas demorou",Carteira Administrada
527.0,2026-06-08 00:00:00,PRD_TES,10.0,0.0,18.5,0.0,527,Tesouro Direto,FD00690,C00527,2026-01-15,2026T1,Alta Renda,Carteira Administrada,App,6-24 meses,9,Informacoes estavam faceis de encontrar,527.0,10/06/2026,Tesouro,9,duvida rentabilidade,Telefone,Resolvido,Boa experiencia no aplicativo,Tesouro Direto
527.0,2026-06-08 00:00:00,PRD_TES,10.0,0.0,18.5,0.0,527,Tesouro Direto,FD00807,C00527,2026-06-13,2026T2,Alta Renda,Tesouro Direto,App,0-6 meses,9,Assessoria ajudou na decisao,527.0,13-Jan-26,carteira administrada,9,duvida rentabilidade,Chat,Pendente,"Atendimento resolveu, mas demorou",Carteira Administrada
527.0,2026-06-08 00:00:00,PRD_TES,10.0,0.0,18.5,0.0,527,Tesouro Direto,FD00807,C00527,2026-06-13,2026T2,Alta Renda,Tesouro Direto,App,0-6 meses,9,Assessoria ajudou na decisao,527.0,10/06/2026,Tesouro,9,duvida rentabilidade,Telefone,Resolvido,Boa experiencia no aplicativo,Tesouro Direto
528.0,2025-11-06 00:00:00,PRD_FND,2.0,0.0,3.8,0.0,528,Fundos,FD00330,C00528,2025-11-14,2025T4,Private,Fundos,Internet Banking,6-24 meses,8,Tive duvida sobre rentabilidade,,,,,,,,,
529.0,2025-08-18 00:00:00,PRD_TES,10.0,0.0,3.9,0.0,529,Tesouro Direto,FD00047,C00529,2025-08-16,2025T3,Private,Tesouro Direto,Internet Banking,2-5 anos,10,Consegui acompanhar minha carteira,,,,,,,,,
529.0,2025-08-18 00:00:00,PRD_TES,10.0,0.0,3.9,0.0,529,Tesouro Direto,FD00242,C00529,2025-12-21,2025T4,Private,Fundos,App,2-5 anos,8,Demorou um pouco para encontrar informacoes,,,,,,,,,
529.0,2025-08-18 00:00:00,PRD_TES,10.0,0.0,3.9,0.0,529,Tesouro Direto,FD00421,C00529,2025-12-20,2025T4,Private,Tesouro Direto,Central de Atendimento,2-5 anos,9,Informacoes estavam faceis de encontrar,,,,,,,,,
529.0,2025-08-18 00:00:00,PRD_TES,10.0,0.0,3.9,0.0,529,Tesouro Direto,FD00442,C00529,2025-10-16,2025T4,Private,Tesouro Direto,App,2-5 anos,10,Consegui acompanhar minha carteira,,,,,,,,,
529.0,2025-12-28 00:00:00,PRD_FND,11.0,0.0,1.0,0.0,529,Fundos,FD00047,C00529,2025-08-16,2025T3,Private,Tesouro Direto,Internet Banking,2-5 anos,10,Consegui acompanhar minha carteira,,,,,,,,,
529.0,2025-12-28 00:00:00,PRD_FND,11.0,0.0,1.0,0.0,529,Fundos,FD00242,C00529,2025-12-21,2025T4,Private,Fundos,App,2-5 anos,8,Demorou um pouco para encontrar informacoes,,,,,,,,,
529.0,2025-12-28 00:00:00,PRD_FND,11.0,0.0,1.0,0.0,529,Fundos,FD00421,C00529,2025-12-20,2025T4,Private,Tesouro Direto,Central de Atendimento,2-5 anos,9,Informacoes estavam faceis de encontrar,,,,,,,,,
529.0,2025-12-28 00:00:00,PRD_FND,11.0,0.0,1.0,0.0,529,Fundos,FD00442,C00529,2025-10-16,2025T4,Private,Tesouro Direto,App,2-5 anos,10,Consegui acompanhar minha carteira,,,,,,,,,
529.0,2025-10-07 00:00:00,PRD_TES,10.0,0.0,8.6,0.0,529,Tesouro Direto,FD00047,C00529,2025-08-16,2025T3,Private,Tesouro Direto,Internet Banking,2-5 anos,10,Consegui acompanhar minha carteira,,,,,,,,,
529.0,2025-10-07 00:00:00,PRD_TES,10.0,0.0,8.6,0.0,529,Tesouro Direto,FD00242,C00529,2025-12-21,2025T4,Private,Fundos,App,2-5 anos,8,Demorou um pouco para encontrar informacoes,,,,,,,,,
529.0,2025-10-07 00:00:00,PRD_TES,10.0,0.0,8.6,0.0,529,Tesouro Direto,FD00421,C00529,2025-12-20,2025T4,Private,Tesouro Direto,Central de Atendimento,2-5 anos,9,Informacoes estavam faceis de encontrar,,,,,,,,,
529.0,2025-10-07 00:00:00,PRD_TES,10.0,0.0,8.6,0.0,529,Tesouro Direto,FD00442,C00529,2025-10-16,2025T4,Private,Tesouro Direto,App,2-5 anos,10,Consegui acompanhar minha carteira,,,,,,,,,
529.0,2025-12-10 00:00:00,PRD_TES,7.0,0.0,16.2,1.0,529,Tesouro Direto,FD00047,C00529,2025-08-16,2025T3,Private,Tesouro Direto,Internet Banking,2-5 anos,10,Consegui acompanhar minha carteira,,,,,,,,,
529.0,2025-12-10 00:00:00,PRD_TES,7.0,0.0,16.2,1.0,529,Tesouro Direto,FD00242,C00529,2025-12-21,2025T4,Private,Fundos,App,2-5 anos,8,Demorou um pouco para encontrar informacoes,,,,,,,,,
529.0,2025-12-10 00:00:00,PRD_TES,7.0,0.0,16.2,1.0,529,Tesouro Direto,FD00421,C00529,2025-12-20,2025T4,Private,Tesouro Direto,Central de Atendimento,2-5 anos,9,Informacoes estavam faceis de encontrar,,,,,,,,,
529.0,2025-12-10 00:00:00,PRD_TES,7.0,0.0,16.2,1.0,529,Tesouro Direto,FD00442,C00529,2025-10-16,2025T4,Private,Tesouro Direto,App,2-5 anos,10,Consegui acompanhar minha carteira,,,,,,,,,
530.0,2026-06-08 00:00:00,PRD_CDB,9.0,0.0,4.0,0.0,530,CDB,FD00373,C00530,2025-10-20,2025T4,Varejo,Fundos,App,6-24 meses,10,Assessoria ajudou na decisao,530.0,04-07-2026,Carteira Adm,9,acesso app,Telefone,Resolvido,Assessoria ajudou na decisao,Carteira Administrada
530.0,2026-06-08 00:00:00,PRD_CDB,9.0,0.0,4.0,0.0,530,CDB,FD00488,C00530,2026-03-13,2026T1,Varejo,Carteira Administrada,App,6-24 meses,6,Demora para resolver meu problema,530.0,04-07-2026,Carteira Adm,9,acesso app,Telefone,Resolvido,Assessoria ajudou na decisao,Carteira Administrada
530.0,2026-06-08 00:00:00,PRD_CDB,9.0,0.0,4.0,0.0,530,CDB,FD00615,C00530,2026-03-21,2026T1,Varejo,Fundos,App,5+ anos,8,Demorou um pouco para encontrar informacoes,530.0,04-07-2026,Carteira Adm,9,acesso app,Telefone,Resolvido,Assessoria ajudou na decisao,Carteira Administrada
530.0,2026-06-08 00:00:00,PRD_CDB,9.0,0.0,4.0,0.0,530,CDB,FD00756,C00530,2026-04-05,2026T2,Varejo,Carteira Administrada,Internet Banking,0-6 meses,9,,530.0,04-07-2026,Carteira Adm,9,acesso app,Telefone,Resolvido,Assessoria ajudou na decisao,Carteira Administrada
530.0,2026-06-08 00:00:00,PRD_CDB,9.0,0.0,4.0,0.0,530,CDB,FD00907,C00530,2026-06-04,2026T2,Varejo,CDB,App,0-6 meses,9,Boa experiencia no aplicativo,530.0,04-07-2026,Carteira Adm,9,acesso app,Telefone,Resolvido,Assessoria ajudou na decisao,Carteira Administrada
530.0,2026-06-08 00:00:00,PRD_CDB,9.0,0.0,4.0,0.0,530,CDB,FD00373,C00530,2025-10-20,2025T4,Varejo,Fundos,App,6-24 meses,10,Assessoria ajudou na decisao,530.0,04-07-2026,Carteira Adm,9,acesso app,Telefone,Resolvido,Assessoria ajudou na decisao,Carteira Administrada
530.0,2026-03-30 00:00:00,PRD_FND,10.0,0.0,9.0,0.0,530,Fundos,FD00373,C00530,2025-10-20,2025T4,Varejo,Fundos,App,6-24 meses,10,Assessoria ajudou na decisao,530.0,04-07-2026,Carteira Adm,9,acesso app,Telefone,Resolvido,Assessoria ajudou na decisao,Carteira Administrada
530.0,2026-03-30 00:00:00,PRD_FND,10.0,0.0,9.0,0.0,530,Fundos,FD00488,C00530,2026-03-13,2026T1,Varejo,Carteira Administrada,App,6-24 meses,6,Demora para resolver meu problema,530.0,04-07-2026,Carteira Adm,9,acesso app,Telefone,Resolvido,Assessoria ajudou na decisao,Carteira Administrada
530.0,2026-03-30 00:00:00,PRD_FND,10.0,0.0,9.0,0.0,530,Fundos,FD00615,C00530,2026-03-21,2026T1,Varejo,Fundos,App,5+ anos,8,Demorou um pouco para encontrar informacoes,530.0,04-07-2026,Carteira Adm,9,acesso app,Telefone,Resolvido,Assessoria ajudou na decisao,Carteira Administrada
530.0,2026-03-30 00:00:00,PRD_FND,10.0,0.0,9.0,0.0,530,Fundos,FD00756,C00530,2026-04-05,2026T2,Varejo,Carteira Administrada,Internet Banking,0-6 meses,9,,530.0,04-07-2026,Carteira Adm,9,acesso app,Telefone,Resolvido,Assessoria ajudou na decisao,Carteira Administrada
530.0,2026-03-30 00:00:00,PRD_FND,10.0,0.0,9.0,0.0,530,Fundos,FD00907,C00530,2026-06-04,2026T2,Varejo,CDB,App,0-6 meses,9,Boa experiencia no aplicativo,530.0,04-07-2026,Carteira Adm,9,acesso app,Telefone,Resolvido,Assessoria ajudou na decisao,Carteira Administrada
530.0,2026-03-30 00:00:00,PRD_FND,10.0,0.0,9.0,0.0,530,Fundos,FD00373,C00530,2025-10-20,2025T4,Varejo,Fundos,App,6-24 meses,10,Assessoria ajudou na decisao,530.0,04-07-2026,Carteira Adm,9,acesso app,Telefone,Resolvido,Assessoria ajudou na decisao,Carteira Administrada
530.0,2025-10-12 00:00:00,PRD_FND,4.0,0.0,18.2,0.0,530,Fundos,FD00373,C00530,2025-10-20,2025T4,Varejo,Fundos,App,6-24 meses,10,Assessoria ajudou na decisao,530.0,04-07-2026,Carteira Adm,9,acesso app,Telefone,Resolvido,Assessoria ajudou na decisao,Carteira Administrada
530.0,2025-10-12 00:00:00,PRD_FND,4.0,0.0,18.2,0.0,530,Fundos,FD00488,C00530,2026-03-13,2026T1,Varejo,Carteira Administrada,App,6-24 meses,6,Demora para resolver meu problema,530.0,04-07-2026,Carteira Adm,9,acesso app,Telefone,Resolvido,Assessoria ajudou na decisao,Carteira Administrada
530.0,2025-10-12 00:00:00,PRD_FND,4.0,0.0,18.2,0.0,530,Fundos,FD00615,C00530,2026-03-21,2026T1,Varejo,Fundos,App,5+ anos,8,Demorou um pouco para encontrar informacoes,530.0,04-07-2026,Carteira Adm,9,acesso app,Telefone,Resolvido,Assessoria ajudou na decisao,Carteira Administrada
530.0,2025-10-12 00:00:00,PRD_FND,4.0,0.0,18.2,0.0,530,Fundos,FD00756,C00530,2026-04-05,2026T2,Varejo,Carteira Administrada,Internet Banking,0-6 meses,9,,530.0,04-07-2026,Carteira Adm,9,acesso app,Telefone,Resolvido,Assessoria ajudou na decisao,Carteira Administrada
530.0,2025-10-12 00:00:00,PRD_FND,4.0,0.0,18.2,0.0,530,Fundos,FD00907,C00530,2026-06-04,2026T2,Varejo,CDB,App,0-6 meses,9,Boa experiencia no aplicativo,530.0,04-07-2026,Carteira Adm,9,acesso app,Telefone,Resolvido,Assessoria ajudou na decisao,Carteira Administrada
530.0,2025-10-12 00:00:00,PRD_FND,4.0,0.0,18.2,0.0,530,Fundos,FD00373,C00530,2025-10-20,2025T4,Varejo,Fundos,App,6-24 meses,10,Assessoria ajudou na decisao,530.0,04-07-2026,Carteira Adm,9,acesso app,Telefone,Resolvido,Assessoria ajudou na decisao,Carteira Administrada
530.0,2026-03-05 00:00:00,PRD_CAR,8.0,1.0,67.8,0.0,530,Carteira Administrada,FD00373,C00530,2025-10-20,2025T4,Varejo,Fundos,App,6-24 meses,10,Assessoria ajudou na decisao,530.0,04-07-2026,Carteira Adm,9,acesso app,Telefone,Resolvido,Assessoria ajudou na decisao,Carteira Administrada
530.0,2026-03-05 00:00:00,PRD_CAR,8.0,1.0,67.8,0.0,530,Carteira Administrada,FD00488,C00530,2026-03-13,2026T1,Varejo,Carteira Administrada,App,6-24 meses,6,Demora para resolver meu problema,530.0,04-07-2026,Carteira Adm,9,acesso app,Telefone,Resolvido,Assessoria ajudou na decisao,Carteira Administrada
530.0,2026-03-05 00:00:00,PRD_CAR,8.0,1.0,67.8,0.0,530,Carteira Administrada,FD00615,C00530,2026-03-21,2026T1,Varejo,Fundos,App,5+ anos,8,Demorou um pouco para encontrar informacoes,530.0,04-07-2026,Carteira Adm,9,acesso app,Telefone,Resolvido,Assessoria ajudou na decisao,Carteira Administrada
530.0,2026-03-05 00:00:00,PRD_CAR,8.0,1.0,67.8,0.0,530,Carteira Administrada,FD00756,C00530,2026-04-05,2026T2,Varejo,Carteira Administrada,Internet Banking,0-6 meses,9,,530.0,04-07-2026,Carteira Adm,9,acesso app,Telefone,Resolvido,Assessoria ajudou na decisao,Carteira Administrada
530.0,2026-03-05 00:00:00,PRD_CAR,8.0,1.0,67.8,0.0,530,Carteira Administrada,FD00907,C00530,2026-06-04,2026T2,Varejo,CDB,App,0-6 meses,9,Boa experiencia no aplicativo,530.0,04-07-2026,Carteira Adm,9,acesso app,Telefone,Resolvido,Assessoria ajudou na decisao,Carteira Administrada
530.0,2026-03-05 00:00:00,PRD_CAR,8.0,1.0,67.8,0.0,530,Carteira Administrada,FD00373,C00530,2025-10-20,2025T4,Varejo,Fundos,App,6-24 meses,10,Assessoria ajudou na decisao,530.0,04-07-2026,Carteira Adm,9,acesso app,Telefone,Resolvido,Assessoria ajudou na decisao,Carteira Administrada
530.0,2026-03-30 00:00:00,PRD_CAR,7.0,0.0,64.8,1.0,530,Carteira Administrada,FD00373,C00530,2025-10-20,2025T4,Varejo,Fundos,App,6-24 meses,10,Assessoria ajudou na decisao,530.0,04-07-2026,Carteira Adm,9,acesso app,Telefone,Resolvido,Assessoria ajudou na decisao,Carteira Administrada
530.0,2026-03-30 00:00:00,PRD_CAR,7.0,0.0,64.8,1.0,530,Carteira Administrada,FD00488,C00530,2026-03-13,2026T1,Varejo,Carteira Administrada,App,6-24 meses,6,Demora para resolver meu problema,530.0,04-07-2026,Carteira Adm,9,acesso app,Telefone,Resolvido,Assessoria ajudou na decisao,Carteira Administrada
530.0,2026-03-30 00:00:00,PRD_CAR,7.0,0.0,64.8,1.0,530,Carteira Administrada,FD00615,C00530,2026-03-21,2026T1,Varejo,Fundos,App,5+ anos,8,Demorou um pouco para encontrar informacoes,530.0,04-07-2026,Carteira Adm,9,acesso app,Telefone,Resolvido,Assessoria ajudou na decisao,Carteira Administrada
530.0,2026-03-30 00:00:00,PRD_CAR,7.0,0.0,64.8,1.0,530,Carteira Administrada,FD00756,C00530,2026-04-05,2026T2,Varejo,Carteira Administrada,Internet Banking,0-6 meses,9,,530.0,04-07-2026,Carteira Adm,9,acesso app,Telefone,Resolvido,Assessoria ajudou na decisao,Carteira Administrada
530.0,2026-03-30 00:00:00,PRD_CAR,7.0,0.0,64.8,1.0,530,Carteira Administrada,FD00907,C00530,2026-06-04,2026T2,Varejo,CDB,App,0-6 meses,9,Boa experiencia no aplicativo,530.0,04-07-2026,Carteira Adm,9,acesso app,Telefone,Resolvido,Assessoria ajudou na decisao,Carteira Administrada
530.0,2026-03-30 00:00:00,PRD_CAR,7.0,0.0,64.8,1.0,530,Carteira Administrada,FD00373,C00530,2025-10-20,2025T4,Varejo,Fundos,App,6-24 meses,10,Assessoria ajudou na decisao,530.0,04-07-2026,Carteira Adm,9,acesso app,Telefone,Resolvido,Assessoria ajudou na decisao,Carteira Administrada
531.0,2026-05-17 00:00:00,PRD_TES,7.0,0.0,31.0,0.0,531,Tesouro Direto,FD01000,C00531,2026-05-25,2026T2,Varejo,Tesouro Direto,Assessoria,0-6 meses,9,Boa experiencia no aplicativo,,,,,,,,,
532.0,2026-03-01 00:00:00,PRD_TES,10.0,0.0,16.7,0.0,532,Tesouro Direto,FD00151,C00532,2025-07-09,2025T3,Novo Investidor,Fundos,Assessoria,2-5 anos,3,Aplicativo travou durante consulta,,,,,,,,,
532.0,2026-03-01 00:00:00,PRD_TES,10.0,0.0,16.7,0.0,532,Tesouro Direto,FD00545,C00532,2026-03-07,2026T1,Novo Investidor,Tesouro Direto,App,2-5 anos,9,Boa experiencia no aplicativo,,,,,,,,,
532.0,2026-03-01 00:00:00,PRD_TES,10.0,0.0,16.7,0.0,532,Tesouro Direto,FD00803,C00532,2026-05-29,2026T2,Novo Investidor,Carteira Administrada,App,2-5 anos,9,Boa experiencia no aplicativo,,,,,,,,,
532.0,2025-07-11 00:00:00,PRD_FND,3.0,0.0,23.8,0.0,532,Fundos,FD00151,C00532,2025-07-09,2025T3,Novo Investidor,Fundos,Assessoria,2-5 anos,3,Aplicativo travou durante consulta,,,,,,,,,
532.0,2025-07-11 00:00:00,PRD_FND,3.0,0.0,23.8,0.0,532,Fundos,FD00545,C00532,2026-03-07,2026T1,Novo Investidor,Tesouro Direto,App,2-5 anos,9,Boa experiencia no aplicativo,,,,,,,,,
532.0,2025-07-11 00:00:00,PRD_FND,3.0,0.0,23.8,0.0,532,Fundos,FD00803,C00532,2026-05-29,2026T2,Novo Investidor,Carteira Administrada,App,2-5 anos,9,Boa experiencia no aplicativo,,,,,,,,,
532.0,2026-05-19 00:00:00,PRD_CAR,6.0,1.0,102.1,0.0,532,Carteira Administrada,FD00151,C00532,2025-07-09,2025T3,Novo Investidor,Fundos,Assessoria,2-5 anos,3,Aplicativo travou durante consulta,,,,,,,,,
532.0,2026-05-19 00:00:00,PRD_CAR,6.0,1.0,102.1,0.0,532,Carteira Administrada,FD00545,C00532,2026-03-07,2026T1,Novo Investidor,Tesouro Direto,App,2-5 anos,9,Boa experiencia no aplicativo,,,,,,,,,
532.0,2026-05-19 00:00:00,PRD_CAR,6.0,1.0,102.1,0.0,532,Carteira Administrada,FD00803,C00532,2026-05-29,2026T2,Novo Investidor,Carteira Administrada,App,2-5 anos,9,Boa experiencia no aplicativo,,,,,,,,,
533.0,2025-09-12 00:00:00,PRD_CDB,4.0,0.0,32.5,0.0,533,CDB,FD00100,C00533,2025-09-13,2025T3,Novo Investidor,CDB,Assessoria,6-24 meses,10,Boa experiencia no aplicativo,,,,,,,,,
534.0,2025-08-19 00:00:00,PRD_CDB,5.0,0.0,21.6,0.0,534,CDB,FD00154,C00534,2025-07-21,2025T3,Alta Renda,CDB,App,0-6 meses,7,Aplicativo poderia explicar melhor,,,,,,,,,
534.0,2025-08-19 00:00:00,PRD_CDB,5.0,0.0,21.6,0.0,534,CDB,FD00162,C00534,2025-08-24,2025T3,Alta Renda,CDB,Central de Atendimento,2-5 anos,10,Atendimento claro e rapido,,,,,,,,,
534.0,2025-08-19 00:00:00,PRD_CDB,5.0,0.0,21.6,0.0,534,CDB,FD00311,C00534,2025-11-13,2025T4,Alta Renda,CDB,App,2-5 anos,10,Atendimento claro e rapido,,,,,,,,,
534.0,2025-07-23 00:00:00,PRD_CDB,10.0,0.0,12.9,0.0,534,CDB,FD00154,C00534,2025-07-21,2025T3,Alta Renda,CDB,App,0-6 meses,7,Aplicativo poderia explicar melhor,,,,,,,,,
534.0,2025-07-23 00:00:00,PRD_CDB,10.0,0.0,12.9,0.0,534,CDB,FD00162,C00534,2025-08-24,2025T3,Alta Renda,CDB,Central de Atendimento,2-5 anos,10,Atendimento claro e rapido,,,,,,,,,
534.0,2025-07-23 00:00:00,PRD_CDB,10.0,0.0,12.9,0.0,534,CDB,FD00311,C00534,2025-11-13,2025T4,Alta Renda,CDB,App,2-5 anos,10,Atendimento claro e rapido,,,,,,,,,
534.0,2025-11-06 00:00:00,PRD_CDB,13.0,0.0,10.7,0.0,534,CDB,FD00154,C00534,2025-07-21,2025T3,Alta Renda,CDB,App,0-6 meses,7,Aplicativo poderia explicar melhor,,,,,,,,,
534.0,2025-11-06 00:00:00,PRD_CDB,13.0,0.0,10.7,0.0,534,CDB,FD00162,C00534,2025-08-24,2025T3,Alta Renda,CDB,Central de Atendimento,2-5 anos,10,Atendimento claro e rapido,,,,,,,,,
534.0,2025-11-06 00:00:00,PRD_CDB,13.0,0.0,10.7,0.0,534,CDB,FD00311,C00534,2025-11-13,2025T4,Alta Renda,CDB,App,2-5 anos,10,Atendimento claro e rapido,,,,,,,,,
535.0,2026-06-19 00:00:00,PRD_FND,8.0,0.0,28.0,0.0,535,Fundos,FD00171,C00535,2025-07-14,2025T3,Varejo,Carteira Administrada,App,0-6 meses,6,Aplicativo travou durante consulta,535.0,06-23-2026,fundos de investimento,9,resgate,Telefone,Resolvido,Informacoes estavam faceis de encontrar,Fundos
535.0,2026-06-19 00:00:00,PRD_FND,8.0,0.0,28.0,0.0,535,Fundos,FD00761,C00535,2026-06-25,2026T2,Varejo,Fundos,App,5+ anos,9,Atendimento claro e rapido,535.0,06-23-2026,fundos de investimento,9,resgate,Telefone,Resolvido,Informacoes estavam faceis de encontrar,Fundos
535.0,2025-07-12 00:00:00,PRD_CAR,14.0,0.0,31.1,0.0,535,Carteira Administrada,FD00171,C00535,2025-07-14,2025T3,Varejo,Carteira Administrada,App,0-6 meses,6,Aplicativo travou durante consulta,535.0,06-23-2026,fundos de investimento,9,resgate,Telefone,Resolvido,Informacoes estavam faceis de encontrar,Fundos
535.0,2025-07-12 00:00:00,PRD_CAR,14.0,0.0,31.1,0.0,535,Carteira Administrada,FD00761,C00535,2026-06-25,2026T2,Varejo,Fundos,App,5+ anos,9,Atendimento claro e rapido,535.0,06-23-2026,fundos de investimento,9,resgate,Telefone,Resolvido,Informacoes estavam faceis de encontrar,Fundos
536.0,2025-10-26 00:00:00,PRD_FND,5.0,0.0,14.4,0.0,536,Fundos,FD00341,C00536,2025-11-05,2025T4,Novo Investidor,Fundos,Assessoria,6-24 meses,10,Atendimento claro e rapido,536.0,05/11/2025,Fundo,10,duvida rentabilidade,Chat,Pendente,Atendimento claro e rapido,Fundos
536.0,2025-10-26 00:00:00,PRD_FND,5.0,0.0,14.4,0.0,536,Fundos,FD00341,C00536,2025-11-05,2025T4,Novo Investidor,Fundos,Assessoria,6-24 meses,10,Atendimento claro e rapido,536.0,05/11/2025,Fundo,10,duvida rentabilidade,Chat,Pendente,Atendimento claro e rapido,Fundos
537.0,2025-07-19 00:00:00,PRD_FND,8.0,0.0,13.6,1.0,537,Fundos,FD00213,C00537,2025-07-10,2025T3,Varejo,Fundos,Central de Atendimento,6-24 meses,10,Boa experiencia no aplicativo,537.0,01-12-2026,Carteira Administrada,10,extrato,Telefone,Resolvido,"Atendimento resolveu, mas demorou",Carteira Administrada
537.0,2025-07-19 00:00:00,PRD_FND,8.0,0.0,13.6,1.0,537,Fundos,FD00213,C00537,2025-07-10,2025T3,Varejo,Fundos,Central de Atendimento,6-24 meses,10,Boa experiencia no aplicativo,537.0,20/02/2026,cdb,8,duvida rentabilidade,Telefone,Resolvido,Atendimento claro e rapido,CDB
537.0,2025-07-19 00:00:00,PRD_FND,8.0,0.0,13.6,1.0,537,Fundos,FD00213,C00537,2025-07-10,2025T3,Varejo,Fundos,Central de Atendimento,6-24 meses,10,Boa experiencia no aplicativo,537.0,01-12-2026,Carteira Administrada,10,extrato,Telefone,Resolvido,"Atendimento resolveu, mas demorou",Carteira Administrada
537.0,2025-07-19 00:00:00,PRD_FND,8.0,0.0,13.6,1.0,537,Fundos,FD00693,C00537,2026-01-09,2026T1,Varejo,Carteira Administrada,App,2-5 anos,9,Consegui acompanhar minha carteira,537.0,01-12-2026,Carteira Administrada,10,extrato,Telefone,Resolvido,"Atendimento resolveu, mas demorou",Carteira Administrada
537.0,2025-07-19 00:00:00,PRD_FND,8.0,0.0,13.6,1.0,537,Fundos,FD00693,C00537,2026-01-09,2026T1,Varejo,Carteira Administrada,App,2-5 anos,9,Consegui acompanhar minha carteira,537.0,20/02/2026,cdb,8,duvida rentabilidade,Telefone,Resolvido,Atendimento claro e rapido,CDB
537.0,2025-07-19 00:00:00,PRD_FND,8.0,0.0,13.6,1.0,537,Fundos,FD00693,C00537,2026-01-09,2026T1,Varejo,Carteira Administrada,App,2-5 anos,9,Consegui acompanhar minha carteira,537.0,01-12-2026,Carteira Administrada,10,extrato,Telefone,Resolvido,"Atendimento resolveu, mas demorou",Carteira Administrada
537.0,2025-07-19 00:00:00,PRD_FND,8.0,0.0,13.6,1.0,537,Fundos,FD00699,C00537,2026-02-19,2026T1,Varejo,CDB,Internet Banking,2-5 anos,9,Assessoria ajudou na decisao,537.0,01-12-2026,Carteira Administrada,10,extrato,Telefone,Resolvido,"Atendimento resolveu, mas demorou",Carteira Administrada
537.0,2025-07-19 00:00:00,PRD_FND,8.0,0.0,13.6,1.0,537,Fundos,FD00699,C00537,2026-02-19,2026T1,Varejo,CDB,Internet Banking,2-5 anos,9,Assessoria ajudou na decisao,537.0,20/02/2026,cdb,8,duvida rentabilidade,Telefone,Resolvido,Atendimento claro e rapido,CDB
537.0,2025-07-19 00:00:00,PRD_FND,8.0,0.0,13.6,1.0,537,Fundos,FD00699,C00537,2026-02-19,2026T1,Varejo,CDB,Internet Banking,2-5 anos,9,Assessoria ajudou na decisao,537.0,01-12-2026,Carteira Administrada,10,extrato,Telefone,Resolvido,"Atendimento resolveu, mas demorou",Carteira Administrada
537.0,2025-12-30 00:00:00,PRD_CAR,12.0,1.0,51.7,0.0,537,Carteira Administrada,FD00213,C00537,2025-07-10,2025T3,Varejo,Fundos,Central de Atendimento,6-24 meses,10,Boa experiencia no aplicativo,537.0,01-12-2026,Carteira Administrada,10,extrato,Telefone,Resolvido,"Atendimento resolveu, mas demorou",Carteira Administrada
537.0,2025-12-30 00:00:00,PRD_CAR,12.0,1.0,51.7,0.0,537,Carteira Administrada,FD00213,C00537,2025-07-10,2025T3,Varejo,Fundos,Central de Atendimento,6-24 meses,10,Boa experiencia no aplicativo,537.0,20/02/2026,cdb,8,duvida rentabilidade,Telefone,Resolvido,Atendimento claro e rapido,CDB
537.0,2025-12-30 00:00:00,PRD_CAR,12.0,1.0,51.7,0.0,537,Carteira Administrada,FD00213,C00537,2025-07-10,2025T3,Varejo,Fundos,Central de Atendimento,6-24 meses,10,Boa experiencia no aplicativo,537.0,01-12-2026,Carteira Administrada,10,extrato,Telefone,Resolvido,"Atendimento resolveu, mas demorou",Carteira Administrada
537.0,2025-12-30 00:00:00,PRD_CAR,12.0,1.0,51.7,0.0,537,Carteira Administrada,FD00693,C00537,2026-01-09,2026T1,Varejo,Carteira Administrada,App,2-5 anos,9,Consegui acompanhar minha carteira,537.0,01-12-2026,Carteira Administrada,10,extrato,Telefone,Resolvido,"Atendimento resolveu, mas demorou",Carteira Administrada
537.0,2025-12-30 00:00:00,PRD_CAR,12.0,1.0,51.7,0.0,537,Carteira Administrada,FD00693,C00537,2026-01-09,2026T1,Varejo,Carteira Administrada,App,2-5 anos,9,Consegui acompanhar minha carteira,537.0,20/02/2026,cdb,8,duvida rentabilidade,Telefone,Resolvido,Atendimento claro e rapido,CDB
537.0,2025-12-30 00:00:00,PRD_CAR,12.0,1.0,51.7,0.0,537,Carteira Administrada,FD00693,C00537,2026-01-09,2026T1,Varejo,Carteira Administrada,App,2-5 anos,9,Consegui acompanhar minha carteira,537.0,01-12-2026,Carteira Administrada,10,extrato,Telefone,Resolvido,"Atendimento resolveu, mas demorou",Carteira Administrada
537.0,2025-12-30 00:00:00,PRD_CAR,12.0,1.0,51.7,0.0,537,Carteira Administrada,FD00699,C00537,2026-02-19,2026T1,Varejo,CDB,Internet Banking,2-5 anos,9,Assessoria ajudou na decisao,537.0,01-12-2026,Carteira Administrada,10,extrato,Telefone,Resolvido,"Atendimento resolveu, mas demorou",Carteira Administrada
537.0,2025-12-30 00:00:00,PRD_CAR,12.0,1.0,51.7,0.0,537,Carteira Administrada,FD00699,C00537,2026-02-19,2026T1,Varejo,CDB,Internet Banking,2-5 anos,9,Assessoria ajudou na decisao,537.0,20/02/2026,cdb,8,duvida rentabilidade,Telefone,Resolvido,Atendimento claro e rapido,CDB
537.0,2025-12-30 00:00:00,PRD_CAR,12.0,1.0,51.7,0.0,537,Carteira Administrada,FD00699,C00537,2026-02-19,2026T1,Varejo,CDB,Internet Banking,2-5 anos,9,Assessoria ajudou na decisao,537.0,01-12-2026,Carteira Administrada,10,extrato,Telefone,Resolvido,"Atendimento resolveu, mas demorou",Carteira Administrada
537.0,2026-02-21 00:00:00,PRD_CDB,3.0,0.0,19.8,0.0,537,CDB,FD00213,C00537,2025-07-10,2025T3,Varejo,Fundos,Central de Atendimento,6-24 meses,10,Boa experiencia no aplicativo,537.0,01-12-2026,Carteira Administrada,10,extrato,Telefone,Resolvido,"Atendimento resolveu, mas demorou",Carteira Administrada
537.0,2026-02-21 00:00:00,PRD_CDB,3.0,0.0,19.8,0.0,537,CDB,FD00213,C00537,2025-07-10,2025T3,Varejo,Fundos,Central de Atendimento,6-24 meses,10,Boa experiencia no aplicativo,537.0,20/02/2026,cdb,8,duvida rentabilidade,Telefone,Resolvido,Atendimento claro e rapido,CDB
537.0,2026-02-21 00:00:00,PRD_CDB,3.0,0.0,19.8,0.0,537,CDB,FD00213,C00537,2025-07-10,2025T3,Varejo,Fundos,Central de Atendimento,6-24 meses,10,Boa experiencia no aplicativo,537.0,01-12-2026,Carteira Administrada,10,extrato,Telefone,Resolvido,"Atendimento resolveu, mas demorou",Carteira Administrada
537.0,2026-02-21 00:00:00,PRD_CDB,3.0,0.0,19.8,0.0,537,CDB,FD00693,C00537,2026-01-09,2026T1,Varejo,Carteira Administrada,App,2-5 anos,9,Consegui acompanhar minha carteira,537.0,01-12-2026,Carteira Administrada,10,extrato,Telefone,Resolvido,"Atendimento resolveu, mas demorou",Carteira Administrada
537.0,2026-02-21 00:00:00,PRD_CDB,3.0,0.0,19.8,0.0,537,CDB,FD00693,C00537,2026-01-09,2026T1,Varejo,Carteira Administrada,App,2-5 anos,9,Consegui acompanhar minha carteira,537.0,20/02/2026,cdb,8,duvida rentabilidade,Telefone,Resolvido,Atendimento claro e rapido,CDB
537.0,2026-02-21 00:00:00,PRD_CDB,3.0,0.0,19.8,0.0,537,CDB,FD00693,C00537,2026-01-09,2026T1,Varejo,Carteira Administrada,App,2-5 anos,9,Consegui acompanhar minha carteira,537.0,01-12-2026,Carteira Administrada,10,extrato,Telefone,Resolvido,"Atendimento resolveu, mas demorou",Carteira Administrada
537.0,2026-02-21 00:00:00,PRD_CDB,3.0,0.0,19.8,0.0,537,CDB,FD00699,C00537,2026-02-19,2026T1,Varejo,CDB,Internet Banking,2-5 anos,9,Assessoria ajudou na decisao,537.0,01-12-2026,Carteira Administrada,10,extrato,Telefone,Resolvido,"Atendimento resolveu, mas demorou",Carteira Administrada
537.0,2026-02-21 00:00:00,PRD_CDB,3.0,0.0,19.8,0.0,537,CDB,FD00699,C00537,2026-02-19,2026T1,Varejo,CDB,Internet Banking,2-5 anos,9,Assessoria ajudou na decisao,537.0,20/02/2026,cdb,8,duvida rentabilidade,Telefone,Resolvido,Atendimento claro e rapido,CDB
537.0,2026-02-21 00:00:00,PRD_CDB,3.0,0.0,19.8,0.0,537,CDB,FD00699,C00537,2026-02-19,2026T1,Varejo,CDB,Internet Banking,2-5 anos,9,Assessoria ajudou na decisao,537.0,01-12-2026,Carteira Administrada,10,extrato,Telefone,Resolvido,"Atendimento resolveu, mas demorou",Carteira Administrada
538.0,2026-05-28 00:00:00,PRD_TES,8.0,0.0,34.2,1.0,538,Tesouro Direto,FD00738,C00538,2026-05-25,2026T2,Private,Tesouro Direto,App,5+ anos,10,Assessoria ajudou na decisao,,,,,,,,,
539.0,2025-12-09 00:00:00,PRD_COE,3.0,1.0,40.6,0.0,539,COE,FD00360,C00539,2025-12-04,2025T4,Alta Renda,COE,Internet Banking,2-5 anos,10,Informacoes estavam faceis de encontrar,,,,,,,,,
540.0,2025-12-08 00:00:00,PRD_TES,6.0,0.0,1.0,0.0,540,Tesouro Direto,FD00453,C00540,2025-12-15,2025T4,Private,Tesouro Direto,App,2-5 anos,10,Informacoes estavam faceis de encontrar,,,,,,,,,
540.0,2025-12-08 00:00:00,PRD_TES,6.0,0.0,1.0,0.0,540,Tesouro Direto,FD00455,C00540,2025-11-07,2025T4,Private,Tesouro Direto,App,5+ anos,10,Atendimento claro e rapido,,,,,,,,,
540.0,2025-11-04 00:00:00,PRD_TES,12.0,1.0,34.5,0.0,540,Tesouro Direto,FD00453,C00540,2025-12-15,2025T4,Private,Tesouro Direto,App,2-5 anos,10,Informacoes estavam faceis de encontrar,,,,,,,,,
540.0,2025-11-04 00:00:00,PRD_TES,12.0,1.0,34.5,0.0,540,Tesouro Direto,FD00455,C00540,2025-11-07,2025T4,Private,Tesouro Direto,App,5+ anos,10,Atendimento claro e rapido,,,,,,,,,
541.0,2026-01-23 00:00:00,PRD_CDB,7.0,0.0,22.4,0.0,541,CDB,FD00653,C00541,2026-01-24,2026T1,Novo Investidor,CDB,Assessoria,0-6 meses,10,Boa experiencia no aplicativo,541.0,23/01/2026,CDB,9,resgate,Chat,Reaberto,Nao consegui falar com assessor,CDB
541.0,2026-01-23 00:00:00,PRD_CDB,7.0,0.0,22.4,0.0,541,CDB,FD00801,C00541,2026-06-10,2026T2,Novo Investidor,Fundos,Internet Banking,0-6 meses,9,Boa experiencia no aplicativo,541.0,23/01/2026,CDB,9,resgate,Chat,Reaberto,Nao consegui falar com assessor,CDB
541.0,2026-01-23 00:00:00,PRD_CDB,7.0,0.0,22.4,0.0,541,CDB,FD00934,C00541,2026-06-23,2026T2,Novo Investidor,Carteira Administrada,Internet Banking,6-24 meses,9,Assessoria ajudou na decisao,541.0,23/01/2026,CDB,9,resgate,Chat,Reaberto,Nao consegui falar com assessor,CDB
541.0,2026-06-09 00:00:00,PRD_FND,2.0,0.0,22.8,1.0,541,Fundos,FD00653,C00541,2026-01-24,2026T1,Novo Investidor,CDB,Assessoria,0-6 meses,10,Boa experiencia no aplicativo,541.0,23/01/2026,CDB,9,resgate,Chat,Reaberto,Nao consegui falar com assessor,CDB
541.0,2026-06-09 00:00:00,PRD_FND,2.0,0.0,22.8,1.0,541,Fundos,FD00801,C00541,2026-06-10,2026T2,Novo Investidor,Fundos,Internet Banking,0-6 meses,9,Boa experiencia no aplicativo,541.0,23/01/2026,CDB,9,resgate,Chat,Reaberto,Nao consegui falar com assessor,CDB
541.0,2026-06-09 00:00:00,PRD_FND,2.0,0.0,22.8,1.0,541,Fundos,FD00934,C00541,2026-06-23,2026T2,Novo Investidor,Carteira Administrada,Internet Banking,6-24 meses,9,Assessoria ajudou na decisao,541.0,23/01/2026,CDB,9,resgate,Chat,Reaberto,Nao consegui falar com assessor,CDB
541.0,2026-07-03 00:00:00,PRD_CAR,6.0,0.0,76.5,1.0,541,Carteira Administrada,FD00653,C00541,2026-01-24,2026T1,Novo Investidor,CDB,Assessoria,0-6 meses,10,Boa experiencia no aplicativo,541.0,23/01/2026,CDB,9,resgate,Chat,Reaberto,Nao consegui falar com assessor,CDB
541.0,2026-07-03 00:00:00,PRD_CAR,6.0,0.0,76.5,1.0,541,Carteira Administrada,FD00801,C00541,2026-06-10,2026T2,Novo Investidor,Fundos,Internet Banking,0-6 meses,9,Boa experiencia no aplicativo,541.0,23/01/2026,CDB,9,resgate,Chat,Reaberto,Nao consegui falar com assessor,CDB
541.0,2026-07-03 00:00:00,PRD_CAR,6.0,0.0,76.5,1.0,541,Carteira Administrada,FD00934,C00541,2026-06-23,2026T2,Novo Investidor,Carteira Administrada,Internet Banking,6-24 meses,9,Assessoria ajudou na decisao,541.0,23/01/2026,CDB,9,resgate,Chat,Reaberto,Nao consegui falar com assessor,CDB
542.0,2025-10-25 00:00:00,PRD_CDB,7.0,0.0,9.0,0.0,542,CDB,FD00378,C00542,2025-10-22,2025T4,Varejo,Tesouro Direto,App,5+ anos,10,Informacoes estavam faceis de encontrar,,,,,,,,,
542.0,2025-10-25 00:00:00,PRD_CDB,7.0,0.0,9.0,0.0,542,CDB,FD00425,C00542,2025-10-28,2025T4,Varejo,CDB,App,6-24 meses,7,"Experiencia ok, mas poderia ser mais simples",,,,,,,,,
542.0,2025-10-31 00:00:00,PRD_TES,11.0,0.0,2.8,0.0,542,Tesouro Direto,FD00378,C00542,2025-10-22,2025T4,Varejo,Tesouro Direto,App,5+ anos,10,Informacoes estavam faceis de encontrar,,,,,,,,,
542.0,2025-10-31 00:00:00,PRD_TES,11.0,0.0,2.8,0.0,542,Tesouro Direto,FD00425,C00542,2025-10-28,2025T4,Varejo,CDB,App,6-24 meses,7,"Experiencia ok, mas poderia ser mais simples",,,,,,,,,
543.0,2026-02-14 00:00:00,PRD_TES,9.0,0.0,20.7,1.0,543,Tesouro Direto,FD00502,C00543,2026-02-12,2026T1,Private,Tesouro Direto,App,5+ anos,9,Assessoria ajudou na decisao,,,,,,,,,
543.0,2026-02-14 00:00:00,PRD_TES,9.0,0.0,20.7,1.0,543,Tesouro Direto,FD00780,C00543,2026-06-08,2026T2,Private,Fundos,App,5+ anos,10,Informacoes estavam faceis de encontrar,,,,,,,,,
544.0,2025-12-25 00:00:00,PRD_FND,10.0,0.0,18.7,0.0,544,Fundos,FD00271,C00544,2025-12-21,2025T4,Varejo,Fundos,App,0-6 meses,9,Informacoes estavam faceis de encontrar,,,,,,,,,
545.0,2025-09-28 00:00:00,PRD_COE,9.0,1.0,20.9,0.0,545,COE,FD00036,C00545,2025-09-28,2025T3,Varejo,COE,App,5+ anos,9,Consegui acompanhar minha carteira,545.0,09-Aug-25,cdb,7,resgate,Chat,Pendente,Demorou um pouco para encontrar informacoes,CDB
545.0,2025-09-28 00:00:00,PRD_COE,9.0,1.0,20.9,0.0,545,COE,FD00093,C00545,2025-08-08,2025T3,Varejo,CDB,Assessoria,6-24 meses,7,Demorou um pouco para encontrar informacoes,545.0,09-Aug-25,cdb,7,resgate,Chat,Pendente,Demorou um pouco para encontrar informacoes,CDB
545.0,2025-09-28 00:00:00,PRD_COE,9.0,1.0,20.9,0.0,545,COE,FD00732,C00545,2026-05-20,2026T2,Varejo,Carteira Administrada,App,6-24 meses,0,Informacoes divergentes sobre o produto,545.0,09-Aug-25,cdb,7,resgate,Chat,Pendente,Demorou um pouco para encontrar informacoes,CDB
545.0,2025-08-02 00:00:00,PRD_CDB,6.0,0.0,9.8,0.0,545,CDB,FD00036,C00545,2025-09-28,2025T3,Varejo,COE,App,5+ anos,9,Consegui acompanhar minha carteira,545.0,09-Aug-25,cdb,7,resgate,Chat,Pendente,Demorou um pouco para encontrar informacoes,CDB
545.0,2025-08-02 00:00:00,PRD_CDB,6.0,0.0,9.8,0.0,545,CDB,FD00093,C00545,2025-08-08,2025T3,Varejo,CDB,Assessoria,6-24 meses,7,Demorou um pouco para encontrar informacoes,545.0,09-Aug-25,cdb,7,resgate,Chat,Pendente,Demorou um pouco para encontrar informacoes,CDB
545.0,2025-08-02 00:00:00,PRD_CDB,6.0,0.0,9.8,0.0,545,CDB,FD00732,C00545,2026-05-20,2026T2,Varejo,Carteira Administrada,App,6-24 meses,0,Informacoes divergentes sobre o produto,545.0,09-Aug-25,cdb,7,resgate,Chat,Pendente,Demorou um pouco para encontrar informacoes,CDB
545.0,2026-05-27 00:00:00,PRD_CAR,11.0,0.0,47.8,0.0,545,Carteira Administrada,FD00036,C00545,2025-09-28,2025T3,Varejo,COE,App,5+ anos,9,Consegui acompanhar minha carteira,545.0,09-Aug-25,cdb,7,resgate,Chat,Pendente,Demorou um pouco para encontrar informacoes,CDB
545.0,2026-05-27 00:00:00,PRD_CAR,11.0,0.0,47.8,0.0,545,Carteira Administrada,FD00093,C00545,2025-08-08,2025T3,Varejo,CDB,Assessoria,6-24 meses,7,Demorou um pouco para encontrar informacoes,545.0,09-Aug-25,cdb,7,resgate,Chat,Pendente,Demorou um pouco para encontrar informacoes,CDB
545.0,2026-05-27 00:00:00,PRD_CAR,11.0,0.0,47.8,0.0,545,Carteira Administrada,FD00732,C00545,2026-05-20,2026T2,Varejo,Carteira Administrada,App,6-24 meses,0,Informacoes divergentes sobre o produto,545.0,09-Aug-25,cdb,7,resgate,Chat,Pendente,Demorou um pouco para encontrar informacoes,CDB
546.0,2026-04-10 00:00:00,PRD_FND,12.0,0.0,36.6,0.0,546,Fundos,FD00782,C00546,2026-05-19,2026T2,Alta Renda,Carteira Administrada,Internet Banking,5+ anos,10,Boa experiencia no aplicativo,,,,,,,,,
546.0,2026-04-10 00:00:00,PRD_FND,12.0,0.0,36.6,0.0,546,Fundos,FD00943,C00546,2026-04-17,2026T2,Alta Renda,Fundos,App,2-5 anos,10,Boa experiencia no aplicativo,,,,,,,,,
546.0,2026-05-12 00:00:00,PRD_CAR,4.0,2.0,115.5,0.0,546,Carteira Administrada,FD00782,C00546,2026-05-19,2026T2,Alta Renda,Carteira Administrada,Internet Banking,5+ anos,10,Boa experiencia no aplicativo,,,,,,,,,
546.0,2026-05-12 00:00:00,PRD_CAR,4.0,2.0,115.5,0.0,546,Carteira Administrada,FD00943,C00546,2026-04-17,2026T2,Alta Renda,Fundos,App,2-5 anos,10,Boa experiencia no aplicativo,,,,,,,,,
547.0,2025-10-20 00:00:00,PRD_CDB,12.0,0.0,13.5,0.0,547,CDB,FD00459,C00547,2025-10-22,2025T4,Private,CDB,App,2-5 anos,10,,,,,,,,,,
549.0,2026-02-16 00:00:00,PRD_CDB,9.0,0.0,22.5,0.0,549,CDB,FD00560,C00549,2026-02-12,2026T1,Alta Renda,CDB,App,2-5 anos,10,Consegui acompanhar minha carteira,,,,,,,,,
550.0,2026-05-11 00:00:00,PRD_FND,4.0,0.0,11.4,0.0,550,Fundos,FD00718,C00550,2026-05-12,2026T2,Varejo,Fundos,Central de Atendimento,5+ anos,10,Informacoes estavam faceis de encontrar,,,,,,,,,
550.0,2026-05-11 00:00:00,PRD_FND,4.0,0.0,11.4,0.0,550,Fundos,FD00799,C00550,2026-06-27,2026T2,Varejo,Fundos,Central de Atendimento,2-5 anos,7,"Atendimento resolveu, mas demorou",,,,,,,,,
550.0,2026-06-26 00:00:00,PRD_FND,3.0,0.0,24.5,0.0,550,Fundos,FD00718,C00550,2026-05-12,2026T2,Varejo,Fundos,Central de Atendimento,5+ anos,10,Informacoes estavam faceis de encontrar,,,,,,,,,
550.0,2026-06-26 00:00:00,PRD_FND,3.0,0.0,24.5,0.0,550,Fundos,FD00799,C00550,2026-06-27,2026T2,Varejo,Fundos,Central de Atendimento,2-5 anos,7,"Atendimento resolveu, mas demorou",,,,,,,,,
